# Blender 5.0.0
# www.blender.org
mtllib Background2.mtl
o Untitled
v -50.001087 -30.614576 -1.834749
v -50.001087 -30.614576 -2.834749
v -50.001087 -30.614576 -3.834749
v -50.001087 26.385422 10.165246
v -50.001087 26.385422 -1.834754
v -50.001087 26.385422 -2.834754
v -50.001087 28.385420 10.165246
v -50.001087 28.385420 -2.834754
v -50.001087 31.385433 -2.834754
v -50.001087 31.385433 -3.834754
v -49.001087 25.385427 10.165246
v -49.001087 25.385427 -1.834754
v -49.001087 26.385422 10.165246
v -49.001087 26.385422 -1.834754
v -48.001087 24.385424 10.165246
v -48.001087 24.385424 -1.834753
v -48.001087 24.385424 -2.834754
v -48.001087 25.385427 10.165246
v -48.001087 25.385427 -2.834754
v -47.001083 -17.614574 -1.834750
v -47.001083 -17.614574 -2.834750
v -47.001083 -15.614576 -1.834750
v -47.001083 -15.614576 -2.834751
v -47.001083 -5.614576 -1.834751
v -47.001083 -5.614576 -2.834751
v -47.001083 -3.614578 -1.834751
v -47.001083 -3.614578 -2.834751
v -47.001083 3.385420 -1.834752
v -47.001083 3.385420 -2.834752
v -47.001083 5.385428 -1.834752
v -47.001083 5.385427 -2.834752
v -47.001083 9.385424 -1.834752
v -47.001083 9.385424 -2.834753
v -47.001083 11.385422 -1.834752
v -47.001083 11.385422 -2.834753
v -47.001083 18.385420 -1.834753
v -47.001083 18.385420 -2.834753
v -47.001083 20.385427 -1.834753
v -47.001083 20.385427 -2.834753
v -47.001083 23.385420 10.165246
v -47.001083 23.385420 -1.834753
v -47.001083 24.385424 10.165246
v -47.001083 24.385424 -1.834753
v -46.001083 -29.614573 -1.834749
v -46.001083 -29.614573 -2.834749
v -46.001083 -27.614574 -1.834749
v -46.001083 -27.614574 -2.834750
v -46.001083 -23.614578 -1.834750
v -46.001083 -23.614578 -2.834750
v -46.001083 -21.614580 -1.834750
v -46.001083 -21.614580 -2.834750
v -46.001083 -11.614580 -1.834751
v -46.001083 -11.614580 -2.834751
v -46.001083 -9.614573 -1.834751
v -46.001083 -9.614573 -2.834751
v -46.001083 0.385428 -1.834752
v -46.001083 0.385428 -2.834752
v -46.001083 2.385426 -1.834752
v -46.001083 2.385426 -2.834752
v -46.001083 12.385426 -1.834752
v -46.001083 12.385426 -2.834753
v -46.001083 14.385424 -1.834753
v -46.001083 14.385424 -2.834753
v -46.001083 20.385427 10.165246
v -46.001083 20.385427 -1.834753
v -46.001083 21.385422 -1.834753
v -46.001083 21.385422 -2.834753
v -46.001083 22.385426 10.165246
v -46.001083 22.385426 -2.834754
v -45.001087 -8.614578 -1.834751
v -45.001087 -8.614578 -2.834751
v -45.001087 -6.614580 -1.834751
v -45.001087 -6.614580 -2.834751
v -45.001087 6.385422 -1.834752
v -45.001087 6.385422 -2.834752
v -45.001087 8.385420 -1.834752
v -45.001087 8.385420 -2.834752
v -45.001087 15.385427 -1.834753
v -45.001087 15.385427 -2.834753
v -45.001087 17.385426 -1.834753
v -45.001087 17.385426 -2.834753
v -45.001087 18.385420 10.165246
v -45.001087 18.385420 -1.834753
v -45.001087 18.385420 -2.834753
v -45.001087 19.385424 10.165246
v -45.001087 19.385424 -2.834753
v -45.001087 20.385427 10.165246
v -45.001087 20.385427 -2.834753
v -45.001087 22.385426 10.165246
v -45.001087 22.385426 -2.834754
v -45.001087 23.385420 10.165246
v -45.001087 23.385420 -2.834754
v -44.001087 -20.614576 -1.834750
v -44.001087 -20.614576 -2.834750
v -44.001087 -18.614578 -1.834750
v -44.001087 -18.614578 -2.834750
v -44.001087 -14.614573 -1.834750
v -44.001087 -14.614573 -2.834751
v -44.001087 -12.614574 -1.834751
v -44.001087 -12.614574 -2.834751
v -44.001087 -2.614574 -1.834751
v -44.001087 -2.614574 -2.834752
v -44.001087 -0.614576 -1.834751
v -44.001087 -0.614576 -2.834752
v -44.001087 17.385426 9.165246
v -44.001087 17.385426 -1.834753
v -44.001087 18.385420 9.165246
v -44.001087 18.385420 -1.834753
v -43.001087 -26.614580 -1.834749
v -43.001087 -26.614580 -2.834750
v -43.001087 -24.614573 -1.834750
v -43.001087 -24.614573 -2.834750
v -43.001087 3.385420 -1.834752
v -43.001087 3.385420 -2.834752
v -43.001087 5.385428 -1.834752
v -43.001087 5.385427 -2.834752
v -43.001087 9.385424 -1.834752
v -43.001087 9.385424 -2.834753
v -43.001087 11.385422 -1.834752
v -43.001087 11.385422 -2.834753
v -43.001087 16.385422 8.165248
v -43.001087 16.385422 -2.834753
v -43.001087 17.385426 8.165248
v -43.001087 17.385426 -2.834753
v -42.001083 -29.614573 -1.834749
v -42.001083 -29.614573 -2.834749
v -42.001083 -27.614574 -1.834749
v -42.001083 -27.614574 -2.834750
v -42.001083 -17.614574 -1.834750
v -42.001083 -17.614574 -2.834750
v -42.001083 -15.614576 -1.834750
v -42.001083 -15.614576 -2.834751
v -42.001083 -11.614580 -1.834751
v -42.001083 -11.614580 -2.834751
v -42.001083 -9.614573 -1.834751
v -42.001083 -9.614573 -2.834751
v -42.001083 -5.614576 -1.834751
v -42.001083 -5.614576 -2.834751
v -42.001083 -3.614578 -1.834751
v -42.001083 -3.614578 -2.834751
v -42.001083 0.385428 -1.834752
v -42.001083 0.385428 -2.834752
v -42.001083 2.385426 -1.834752
v -42.001083 2.385426 -2.834752
v -42.001083 12.385426 -1.834752
v -42.001083 12.385426 -2.834753
v -42.001083 14.385424 -1.834753
v -42.001083 14.385424 -2.834753
v -42.001083 15.385427 7.165247
v -42.001083 15.385427 -1.834753
v -42.001083 15.385427 -2.834753
v -42.001083 16.385422 7.165247
v -42.001083 16.385422 -2.834753
v -42.001083 19.385424 10.165246
v -42.001083 19.385424 1.165247
v -42.001083 20.385427 10.165246
v -42.001083 20.385427 1.165247
v -42.001083 22.385426 10.165246
v -42.001083 22.385426 1.165246
v -42.001083 23.385420 10.165246
v -42.001083 23.385420 1.165246
v -41.001083 -8.614578 -1.834751
v -41.001083 -8.614578 -2.834751
v -41.001083 -6.614580 -1.834751
v -41.001083 -6.614580 -2.834751
v -41.001083 14.385424 6.165246
v -41.001083 14.385424 -1.834753
v -41.001083 15.385427 6.165246
v -41.001083 15.385427 -1.834753
v -41.001083 20.385427 10.165246
v -41.001083 20.385427 1.165247
v -41.001083 22.385426 10.165246
v -41.001083 22.385426 1.165246
v -40.001083 -30.614576 5.165251
v -40.001083 -30.614576 -1.834749
v -40.001083 -29.614573 -1.834749
v -40.001083 -29.614573 -2.834749
v -40.001083 -27.614574 -1.834749
v -40.001083 -27.614574 -2.834750
v -40.001083 -26.614580 -1.834749
v -40.001083 -26.614580 -2.834750
v -40.001083 -25.614576 5.165250
v -40.001083 -25.614576 4.165250
v -40.001083 -25.614576 -2.834750
v -40.001083 -24.614573 5.165250
v -40.001083 -24.614573 4.165250
v -40.001083 -24.614573 -1.834750
v -40.001083 -24.614573 -2.834750
v -40.001083 -23.614578 5.165250
v -40.001083 -23.614578 4.165250
v -40.001083 -23.614578 -1.834750
v -40.001083 -23.614578 -2.834750
v -40.001083 -22.614574 5.165250
v -40.001083 -22.614574 4.165250
v -40.001083 -22.614574 -2.834750
v -40.001083 -21.614580 5.165250
v -40.001083 -21.614580 4.165250
v -40.001083 -21.614580 -1.834750
v -40.001083 -21.614580 -2.834750
v -40.001083 -20.614576 5.165250
v -40.001083 -20.614576 4.165250
v -40.001083 -20.614576 -1.834750
v -40.001083 -20.614576 -2.834750
v -40.001083 -18.614578 -1.834750
v -40.001083 -18.614578 -2.834750
v -40.001083 -17.614574 -1.834750
v -40.001083 -17.614574 -2.834750
v -40.001083 -15.614576 5.165249
v -40.001083 -15.614576 4.165249
v -40.001083 -15.614576 -1.834750
v -40.001083 -15.614576 -2.834751
v -40.001083 -14.614573 5.165249
v -40.001083 -14.614573 4.165249
v -40.001083 -14.614573 -1.834750
v -40.001083 -14.614573 -2.834751
v -40.001083 -13.614578 5.165249
v -40.001083 -13.614578 4.165249
v -40.001083 -13.614578 -2.834751
v -40.001083 -12.614574 5.165249
v -40.001083 -12.614574 4.165249
v -40.001083 -12.614574 -1.834751
v -40.001083 -12.614574 -2.834751
v -40.001083 -11.614580 5.165249
v -40.001083 -11.614580 4.165249
v -40.001083 -11.614580 -1.834751
v -40.001083 -11.614580 -2.834751
v -40.001083 -10.614576 5.165249
v -40.001083 -10.614576 4.165249
v -40.001083 -10.614576 -2.834751
v -40.001083 -9.614573 -1.834751
v -40.001083 -9.614573 -2.834751
v -40.001083 -5.614575 5.165249
v -40.001083 -5.614576 4.165249
v -40.001083 -5.614576 -1.834751
v -40.001083 -5.614576 -2.834751
v -40.001083 -4.614572 5.165248
v -40.001083 -4.614572 4.165249
v -40.001083 -4.614573 -2.834751
v -40.001083 -3.614578 5.165248
v -40.001083 -3.614578 4.165249
v -40.001083 -3.614578 -1.834751
v -40.001083 -3.614578 -2.834751
v -40.001083 -2.614574 5.165248
v -40.001083 -2.614574 4.165248
v -40.001083 -2.614574 -1.834751
v -40.001083 -2.614574 -2.834752
v -40.001083 -1.614579 5.165248
v -40.001083 -1.614580 4.165248
v -40.001083 -1.614580 -2.834752
v -40.001083 -0.614576 5.165248
v -40.001083 -0.614576 4.165248
v -40.001083 -0.614576 -1.834751
v -40.001083 -0.614576 -2.834752
v -40.001083 0.385428 -1.834752
v -40.001083 0.385428 -2.834752
v -40.001083 2.385426 -1.834752
v -40.001083 2.385426 -2.834752
v -40.001083 3.385420 -1.834752
v -40.001083 3.385420 -2.834752
v -40.001083 4.385425 5.165248
v -40.001083 4.385425 4.165248
v -40.001083 4.385424 -2.834752
v -40.001083 5.385428 5.165248
v -40.001083 5.385428 4.165248
v -40.001083 5.385428 -1.834752
v -40.001083 5.385427 -2.834752
v -40.001083 6.385422 5.165248
v -40.001083 6.385422 4.165248
v -40.001083 6.385422 -1.834752
v -40.001083 6.385422 -2.834752
v -40.001083 7.385426 5.165248
v -40.001083 7.385426 4.165248
v -40.001083 7.385426 -2.834752
v -40.001083 8.385420 5.165247
v -40.001083 8.385420 4.165248
v -40.001083 8.385420 -1.834752
v -40.001083 8.385420 -2.834752
v -40.001083 9.385424 5.165247
v -40.001083 9.385424 4.165247
v -40.001083 9.385424 -1.834752
v -40.001083 9.385424 -2.834753
v -40.001083 11.385422 -1.834752
v -40.001083 11.385422 -2.834753
v -40.001083 12.385426 -1.834752
v -40.001083 12.385426 -2.834753
v -40.001083 14.385424 5.165247
v -40.001083 14.385424 -2.834753
v -38.001083 -25.614576 5.165250
v -38.001083 -25.614576 4.165250
v -38.001083 -24.614573 5.165250
v -38.001083 -24.614573 4.165250
v -38.001083 -23.614578 5.165250
v -38.001083 -23.614578 4.165250
v -38.001083 -22.614574 5.165250
v -38.001083 -22.614574 4.165250
v -38.001083 -21.614580 5.165250
v -38.001083 -21.614580 4.165250
v -38.001083 -20.614576 5.165250
v -38.001083 -20.614576 4.165250
v -38.001083 -15.614576 5.165249
v -38.001083 -15.614576 4.165249
v -38.001083 -14.614573 5.165249
v -38.001083 -14.614573 4.165249
v -38.001083 -13.614578 5.165249
v -38.001083 -13.614578 4.165249
v -38.001083 -12.614574 5.165249
v -38.001083 -12.614574 4.165249
v -38.001083 -11.614580 5.165249
v -38.001083 -11.614580 4.165249
v -38.001083 -10.614576 5.165249
v -38.001083 -10.614576 4.165249
v -38.001083 -5.614575 5.165249
v -38.001083 -5.614576 4.165249
v -38.001083 -4.614572 5.165248
v -38.001083 -4.614572 4.165249
v -38.001083 -3.614578 5.165248
v -38.001083 -3.614578 4.165249
v -38.001083 -2.614574 5.165248
v -38.001083 -2.614574 4.165248
v -38.001083 -1.614579 5.165248
v -38.001083 -1.614580 4.165248
v -38.001083 -0.614576 5.165248
v -38.001083 -0.614576 4.165248
v -38.001083 4.385425 5.165248
v -38.001083 4.385425 4.165248
v -38.001083 5.385428 5.165248
v -38.001083 5.385428 4.165248
v -38.001083 6.385422 5.165248
v -38.001083 6.385422 4.165248
v -38.001083 7.385426 5.165248
v -38.001083 7.385426 4.165248
v -38.001083 8.385420 5.165247
v -38.001083 8.385420 4.165248
v -38.001083 9.385424 5.165247
v -38.001083 9.385424 4.165247
v -37.001083 19.385424 10.165246
v -37.001083 19.385424 1.165247
v -37.001083 20.385427 10.165246
v -37.001083 20.385427 1.165247
v -37.001083 22.385426 10.165246
v -37.001083 22.385426 1.165246
v -37.001083 23.385420 10.165246
v -37.001083 23.385420 1.165246
v -36.001083 20.385427 10.165246
v -36.001083 20.385427 1.165247
v -36.001083 22.385426 10.165246
v -36.001083 22.385426 1.165246
v -33.001083 -25.614576 5.165250
v -33.001083 -25.614576 4.165250
v -33.001083 -24.614573 5.165250
v -33.001083 -24.614573 4.165250
v -33.001083 -23.614578 5.165250
v -33.001083 -23.614578 4.165250
v -33.001083 -22.614574 5.165250
v -33.001083 -22.614574 4.165250
v -33.001083 -21.614580 5.165250
v -33.001083 -21.614580 4.165250
v -33.001083 -20.614576 5.165250
v -33.001083 -20.614576 4.165250
v -33.001083 -15.614576 5.165249
v -33.001083 -15.614576 4.165249
v -33.001083 -14.614573 5.165249
v -33.001083 -14.614573 4.165249
v -33.001083 -13.614578 5.165249
v -33.001083 -13.614578 4.165249
v -33.001083 -12.614574 5.165249
v -33.001083 -12.614574 4.165249
v -33.001083 -11.614580 5.165249
v -33.001083 -11.614580 4.165249
v -33.001083 -10.614576 5.165249
v -33.001083 -10.614576 4.165249
v -33.001083 -5.614575 5.165249
v -33.001083 -5.614576 4.165249
v -33.001083 -4.614572 5.165248
v -33.001083 -4.614572 4.165249
v -33.001083 -3.614578 5.165248
v -33.001083 -3.614578 4.165249
v -33.001083 -2.614574 5.165248
v -33.001083 -2.614574 4.165248
v -33.001083 -1.614579 5.165248
v -33.001083 -1.614580 4.165248
v -33.001083 -0.614576 5.165248
v -33.001083 -0.614576 4.165248
v -33.001083 4.385425 5.165248
v -33.001083 4.385425 4.165248
v -33.001083 5.385428 5.165248
v -33.001083 5.385428 4.165248
v -33.001083 6.385422 5.165248
v -33.001083 6.385422 4.165248
v -33.001083 7.385426 5.165248
v -33.001083 7.385426 4.165248
v -33.001083 8.385420 5.165247
v -33.001083 8.385420 4.165248
v -33.001083 9.385424 5.165247
v -33.001083 9.385424 4.165247
v -31.001083 19.385424 10.165246
v -31.001083 19.385424 1.165247
v -31.001083 20.385427 10.165246
v -31.001083 20.385427 1.165247
v -31.001083 22.385426 10.165246
v -31.001083 22.385426 1.165246
v -31.001083 23.385420 10.165246
v -31.001083 23.385420 1.165246
v -30.001083 20.385427 10.165246
v -30.001083 20.385427 1.165247
v -30.001083 22.385426 10.165246
v -30.001083 22.385426 1.165246
v -29.001085 -26.614580 -1.834749
v -29.001085 -26.614580 -2.834750
v -29.001085 -24.614573 -1.834750
v -29.001085 -24.614573 -2.834750
v -29.001085 -20.614576 -1.834750
v -29.001085 -20.614576 -2.834750
v -29.001085 -18.614578 -1.834750
v -29.001085 -18.614578 -2.834750
v -29.001085 -14.614573 -1.834750
v -29.001085 -14.614573 -2.834751
v -29.001085 -12.614574 -1.834751
v -29.001085 -12.614574 -2.834751
v -29.001085 -2.614574 -1.834751
v -29.001085 -2.614574 -2.834752
v -29.001085 -0.614576 -1.834751
v -29.001085 -0.614576 -2.834752
v -27.001083 -29.614573 -1.834749
v -27.001083 -29.614573 -2.834749
v -27.001083 -27.614574 -1.834749
v -27.001083 -27.614574 -2.834750
v -27.001083 -23.614578 -1.834750
v -27.001083 -23.614578 -2.834750
v -27.001083 -21.614580 -1.834750
v -27.001083 -21.614580 -2.834750
v -27.001083 -17.614574 -1.834750
v -27.001083 -17.614574 -2.834750
v -27.001083 -15.614576 -1.834750
v -27.001083 -15.614576 -2.834751
v -27.001083 -8.614578 -1.834751
v -27.001083 -8.614578 -2.834751
v -27.001083 -6.614580 -1.834751
v -27.001083 -6.614580 -2.834751
v -27.001083 3.385420 -1.834752
v -27.001083 3.385420 -2.834752
v -27.001083 5.385428 -1.834752
v -27.001083 5.385427 -2.834752
v -27.001083 9.385424 -1.834752
v -27.001083 9.385424 -2.834753
v -27.001083 11.385422 -1.834752
v -27.001083 11.385422 -2.834753
v -26.001083 0.385428 -1.834752
v -26.001083 0.385428 -2.834752
v -26.001083 2.385426 -1.834752
v -26.001083 2.385426 -2.834752
v -26.001083 19.385424 10.165246
v -26.001083 19.385424 1.165247
v -26.001083 20.385427 10.165246
v -26.001083 20.385427 1.165247
v -26.001083 22.385426 10.165246
v -26.001083 22.385426 1.165246
v -26.001083 23.385420 10.165246
v -26.001083 23.385420 1.165246
v -25.001083 -11.614580 -1.834751
v -25.001083 -11.614580 -2.834751
v -25.001083 -9.614573 -1.834751
v -25.001083 -9.614573 -2.834751
v -25.001083 -5.614576 -1.834751
v -25.001083 -5.614576 -2.834751
v -25.001083 -3.614578 -1.834751
v -25.001083 -3.614578 -2.834751
v -25.001083 20.385427 10.165246
v -25.001083 20.385427 1.165247
v -25.001083 22.385426 10.165246
v -25.001083 22.385426 1.165246
v -24.001085 -26.614580 -1.834749
v -24.001085 -26.614580 -2.834750
v -24.001085 -24.614573 -1.834750
v -24.001085 -24.614573 -2.834750
v -24.001085 -20.614576 -1.834750
v -24.001085 -20.614576 -2.834750
v -24.001085 -18.614578 -1.834750
v -24.001085 -18.614578 -2.834750
v -24.001085 -14.614573 -1.834750
v -24.001085 -14.614573 -2.834751
v -24.001085 -12.614574 -1.834751
v -24.001085 -12.614574 -2.834751
v -24.001085 -2.614574 -1.834751
v -24.001085 -2.614574 -2.834752
v -24.001085 -0.614576 -1.834751
v -24.001085 -0.614576 -2.834752
v -24.001085 6.385422 -1.834752
v -24.001085 6.385422 -2.834752
v -24.001085 8.385420 -1.834752
v -24.001085 8.385420 -2.834752
v -24.001085 12.385426 -1.834752
v -24.001085 12.385426 -2.834753
v -24.001085 14.385424 -1.834753
v -24.001085 14.385424 -2.834753
v -24.001085 15.385427 -1.834753
v -24.001085 15.385427 -2.834753
v -24.001085 17.385426 -1.834753
v -24.001085 17.385426 -2.834753
v -23.001083 -15.614576 0.165249
v -23.001083 -15.614576 -1.834750
v -23.001083 -11.614580 -1.834751
v -23.001083 -11.614580 -2.834751
v -23.001083 -9.614573 -1.834751
v -23.001083 -9.614573 -2.834751
v -23.001083 -8.614578 -1.834751
v -23.001083 -8.614578 -2.834751
v -23.001083 -6.614580 -1.834751
v -23.001083 -6.614580 -2.834751
v -23.001083 -5.614576 -1.834751
v -23.001083 -5.614576 -2.834751
v -23.001083 -3.614578 -1.834751
v -23.001083 -3.614578 -2.834751
v -23.001083 0.385428 0.165248
v -23.001083 0.385428 -1.834752
v -22.001083 -29.614573 -1.834749
v -22.001083 -29.614573 -2.834749
v -22.001083 -27.614574 -1.834749
v -22.001083 -27.614574 -2.834750
v -22.001083 -23.614578 -1.834750
v -22.001083 -23.614578 -2.834750
v -22.001083 -21.614580 -1.834750
v -22.001083 -21.614580 -2.834750
v -22.001083 -17.614574 -1.834750
v -22.001083 -17.614574 -2.834750
v -22.001083 -16.614580 0.165250
v -22.001083 -16.614580 -1.834750
v -22.001083 -16.614580 -2.834750
v -22.001083 -15.614576 0.165249
v -22.001083 -15.614576 -2.834751
v -22.001083 0.385428 0.165248
v -22.001083 0.385428 -2.834752
v -22.001083 2.385426 0.165248
v -22.001083 2.385426 -1.834752
v -22.001083 2.385426 -2.834752
v -22.001083 21.385422 -1.834753
v -22.001083 21.385422 -2.834753
v -22.001083 23.385420 -1.834753
v -22.001083 23.385420 -2.834754
v -21.001083 -17.614574 0.165250
v -21.001083 -17.614574 -1.834750
v -21.001083 -16.614580 0.165250
v -21.001083 -16.614580 -1.834750
v -21.001083 2.385426 0.165248
v -21.001083 2.385426 -1.834752
v -21.001083 3.385420 -1.834752
v -21.001083 3.385420 -2.834752
v -21.001083 4.385424 0.165248
v -21.001083 4.385424 -2.834752
v -21.001083 9.385424 -1.834752
v -21.001083 9.385424 -2.834753
v -21.001083 11.385422 -1.834752
v -21.001083 11.385422 -2.834753
v -21.001083 18.385420 -1.834753
v -21.001083 18.385420 -2.834753
v -21.001083 20.385427 -1.834753
v -21.001083 20.385427 -2.834753
v -20.001083 4.385424 0.165248
v -20.001083 4.385424 -2.834752
v -20.001083 5.385428 -1.834752
v -20.001083 5.385427 -2.834752
v -20.001083 6.385422 0.165248
v -20.001083 6.385422 -1.834752
v -20.001083 12.385426 -1.834752
v -20.001083 12.385426 -2.834753
v -20.001083 14.385424 -1.834753
v -20.001083 14.385424 -2.834753
v -19.001083 -26.614580 -1.834749
v -19.001083 -26.614580 -2.834750
v -19.001083 -24.614573 -1.834750
v -19.001083 -24.614573 -2.834750
v -19.001083 -20.614576 -1.834750
v -19.001083 -20.614576 -2.834750
v -19.001083 -18.614578 -1.834750
v -19.001083 -18.614578 -2.834750
v -19.001083 6.385422 0.165248
v -19.001083 6.385422 -2.834752
v -19.001083 7.385426 0.165248
v -19.001083 7.385426 -2.834752
v -18.001083 -23.614578 -1.834750
v -18.001083 -23.614578 -2.834750
v -18.001083 -21.614580 -1.834750
v -18.001083 -21.614580 -2.834750
v -18.001083 -16.614580 0.165250
v -18.001083 -16.614580 -2.834750
v -18.001083 -12.614574 0.165249
v -18.001083 -12.614574 -2.834751
v -18.001083 -11.614580 0.165249
v -18.001083 -11.614580 -2.834751
v -18.001083 -7.614574 0.165249
v -18.001083 -7.614574 -2.834751
v -18.001083 -6.614580 0.165249
v -18.001083 -6.614580 -2.834751
v -18.001083 -2.614574 0.165248
v -18.001083 -2.614574 -2.834752
v -18.001083 -1.614580 0.165248
v -18.001083 -1.614580 -2.834752
v -18.001083 6.385422 0.165248
v -18.001083 6.385422 -2.834752
v -18.001083 7.385426 0.165248
v -18.001083 7.385426 -2.834752
v -18.001083 8.385420 0.165248
v -18.001083 8.385420 -1.834752
v -18.001083 8.385420 -2.834752
v -18.001083 15.385427 -1.834753
v -18.001083 15.385427 -2.834753
v -18.001083 17.385426 -1.834753
v -18.001083 17.385426 -2.834753
v -18.001083 21.385422 -1.834753
v -18.001083 21.385422 -2.834753
v -18.001083 23.385420 -1.834753
v -18.001083 23.385420 -2.834754
v -18.001083 24.385424 -1.834753
v -18.001083 24.385424 -2.834754
v -18.001083 25.385427 -1.834754
v -18.001083 25.385427 -2.834754
v -17.001083 6.385422 -2.834752
v -17.001083 6.385422 -3.834752
v -17.001083 7.385426 -2.834752
v -17.001083 7.385426 -3.834752
v -16.001085 -29.614573 -1.834749
v -16.001085 -29.614573 -2.834749
v -16.001085 -27.614574 -1.834749
v -16.001085 -27.614574 -2.834750
v -16.001085 4.385424 0.165248
v -16.001085 4.385424 -2.834752
v -16.001085 4.385424 -3.834752
v -16.001085 6.385422 0.165248
v -16.001085 6.385422 -2.834752
v -16.001085 6.385422 -3.834752
v -16.001085 18.385420 -1.834753
v -16.001085 18.385420 -2.834753
v -16.001085 20.385427 -1.834753
v -16.001085 20.385427 -2.834753
v -15.001084 2.385426 0.165248
v -15.001084 2.385426 -2.834752
v -15.001084 2.385426 -3.834752
v -15.001084 4.385424 0.165248
v -15.001084 4.385424 -2.834752
v -15.001084 4.385424 -3.834752
v -14.001084 -20.614576 -1.834750
v -14.001084 -20.614576 -2.834750
v -14.001084 -18.614578 -1.834750
v -14.001084 -18.614578 -2.834750
v -14.001084 -16.614580 0.165250
v -14.001084 -16.614580 -2.834750
v -14.001084 -16.614580 -3.834750
v -14.001084 -15.614576 0.165249
v -14.001084 -15.614576 -2.834751
v -14.001084 -15.614576 -3.834750
v -14.001084 0.385428 0.165248
v -14.001084 0.385428 -2.834752
v -14.001084 0.385428 -3.834751
v -14.001084 2.385426 0.165248
v -14.001084 2.385426 -2.834752
v -14.001084 2.385426 -3.834752
v -14.001084 9.385424 -1.834752
v -14.001084 9.385424 -2.834753
v -14.001084 11.385422 -1.834752
v -14.001084 11.385422 -2.834753
v -14.001084 15.385427 -1.834753
v -14.001084 15.385427 -2.834753
v -14.001084 17.385426 -1.834753
v -14.001084 17.385426 -2.834753
v -14.001084 21.385422 -1.834753
v -14.001084 21.385422 -2.834753
v -14.001084 23.385420 -1.834753
v -14.001084 23.385420 -2.834754
v -13.001084 -26.614580 -1.834749
v -13.001084 -26.614580 -2.834750
v -13.001084 -24.614573 -1.834750
v -13.001084 -24.614573 -2.834750
v -13.001084 -15.614576 0.165249
v -13.001084 -15.614576 -2.834751
v -13.001084 -15.614576 -3.834750
v -13.001084 -12.614574 0.165249
v -13.001084 -12.614574 -2.834751
v -13.001084 -11.614580 0.165249
v -13.001084 -11.614580 -2.834751
v -13.001084 -7.614574 0.165249
v -13.001084 -7.614574 -2.834751
v -13.001084 -6.614580 0.165249
v -13.001084 -6.614580 -2.834751
v -13.001084 -2.614574 0.165248
v -13.001084 -2.614574 -2.834752
v -13.001084 -1.614580 0.165248
v -13.001084 -1.614580 -2.834752
v -13.001084 0.385428 0.165248
v -13.001084 0.385428 -2.834752
v -13.001084 0.385428 -3.834751
v -13.001084 24.385424 10.165246
v -13.001084 24.385424 -1.834753
v -13.001084 24.385424 -2.834754
v -13.001084 25.385427 10.165246
v -13.001084 25.385427 -2.834754
v -12.001085 -29.614573 -1.834749
v -12.001085 -29.614573 -2.834749
v -12.001085 -27.614574 -1.834749
v -12.001085 -27.614574 -2.834750
v -12.001085 -23.614578 -1.834750
v -12.001085 -23.614578 -2.834750
v -12.001085 -21.614580 -1.834750
v -12.001085 -21.614580 -2.834750
v -12.001085 -17.614574 -1.834750
v -12.001085 -17.614574 -2.834750
v -12.001085 -15.614576 -1.834750
v -12.001085 -15.614576 -2.834751
v -12.001085 0.385428 -1.834752
v -12.001085 0.385428 -2.834752
v -12.001085 2.385426 -1.834752
v -12.001085 2.385426 -2.834752
v -12.001085 6.385422 -1.834752
v -12.001085 6.385422 -2.834752
v -12.001085 8.385420 -1.834752
v -12.001085 8.385420 -2.834752
v -12.001085 12.385426 -1.834752
v -12.001085 12.385426 -2.834753
v -12.001085 14.385424 -1.834753
v -12.001085 14.385424 -2.834753
v -12.001085 18.385420 -1.834753
v -12.001085 18.385420 -2.834753
v -12.001085 20.385427 -1.834753
v -12.001085 20.385427 -2.834753
v -12.001085 23.385420 10.165246
v -12.001085 23.385420 -1.834753
v -12.001085 24.385424 10.165246
v -12.001085 24.385424 -1.834753
v -11.001085 20.385427 10.165246
v -11.001085 20.385427 -1.834753
v -11.001085 21.385422 -1.834753
v -11.001085 21.385422 -2.834753
v -11.001085 22.385426 10.165246
v -11.001085 22.385426 -2.834754
v -10.001085 18.385420 10.165246
v -10.001085 18.385420 -1.834753
v -10.001085 18.385420 -2.834753
v -10.001085 19.385424 10.165246
v -10.001085 19.385424 -2.834753
v -10.001085 20.385427 10.165246
v -10.001085 20.385427 -2.834753
v -10.001085 22.385426 10.165246
v -10.001085 22.385426 -2.834754
v -10.001085 23.385420 10.165246
v -10.001085 23.385420 -2.834754
v -9.001085 -23.614578 -1.834750
v -9.001085 -23.614578 -2.834750
v -9.001085 -21.614580 -1.834750
v -9.001085 -21.614580 -2.834750
v -9.001085 -5.614576 -1.834751
v -9.001085 -5.614576 -2.834751
v -9.001085 -3.614578 -1.834751
v -9.001085 -3.614578 -2.834751
v -9.001085 3.385420 -1.834752
v -9.001085 3.385420 -2.834752
v -9.001085 5.385428 -1.834752
v -9.001085 5.385427 -2.834752
v -9.001085 17.385426 9.165246
v -9.001085 17.385426 -1.834753
v -9.001085 18.385420 9.165246
v -9.001085 18.385420 -1.834753
v -8.001085 -29.614573 -1.834749
v -8.001085 -29.614573 -2.834749
v -8.001085 -27.614574 -1.834749
v -8.001085 -27.614574 -2.834750
v -8.001085 -20.614576 -1.834750
v -8.001085 -20.614576 -2.834750
v -8.001085 -18.614578 -1.834750
v -8.001085 -18.614578 -2.834750
v -8.001085 -2.614574 -1.834751
v -8.001085 -2.614574 -2.834752
v -8.001085 -0.614576 -1.834751
v -8.001085 -0.614576 -2.834752
v -8.001085 9.385424 -1.834752
v -8.001085 9.385424 -2.834753
v -8.001085 11.385422 -1.834752
v -8.001085 11.385422 -2.834753
v -8.001085 16.385422 8.165248
v -8.001085 16.385422 -2.834753
v -8.001085 17.385426 8.165248
v -8.001085 17.385426 -2.834753
v -7.001085 -26.614580 -1.834749
v -7.001085 -26.614580 -2.834750
v -7.001085 -24.614573 -1.834750
v -7.001085 -24.614573 -2.834750
v -7.001085 -8.614578 -1.834751
v -7.001085 -8.614578 -2.834751
v -7.001085 -6.614580 -1.834751
v -7.001085 -6.614580 -2.834751
v -7.001085 15.385427 7.165247
v -7.001085 15.385427 -1.834753
v -7.001085 15.385427 -2.834753
v -7.001085 16.385422 7.165247
v -7.001085 16.385422 -2.834753
v -7.001085 19.385424 10.165246
v -7.001085 19.385424 1.165247
v -7.001085 20.385427 10.165246
v -7.001085 20.385427 1.165247
v -7.001085 22.385426 10.165246
v -7.001085 22.385426 1.165246
v -7.001085 23.385420 10.165246
v -7.001085 23.385420 1.165246
v -6.001085 14.385424 6.165246
v -6.001085 14.385424 -1.834753
v -6.001085 15.385427 6.165246
v -6.001085 15.385427 -1.834753
v -6.001085 20.385427 10.165246
v -6.001085 20.385427 1.165247
v -6.001085 22.385426 10.165246
v -6.001085 22.385426 1.165246
v -5.001085 -30.614576 5.165251
v -5.001085 -30.614576 -1.834749
v -5.001085 -29.614573 -1.834749
v -5.001085 -29.614573 -2.834749
v -5.001085 -27.614574 -1.834749
v -5.001085 -27.614574 -2.834750
v -5.001085 -26.614580 -1.834749
v -5.001085 -26.614580 -2.834750
v -5.001085 -25.614576 5.165250
v -5.001085 -25.614576 4.165250
v -5.001085 -25.614576 -2.834750
v -5.001085 -24.614573 5.165250
v -5.001085 -24.614573 4.165250
v -5.001085 -24.614573 -1.834750
v -5.001085 -24.614573 -2.834750
v -5.001085 -23.614578 5.165250
v -5.001085 -23.614578 4.165250
v -5.001085 -23.614578 -1.834750
v -5.001085 -23.614578 -2.834750
v -5.001085 -22.614574 5.165250
v -5.001085 -22.614574 4.165250
v -5.001085 -22.614574 -2.834750
v -5.001085 -21.614580 5.165250
v -5.001085 -21.614580 4.165250
v -5.001085 -21.614580 -1.834750
v -5.001085 -21.614580 -2.834750
v -5.001085 -20.614576 5.165250
v -5.001085 -20.614576 4.165250
v -5.001085 -20.614576 -1.834750
v -5.001085 -20.614576 -2.834750
v -5.001085 -18.614578 -1.834750
v -5.001085 -18.614578 -2.834750
v -5.001085 -17.614574 -1.834750
v -5.001085 -17.614574 -2.834750
v -5.001085 -15.614576 5.165249
v -5.001085 -15.614576 4.165249
v -5.001085 -15.614576 -1.834750
v -5.001085 -15.614576 -2.834751
v -5.001085 -14.614573 5.165249
v -5.001085 -14.614573 4.165249
v -5.001085 -14.614573 -1.834750
v -5.001085 -14.614573 -2.834751
v -5.001085 -13.614578 5.165249
v -5.001085 -13.614578 4.165249
v -5.001085 -13.614578 -2.834751
v -5.001085 -12.614574 5.165249
v -5.001085 -12.614574 4.165249
v -5.001085 -12.614574 -1.834751
v -5.001085 -12.614574 -2.834751
v -5.001085 -11.614580 5.165249
v -5.001085 -11.614580 4.165249
v -5.001085 -11.614580 -1.834751
v -5.001085 -11.614580 -2.834751
v -5.001085 -10.614576 5.165249
v -5.001085 -10.614576 4.165249
v -5.001085 -10.614576 -2.834751
v -5.001085 -9.614573 -1.834751
v -5.001085 -9.614573 -2.834751
v -5.001085 -8.614578 -1.834751
v -5.001085 -8.614578 -2.834751
v -5.001085 -6.614580 -1.834751
v -5.001085 -6.614580 -2.834751
v -5.001085 -5.614575 5.165249
v -5.001085 -5.614576 4.165249
v -5.001085 -5.614576 -1.834751
v -5.001085 -5.614576 -2.834751
v -5.001085 -4.614572 5.165248
v -5.001085 -4.614572 4.165249
v -5.001085 -4.614573 -2.834751
v -5.001085 -3.614578 5.165248
v -5.001085 -3.614578 4.165249
v -5.001085 -3.614578 -1.834751
v -5.001085 -3.614578 -2.834751
v -5.001085 -2.614574 5.165248
v -5.001085 -2.614574 4.165248
v -5.001085 -2.614574 -1.834751
v -5.001085 -2.614574 -2.834752
v -5.001085 -1.614579 5.165248
v -5.001085 -1.614580 4.165248
v -5.001085 -1.614580 -2.834752
v -5.001085 -0.614576 5.165248
v -5.001085 -0.614576 4.165248
v -5.001085 -0.614576 -1.834751
v -5.001085 -0.614576 -2.834752
v -5.001085 0.385428 -1.834752
v -5.001085 0.385428 -2.834752
v -5.001085 2.385426 -1.834752
v -5.001085 2.385426 -2.834752
v -5.001085 3.385420 -1.834752
v -5.001085 3.385420 -2.834752
v -5.001085 4.385425 5.165248
v -5.001085 4.385425 4.165248
v -5.001085 4.385424 -2.834752
v -5.001085 5.385428 5.165248
v -5.001085 5.385428 4.165248
v -5.001085 5.385428 -1.834752
v -5.001085 5.385427 -2.834752
v -5.001085 6.385422 5.165248
v -5.001085 6.385422 4.165248
v -5.001085 6.385422 -1.834752
v -5.001085 6.385422 -2.834752
v -5.001085 7.385426 5.165248
v -5.001085 7.385426 4.165248
v -5.001085 7.385426 -2.834752
v -5.001085 8.385420 5.165247
v -5.001085 8.385420 4.165248
v -5.001085 8.385420 -1.834752
v -5.001085 8.385420 -2.834752
v -5.001085 9.385424 5.165247
v -5.001085 9.385424 4.165247
v -5.001085 9.385424 -1.834752
v -5.001085 9.385424 -2.834753
v -5.001085 11.385422 -1.834752
v -5.001085 11.385422 -2.834753
v -5.001085 12.385426 -1.834752
v -5.001085 12.385426 -2.834753
v -5.001085 14.385424 5.165247
v -5.001085 14.385424 -2.834753
v -3.001085 -25.614576 5.165250
v -3.001085 -25.614576 4.165250
v -3.001085 -24.614573 5.165250
v -3.001085 -24.614573 4.165250
v -3.001085 -23.614578 5.165250
v -3.001085 -23.614578 4.165250
v -3.001085 -22.614574 5.165250
v -3.001085 -22.614574 4.165250
v -3.001085 -21.614580 5.165250
v -3.001085 -21.614580 4.165250
v -3.001085 -20.614576 5.165250
v -3.001085 -20.614576 4.165250
v -3.001085 -15.614576 5.165249
v -3.001085 -15.614576 4.165249
v -3.001085 -14.614573 5.165249
v -3.001085 -14.614573 4.165249
v -3.001085 -13.614578 5.165249
v -3.001085 -13.614578 4.165249
v -3.001085 -12.614574 5.165249
v -3.001085 -12.614574 4.165249
v -3.001085 -11.614580 5.165249
v -3.001085 -11.614580 4.165249
v -3.001085 -10.614576 5.165249
v -3.001085 -10.614576 4.165249
v -3.001085 -5.614575 5.165249
v -3.001085 -5.614576 4.165249
v -3.001085 -4.614572 5.165248
v -3.001085 -4.614572 4.165249
v -3.001085 -3.614578 5.165248
v -3.001085 -3.614578 4.165249
v -3.001085 -2.614574 5.165248
v -3.001085 -2.614574 4.165248
v -3.001085 -1.614579 5.165248
v -3.001085 -1.614580 4.165248
v -3.001085 -0.614576 5.165248
v -3.001085 -0.614576 4.165248
v -3.001085 4.385425 5.165248
v -3.001085 4.385425 4.165248
v -3.001085 5.385428 5.165248
v -3.001085 5.385428 4.165248
v -3.001085 6.385422 5.165248
v -3.001085 6.385422 4.165248
v -3.001085 7.385426 5.165248
v -3.001085 7.385426 4.165248
v -3.001085 8.385420 5.165247
v -3.001085 8.385420 4.165248
v -3.001085 9.385424 5.165247
v -3.001085 9.385424 4.165247
v -2.001085 19.385424 10.165246
v -2.001085 19.385424 1.165247
v -2.001085 20.385427 10.165246
v -2.001085 20.385427 1.165247
v -2.001085 22.385426 10.165246
v -2.001085 22.385426 1.165246
v -2.001085 23.385420 10.165246
v -2.001085 23.385420 1.165246
v -1.001084 20.385427 10.165246
v -1.001084 20.385427 1.165247
v -1.001084 22.385426 10.165246
v -1.001084 22.385426 1.165246
v 1.998915 -25.614576 5.165250
v 1.998915 -25.614576 4.165250
v 1.998915 -24.614573 5.165250
v 1.998915 -24.614573 4.165250
v 1.998915 -23.614578 5.165250
v 1.998915 -23.614578 4.165250
v 1.998915 -22.614574 5.165250
v 1.998915 -22.614574 4.165250
v 1.998915 -21.614580 5.165250
v 1.998915 -21.614580 4.165250
v 1.998915 -20.614576 5.165250
v 1.998915 -20.614576 4.165250
v 1.998915 -15.614576 5.165249
v 1.998915 -15.614576 4.165249
v 1.998915 -14.614573 5.165249
v 1.998915 -14.614573 4.165249
v 1.998915 -13.614578 5.165249
v 1.998915 -13.614578 4.165249
v 1.998915 -12.614574 5.165249
v 1.998915 -12.614574 4.165249
v 1.998915 -11.614580 5.165249
v 1.998915 -11.614580 4.165249
v 1.998915 -10.614576 5.165249
v 1.998915 -10.614576 4.165249
v 1.998915 -5.614575 5.165249
v 1.998915 -5.614576 4.165249
v 1.998915 -4.614572 5.165248
v 1.998915 -4.614572 4.165249
v 1.998915 -3.614578 5.165248
v 1.998915 -3.614578 4.165249
v 1.998915 -2.614574 5.165248
v 1.998915 -2.614574 4.165248
v 1.998915 -1.614579 5.165248
v 1.998915 -1.614580 4.165248
v 1.998915 -0.614576 5.165248
v 1.998915 -0.614576 4.165248
v 1.998915 4.385425 5.165248
v 1.998915 4.385425 4.165248
v 1.998915 5.385428 5.165248
v 1.998915 5.385428 4.165248
v 1.998915 6.385422 5.165248
v 1.998915 6.385422 4.165248
v 1.998915 7.385426 5.165248
v 1.998915 7.385426 4.165248
v 1.998915 8.385420 5.165247
v 1.998915 8.385420 4.165248
v 1.998915 9.385424 5.165247
v 1.998915 9.385424 4.165247
v 3.998915 19.385424 10.165246
v 3.998915 19.385424 1.165247
v 3.998915 20.385427 10.165246
v 3.998915 20.385427 1.165247
v 3.998915 22.385426 10.165246
v 3.998915 22.385426 1.165246
v 3.998915 23.385420 10.165246
v 3.998915 23.385420 1.165246
v 4.998915 20.385427 10.165246
v 4.998915 20.385427 1.165247
v 4.998915 22.385426 10.165246
v 4.998915 22.385426 1.165246
v 5.998915 -26.614580 -1.834749
v 5.998915 -26.614580 -2.834750
v 5.998915 -24.614573 -1.834750
v 5.998915 -24.614573 -2.834750
v 5.998915 -8.614578 -1.834751
v 5.998915 -8.614578 -2.834751
v 5.998915 -6.614580 -1.834751
v 5.998915 -6.614580 -2.834751
v 6.998915 -29.614573 -1.834749
v 6.998915 -29.614573 -2.834749
v 6.998915 -27.614574 -1.834749
v 6.998915 -27.614574 -2.834750
v 6.998915 -20.614576 -1.834750
v 6.998915 -20.614576 -2.834750
v 6.998915 -18.614578 -1.834750
v 6.998915 -18.614578 -2.834750
v 6.998915 -2.614574 -1.834751
v 6.998915 -2.614574 -2.834752
v 6.998915 -0.614576 -1.834751
v 6.998915 -0.614576 -2.834752
v 6.998915 9.385424 -1.834752
v 6.998915 9.385424 -2.834753
v 6.998915 11.385422 -1.834752
v 6.998915 11.385422 -2.834753
v 7.998915 -23.614578 -1.834750
v 7.998915 -23.614578 -2.834750
v 7.998915 -21.614580 -1.834750
v 7.998915 -21.614580 -2.834750
v 7.998915 -5.614576 -1.834751
v 7.998915 -5.614576 -2.834751
v 7.998915 -3.614578 -1.834751
v 7.998915 -3.614578 -2.834751
v 7.998915 3.385420 -1.834752
v 7.998915 3.385420 -2.834752
v 7.998915 5.385428 -1.834752
v 7.998915 5.385427 -2.834752
v 8.998915 19.385424 10.165246
v 8.998915 19.385424 1.165247
v 8.998915 20.385427 10.165246
v 8.998915 20.385427 1.165247
v 8.998915 22.385426 10.165246
v 8.998915 22.385426 1.165246
v 8.998915 23.385420 10.165246
v 8.998915 23.385420 1.165246
v 9.998916 20.385427 10.165246
v 9.998916 20.385427 1.165247
v 9.998916 22.385426 10.165246
v 9.998916 22.385426 1.165246
v 10.998916 -29.614573 -1.834749
v 10.998916 -29.614573 -2.834749
v 10.998916 -27.614574 -1.834749
v 10.998916 -27.614574 -2.834750
v 10.998916 -23.614578 -1.834750
v 10.998916 -23.614578 -2.834750
v 10.998916 -21.614580 -1.834750
v 10.998916 -21.614580 -2.834750
v 10.998916 -17.614574 -1.834750
v 10.998916 -17.614574 -2.834750
v 10.998916 -15.614576 -1.834750
v 10.998916 -15.614576 -2.834751
v 10.998916 -14.614573 -1.834750
v 10.998916 -14.614573 -2.834751
v 10.998916 -12.614574 -1.834751
v 10.998916 -12.614574 -2.834751
v 10.998916 -11.614580 -1.834751
v 10.998916 -11.614580 -2.834751
v 10.998916 -9.614573 -1.834751
v 10.998916 -9.614573 -2.834751
v 10.998916 0.385428 -1.834752
v 10.998916 0.385428 -2.834752
v 10.998916 2.385426 -1.834752
v 10.998916 2.385426 -2.834752
v 10.998916 6.385422 -1.834752
v 10.998916 6.385422 -2.834752
v 10.998916 8.385420 -1.834752
v 10.998916 8.385420 -2.834752
v 10.998916 12.385426 -1.834752
v 10.998916 12.385426 -2.834753
v 10.998916 14.385424 -1.834753
v 10.998916 14.385424 -2.834753
v 10.998916 18.385420 -1.834753
v 10.998916 18.385420 -2.834753
v 10.998916 20.385427 -1.834753
v 10.998916 20.385427 -2.834753
v 11.998916 -26.614580 -1.834749
v 11.998916 -26.614580 -2.834750
v 11.998916 -24.614573 -1.834750
v 11.998916 -24.614573 -2.834750
v 11.998916 -15.614576 0.165249
v 11.998916 -15.614576 -1.834750
v 11.998916 -8.614578 -1.834751
v 11.998916 -8.614578 -2.834751
v 11.998916 -6.614580 -1.834751
v 11.998916 -6.614580 -2.834751
v 11.998916 -5.614576 -1.834751
v 11.998916 -5.614576 -2.834751
v 11.998916 -3.614578 -1.834751
v 11.998916 -3.614578 -2.834751
v 11.998916 -2.614574 -1.834751
v 11.998916 -2.614574 -2.834752
v 11.998916 -0.614576 -1.834751
v 11.998916 -0.614576 -2.834752
v 11.998916 0.385428 0.165248
v 11.998916 0.385428 -1.834752
v 12.998915 -20.614576 -1.834750
v 12.998915 -20.614576 -2.834750
v 12.998915 -18.614578 -1.834750
v 12.998915 -18.614578 -2.834750
v 12.998915 -16.614580 0.165250
v 12.998915 -16.614580 -2.834750
v 12.998915 -15.614576 0.165249
v 12.998915 -15.614576 -2.834751
v 12.998915 0.385428 0.165248
v 12.998915 0.385428 -2.834752
v 12.998915 2.385426 0.165248
v 12.998915 2.385426 -1.834752
v 12.998915 2.385426 -2.834752
v 12.998915 9.385424 -1.834752
v 12.998915 9.385424 -2.834753
v 12.998915 11.385422 -1.834752
v 12.998915 11.385422 -2.834753
v 12.998915 15.385427 -1.834753
v 12.998915 15.385427 -2.834753
v 12.998915 17.385426 -1.834753
v 12.998915 17.385426 -2.834753
v 12.998915 21.385422 -1.834753
v 12.998915 21.385422 -2.834753
v 12.998915 23.385420 -1.834753
v 12.998915 23.385420 -2.834754
v 13.998915 -17.614574 0.165250
v 13.998915 -17.614574 -1.834750
v 13.998915 -17.614574 -2.834750
v 13.998915 -16.614580 0.165250
v 13.998915 -16.614580 -2.834750
v 13.998915 2.385426 0.165248
v 13.998915 2.385426 -1.834752
v 13.998915 3.385420 -1.834752
v 13.998915 3.385420 -2.834752
v 13.998915 4.385424 0.165248
v 13.998915 4.385424 -2.834752
v 14.998916 -29.614573 -1.834749
v 14.998916 -29.614573 -2.834749
v 14.998916 -27.614574 -1.834749
v 14.998916 -27.614574 -2.834750
v 14.998916 4.385424 0.165248
v 14.998916 4.385424 -2.834752
v 14.998916 5.385428 -1.834752
v 14.998916 5.385427 -2.834752
v 14.998916 6.385422 0.165248
v 14.998916 6.385422 -1.834752
v 14.998916 18.385420 -1.834753
v 14.998916 18.385420 -2.834753
v 14.998916 20.385427 -1.834753
v 14.998916 20.385427 -2.834753
v 15.998916 6.385422 0.165248
v 15.998916 6.385422 -2.834752
v 15.998916 7.385426 0.165248
v 15.998916 7.385426 -2.834752
v 16.998917 -23.614578 -1.834750
v 16.998917 -23.614578 -2.834750
v 16.998917 -21.614580 -1.834750
v 16.998917 -21.614580 -2.834750
v 16.998917 -16.614580 0.165250
v 16.998917 -16.614580 -2.834750
v 16.998917 -12.614574 0.165249
v 16.998917 -12.614574 -2.834751
v 16.998917 -11.614580 0.165249
v 16.998917 -11.614580 -2.834751
v 16.998917 -7.614574 0.165249
v 16.998917 -7.614574 -2.834751
v 16.998917 -6.614580 0.165249
v 16.998917 -6.614580 -2.834751
v 16.998917 -2.614574 0.165248
v 16.998917 -2.614574 -2.834752
v 16.998917 -1.614580 0.165248
v 16.998917 -1.614580 -2.834752
v 16.998917 6.385422 0.165248
v 16.998917 6.385422 -2.834752
v 16.998917 7.385426 0.165248
v 16.998917 7.385426 -2.834752
v 16.998917 8.385420 0.165248
v 16.998917 8.385420 -1.834752
v 16.998917 8.385420 -2.834752
v 16.998917 15.385427 -1.834753
v 16.998917 15.385427 -2.834753
v 16.998917 17.385426 -1.834753
v 16.998917 17.385426 -2.834753
v 16.998917 21.385422 -1.834753
v 16.998917 21.385422 -2.834753
v 16.998917 23.385420 -1.834753
v 16.998917 23.385420 -2.834754
v 16.998917 24.385424 -1.834753
v 16.998917 24.385424 -2.834754
v 16.998917 25.385427 -1.834754
v 16.998917 25.385427 -2.834754
v 17.998917 -26.614580 -1.834749
v 17.998917 -26.614580 -2.834750
v 17.998917 -24.614573 -1.834750
v 17.998917 -24.614573 -2.834750
v 17.998917 -20.614576 -1.834750
v 17.998917 -20.614576 -2.834750
v 17.998917 -18.614578 -1.834750
v 17.998917 -18.614578 -2.834750
v 17.998917 6.385422 -2.834752
v 17.998917 6.385422 -3.834752
v 17.998917 7.385426 -2.834752
v 17.998917 7.385426 -3.834752
v 18.998917 4.385424 0.165248
v 18.998917 4.385424 -2.834752
v 18.998917 4.385424 -3.834752
v 18.998917 6.385422 0.165248
v 18.998917 6.385422 -2.834752
v 18.998917 6.385422 -3.834752
v 18.998917 12.385426 -1.834752
v 18.998917 12.385426 -2.834753
v 18.998917 14.385424 -1.834753
v 18.998917 14.385424 -2.834753
v 19.998917 2.385426 0.165248
v 19.998917 2.385426 -2.834752
v 19.998917 2.385426 -3.834752
v 19.998917 4.385424 0.165248
v 19.998917 4.385424 -2.834752
v 19.998917 4.385424 -3.834752
v 19.998917 9.385424 -1.834752
v 19.998917 9.385424 -2.834753
v 19.998917 11.385422 -1.834752
v 19.998917 11.385422 -2.834753
v 19.998917 18.385420 -1.834753
v 19.998917 18.385420 -2.834753
v 19.998917 20.385427 -1.834753
v 19.998917 20.385427 -2.834753
v 20.998915 -29.614573 -1.834749
v 20.998915 -29.614573 -2.834749
v 20.998915 -27.614574 -1.834749
v 20.998915 -27.614574 -2.834750
v 20.998915 -23.614578 -1.834750
v 20.998915 -23.614578 -2.834750
v 20.998915 -21.614580 -1.834750
v 20.998915 -21.614580 -2.834750
v 20.998915 -16.614580 0.165250
v 20.998915 -16.614580 -2.834750
v 20.998915 -16.614580 -3.834750
v 20.998915 -15.614576 0.165249
v 20.998915 -15.614576 -2.834751
v 20.998915 -15.614576 -3.834750
v 20.998915 0.385428 0.165248
v 20.998915 0.385428 -2.834752
v 20.998915 0.385428 -3.834751
v 20.998915 2.385426 0.165248
v 20.998915 2.385426 -2.834752
v 20.998915 2.385426 -3.834752
v 20.998915 21.385422 -1.834753
v 20.998915 21.385422 -2.834753
v 20.998915 23.385420 -1.834753
v 20.998915 23.385420 -2.834754
v 20.998915 24.385424 -1.834753
v 20.998915 24.385424 -2.834754
v 20.998915 25.385427 -1.834754
v 20.998915 25.385427 -2.834754
v 21.998917 -15.614576 0.165249
v 21.998917 -15.614576 -2.834751
v 21.998917 -15.614576 -3.834750
v 21.998917 -12.614574 0.165249
v 21.998917 -12.614574 -2.834751
v 21.998917 -11.614580 0.165249
v 21.998917 -11.614580 -2.834751
v 21.998917 -7.614574 0.165249
v 21.998917 -7.614574 -2.834751
v 21.998917 -6.614580 0.165249
v 21.998917 -6.614580 -2.834751
v 21.998917 -2.614574 0.165248
v 21.998917 -2.614574 -2.834752
v 21.998917 -1.614580 0.165248
v 21.998917 -1.614580 -2.834752
v 21.998917 0.385428 0.165248
v 21.998917 0.385428 -2.834752
v 21.998917 0.385428 -3.834751
v 21.998917 24.385424 10.165246
v 21.998917 24.385424 -1.834753
v 21.998917 25.385427 10.165246
v 21.998917 25.385427 -1.834754
v 22.998917 -26.614580 -1.834749
v 22.998917 -26.614580 -2.834750
v 22.998917 -24.614573 -1.834750
v 22.998917 -24.614573 -2.834750
v 22.998917 -20.614576 -1.834750
v 22.998917 -20.614576 -2.834750
v 22.998917 -18.614578 -1.834750
v 22.998917 -18.614578 -2.834750
v 22.998917 6.385422 -1.834752
v 22.998917 6.385422 -2.834752
v 22.998917 8.385420 -1.834752
v 22.998917 8.385420 -2.834752
v 22.998917 12.385426 -1.834752
v 22.998917 12.385426 -2.834753
v 22.998917 14.385424 -1.834753
v 22.998917 14.385424 -2.834753
v 22.998917 15.385427 -1.834753
v 22.998917 15.385427 -2.834753
v 22.998917 17.385426 -1.834753
v 22.998917 17.385426 -2.834753
v 22.998917 23.385420 10.165246
v 22.998917 23.385420 -1.834753
v 22.998917 24.385424 10.165246
v 22.998917 24.385424 -1.834753
v 23.998917 -11.614580 -1.834751
v 23.998917 -11.614580 -2.834751
v 23.998917 -9.614573 -1.834751
v 23.998917 -9.614573 -2.834751
v 23.998917 -5.614576 -1.834751
v 23.998917 -5.614576 -2.834751
v 23.998917 -3.614578 -1.834751
v 23.998917 -3.614578 -2.834751
v 23.998917 20.385427 10.165246
v 23.998917 20.385427 -1.834753
v 23.998917 21.385422 -1.834753
v 23.998917 21.385422 -2.834753
v 23.998917 22.385426 10.165246
v 23.998917 22.385426 -2.834754
v 24.998917 0.385428 -1.834752
v 24.998917 0.385428 -2.834752
v 24.998917 2.385426 -1.834752
v 24.998917 2.385426 -2.834752
v 24.998917 18.385420 10.165246
v 24.998917 18.385420 -1.834753
v 24.998917 18.385420 -2.834753
v 24.998917 19.385424 10.165246
v 24.998917 19.385424 -2.834753
v 24.998917 20.385427 10.165246
v 24.998917 20.385427 -2.834753
v 24.998917 22.385426 10.165246
v 24.998917 22.385426 -2.834754
v 24.998917 23.385420 10.165246
v 24.998917 23.385420 -2.834754
v 25.998915 -29.614573 -1.834749
v 25.998915 -29.614573 -2.834749
v 25.998915 -27.614574 -1.834749
v 25.998915 -27.614574 -2.834750
v 25.998915 -23.614578 -1.834750
v 25.998915 -23.614578 -2.834750
v 25.998915 -21.614580 -1.834750
v 25.998915 -21.614580 -2.834750
v 25.998915 -17.614574 -1.834750
v 25.998915 -17.614574 -2.834750
v 25.998915 -15.614576 -1.834750
v 25.998915 -15.614576 -2.834751
v 25.998915 -8.614578 -1.834751
v 25.998915 -8.614578 -2.834751
v 25.998915 -6.614580 -1.834751
v 25.998915 -6.614580 -2.834751
v 25.998915 3.385420 -1.834752
v 25.998915 3.385420 -2.834752
v 25.998915 5.385428 -1.834752
v 25.998915 5.385427 -2.834752
v 25.998915 9.385424 -1.834752
v 25.998915 9.385424 -2.834753
v 25.998915 11.385422 -1.834752
v 25.998915 11.385422 -2.834753
v 25.998915 17.385426 9.165246
v 25.998915 17.385426 -1.834753
v 25.998915 18.385420 9.165246
v 25.998915 18.385420 -1.834753
v 26.998917 16.385422 8.165248
v 26.998917 16.385422 -2.834753
v 26.998917 17.385426 8.165248
v 26.998917 17.385426 -2.834753
v 27.998917 -26.614580 -1.834749
v 27.998917 -26.614580 -2.834750
v 27.998917 -24.614573 -1.834750
v 27.998917 -24.614573 -2.834750
v 27.998917 -20.614576 -1.834750
v 27.998917 -20.614576 -2.834750
v 27.998917 -18.614578 -1.834750
v 27.998917 -18.614578 -2.834750
v 27.998917 -14.614573 -1.834750
v 27.998917 -14.614573 -2.834751
v 27.998917 -12.614574 -1.834751
v 27.998917 -12.614574 -2.834751
v 27.998917 -2.614574 -1.834751
v 27.998917 -2.614574 -2.834752
v 27.998917 -0.614576 -1.834751
v 27.998917 -0.614576 -2.834752
v 27.998917 15.385427 7.165247
v 27.998917 15.385427 -1.834753
v 27.998917 15.385427 -2.834753
v 27.998917 16.385422 7.165247
v 27.998917 16.385422 -2.834753
v 27.998917 19.385424 10.165246
v 27.998917 19.385424 1.165247
v 27.998917 20.385427 10.165246
v 27.998917 20.385427 1.165247
v 27.998917 22.385426 10.165246
v 27.998917 22.385426 1.165246
v 27.998917 23.385420 10.165246
v 27.998917 23.385420 1.165246
v 28.998917 14.385424 6.165246
v 28.998917 14.385424 -1.834753
v 28.998917 15.385427 6.165246
v 28.998917 15.385427 -1.834753
v 28.998917 20.385427 10.165246
v 28.998917 20.385427 1.165247
v 28.998917 22.385426 10.165246
v 28.998917 22.385426 1.165246
v 29.998917 -30.614576 5.165251
v 29.998917 -30.614576 -1.834749
v 29.998917 -29.614573 -1.834749
v 29.998917 -29.614573 -2.834749
v 29.998917 -27.614574 -1.834749
v 29.998917 -27.614574 -2.834750
v 29.998917 -26.614580 -1.834749
v 29.998917 -26.614580 -2.834750
v 29.998917 -25.614576 5.165250
v 29.998917 -25.614576 4.165250
v 29.998917 -25.614576 -2.834750
v 29.998917 -24.614573 5.165250
v 29.998917 -24.614573 4.165250
v 29.998917 -24.614573 -1.834750
v 29.998917 -24.614573 -2.834750
v 29.998917 -23.614578 5.165250
v 29.998917 -23.614578 4.165250
v 29.998917 -23.614578 -1.834750
v 29.998917 -23.614578 -2.834750
v 29.998917 -22.614574 5.165250
v 29.998917 -22.614574 4.165250
v 29.998917 -22.614574 -2.834750
v 29.998917 -21.614580 5.165250
v 29.998917 -21.614580 4.165250
v 29.998917 -21.614580 -1.834750
v 29.998917 -21.614580 -2.834750
v 29.998917 -20.614576 5.165250
v 29.998917 -20.614576 4.165250
v 29.998917 -20.614576 -1.834750
v 29.998917 -20.614576 -2.834750
v 29.998917 -18.614578 -1.834750
v 29.998917 -18.614578 -2.834750
v 29.998917 -17.614574 -1.834750
v 29.998917 -17.614574 -2.834750
v 29.998917 -15.614576 5.165249
v 29.998917 -15.614576 4.165249
v 29.998917 -15.614576 -1.834750
v 29.998917 -15.614576 -2.834751
v 29.998917 -14.614573 5.165249
v 29.998917 -14.614573 4.165249
v 29.998917 -14.614573 -1.834750
v 29.998917 -14.614573 -2.834751
v 29.998917 -13.614578 5.165249
v 29.998917 -13.614578 4.165249
v 29.998917 -13.614578 -2.834751
v 29.998917 -12.614574 5.165249
v 29.998917 -12.614574 4.165249
v 29.998917 -12.614574 -1.834751
v 29.998917 -12.614574 -2.834751
v 29.998917 -11.614580 5.165249
v 29.998917 -11.614580 4.165249
v 29.998917 -11.614580 -1.834751
v 29.998917 -11.614580 -2.834751
v 29.998917 -10.614576 5.165249
v 29.998917 -10.614576 4.165249
v 29.998917 -10.614576 -2.834751
v 29.998917 -9.614573 -1.834751
v 29.998917 -9.614573 -2.834751
v 29.998917 -8.614578 -1.834751
v 29.998917 -8.614578 -2.834751
v 29.998917 -6.614580 -1.834751
v 29.998917 -6.614580 -2.834751
v 29.998917 -5.614575 5.165249
v 29.998917 -5.614576 4.165249
v 29.998917 -5.614576 -1.834751
v 29.998917 -5.614576 -2.834751
v 29.998917 -4.614572 5.165248
v 29.998917 -4.614572 4.165249
v 29.998917 -4.614573 -2.834751
v 29.998917 -3.614578 5.165248
v 29.998917 -3.614578 4.165249
v 29.998917 -3.614578 -1.834751
v 29.998917 -3.614578 -2.834751
v 29.998917 -2.614574 5.165248
v 29.998917 -2.614574 4.165248
v 29.998917 -2.614574 -1.834751
v 29.998917 -2.614574 -2.834752
v 29.998917 -1.614579 5.165248
v 29.998917 -1.614580 4.165248
v 29.998917 -1.614580 -2.834752
v 29.998917 -0.614576 5.165248
v 29.998917 -0.614576 4.165248
v 29.998917 -0.614576 -1.834751
v 29.998917 -0.614576 -2.834752
v 29.998917 0.385428 -1.834752
v 29.998917 0.385428 -2.834752
v 29.998917 2.385426 -1.834752
v 29.998917 2.385426 -2.834752
v 29.998917 3.385420 -1.834752
v 29.998917 3.385420 -2.834752
v 29.998917 4.385425 5.165248
v 29.998917 4.385425 4.165248
v 29.998917 4.385424 -2.834752
v 29.998917 5.385428 5.165248
v 29.998917 5.385428 4.165248
v 29.998917 5.385428 -1.834752
v 29.998917 5.385427 -2.834752
v 29.998917 6.385422 5.165248
v 29.998917 6.385422 4.165248
v 29.998917 6.385422 -1.834752
v 29.998917 6.385422 -2.834752
v 29.998917 7.385426 5.165248
v 29.998917 7.385426 4.165248
v 29.998917 7.385426 -2.834752
v 29.998917 8.385420 5.165247
v 29.998917 8.385420 4.165248
v 29.998917 8.385420 -1.834752
v 29.998917 8.385420 -2.834752
v 29.998917 9.385424 5.165247
v 29.998917 9.385424 4.165247
v 29.998917 9.385424 -1.834752
v 29.998917 9.385424 -2.834753
v 29.998917 11.385422 -1.834752
v 29.998917 11.385422 -2.834753
v 29.998917 12.385426 -1.834752
v 29.998917 12.385426 -2.834753
v 29.998917 14.385424 5.165247
v 29.998917 14.385424 -2.834753
v 31.998917 -25.614576 5.165250
v 31.998917 -25.614576 4.165250
v 31.998917 -24.614573 5.165250
v 31.998917 -24.614573 4.165250
v 31.998917 -23.614578 5.165250
v 31.998917 -23.614578 4.165250
v 31.998917 -22.614574 5.165250
v 31.998917 -22.614574 4.165250
v 31.998917 -21.614580 5.165250
v 31.998917 -21.614580 4.165250
v 31.998917 -20.614576 5.165250
v 31.998917 -20.614576 4.165250
v 31.998917 -15.614576 5.165249
v 31.998917 -15.614576 4.165249
v 31.998917 -14.614573 5.165249
v 31.998917 -14.614573 4.165249
v 31.998917 -13.614578 5.165249
v 31.998917 -13.614578 4.165249
v 31.998917 -12.614574 5.165249
v 31.998917 -12.614574 4.165249
v 31.998917 -11.614580 5.165249
v 31.998917 -11.614580 4.165249
v 31.998917 -10.614576 5.165249
v 31.998917 -10.614576 4.165249
v 31.998917 -5.614575 5.165249
v 31.998917 -5.614576 4.165249
v 31.998917 -4.614572 5.165248
v 31.998917 -4.614572 4.165249
v 31.998917 -3.614578 5.165248
v 31.998917 -3.614578 4.165249
v 31.998917 -2.614574 5.165248
v 31.998917 -2.614574 4.165248
v 31.998917 -1.614579 5.165248
v 31.998917 -1.614580 4.165248
v 31.998917 -0.614576 5.165248
v 31.998917 -0.614576 4.165248
v 31.998917 4.385425 5.165248
v 31.998917 4.385425 4.165248
v 31.998917 5.385428 5.165248
v 31.998917 5.385428 4.165248
v 31.998917 6.385422 5.165248
v 31.998917 6.385422 4.165248
v 31.998917 7.385426 5.165248
v 31.998917 7.385426 4.165248
v 31.998917 8.385420 5.165247
v 31.998917 8.385420 4.165248
v 31.998917 9.385424 5.165247
v 31.998917 9.385424 4.165247
v 32.998917 19.385424 10.165246
v 32.998917 19.385424 1.165247
v 32.998917 20.385427 10.165246
v 32.998917 20.385427 1.165247
v 32.998917 22.385426 10.165246
v 32.998917 22.385426 1.165246
v 32.998917 23.385420 10.165246
v 32.998917 23.385420 1.165246
v 33.998917 20.385427 10.165246
v 33.998917 20.385427 1.165247
v 33.998917 22.385426 10.165246
v 33.998917 22.385426 1.165246
v 36.998917 -25.614576 5.165250
v 36.998917 -25.614576 4.165250
v 36.998917 -24.614573 5.165250
v 36.998917 -24.614573 4.165250
v 36.998917 -23.614578 5.165250
v 36.998917 -23.614578 4.165250
v 36.998917 -22.614574 5.165250
v 36.998917 -22.614574 4.165250
v 36.998917 -21.614580 5.165250
v 36.998917 -21.614580 4.165250
v 36.998917 -20.614576 5.165250
v 36.998917 -20.614576 4.165250
v 36.998917 -15.614576 5.165249
v 36.998917 -15.614576 4.165249
v 36.998917 -14.614573 5.165249
v 36.998917 -14.614573 4.165249
v 36.998917 -13.614578 5.165249
v 36.998917 -13.614578 4.165249
v 36.998917 -12.614574 5.165249
v 36.998917 -12.614574 4.165249
v 36.998917 -11.614580 5.165249
v 36.998917 -11.614580 4.165249
v 36.998917 -10.614576 5.165249
v 36.998917 -10.614576 4.165249
v 36.998917 -5.614575 5.165249
v 36.998917 -5.614576 4.165249
v 36.998917 -4.614572 5.165248
v 36.998917 -4.614572 4.165249
v 36.998917 -3.614578 5.165248
v 36.998917 -3.614578 4.165249
v 36.998917 -2.614574 5.165248
v 36.998917 -2.614574 4.165248
v 36.998917 -1.614579 5.165248
v 36.998917 -1.614580 4.165248
v 36.998917 -0.614576 5.165248
v 36.998917 -0.614576 4.165248
v 36.998917 4.385425 5.165248
v 36.998917 4.385425 4.165248
v 36.998917 5.385428 5.165248
v 36.998917 5.385428 4.165248
v 36.998917 6.385422 5.165248
v 36.998917 6.385422 4.165248
v 36.998917 7.385426 5.165248
v 36.998917 7.385426 4.165248
v 36.998917 8.385420 5.165247
v 36.998917 8.385420 4.165248
v 36.998917 9.385424 5.165247
v 36.998917 9.385424 4.165247
v 38.998917 19.385424 10.165246
v 38.998917 19.385424 1.165247
v 38.998917 20.385427 10.165246
v 38.998917 20.385427 1.165247
v 38.998917 22.385426 10.165246
v 38.998917 22.385426 1.165246
v 38.998917 23.385420 10.165246
v 38.998917 23.385420 1.165246
v 39.998913 20.385427 10.165246
v 39.998913 20.385427 1.165247
v 39.998913 22.385426 10.165246
v 39.998913 22.385426 1.165246
v 40.998913 -17.614574 -1.834750
v 40.998913 -17.614574 -2.834750
v 40.998913 -15.614576 -1.834750
v 40.998913 -15.614576 -2.834751
v 40.998913 -11.614580 -1.834751
v 40.998913 -11.614580 -2.834751
v 40.998913 -9.614573 -1.834751
v 40.998913 -9.614573 -2.834751
v 40.998913 -5.614576 -1.834751
v 40.998913 -5.614576 -2.834751
v 40.998913 -3.614578 -1.834751
v 40.998913 -3.614578 -2.834751
v 40.998913 0.385428 -1.834752
v 40.998913 0.385428 -2.834752
v 40.998913 2.385426 -1.834752
v 40.998913 2.385426 -2.834752
v 40.998913 12.385426 -1.834752
v 40.998913 12.385426 -2.834753
v 40.998913 14.385424 -1.834753
v 40.998913 14.385424 -2.834753
v 41.998913 -26.614580 -1.834749
v 41.998913 -26.614580 -2.834750
v 41.998913 -24.614573 -1.834750
v 41.998913 -24.614573 -2.834750
v 41.998913 3.385420 -1.834752
v 41.998913 3.385420 -2.834752
v 41.998913 5.385428 -1.834752
v 41.998913 5.385427 -2.834752
v 41.998913 9.385424 -1.834752
v 41.998913 9.385424 -2.834753
v 41.998913 11.385422 -1.834752
v 41.998913 11.385422 -2.834753
v 42.998917 -20.614576 -1.834750
v 42.998917 -20.614576 -2.834750
v 42.998917 -18.614578 -1.834750
v 42.998917 -18.614578 -2.834750
v 42.998917 -14.614573 -1.834750
v 42.998917 -14.614573 -2.834751
v 42.998917 -12.614574 -1.834751
v 42.998917 -12.614574 -2.834751
v 42.998917 -2.614574 -1.834751
v 42.998917 -2.614574 -2.834752
v 42.998917 -0.614576 -1.834751
v 42.998917 -0.614576 -2.834752
v 43.998917 -29.614573 -1.834749
v 43.998917 -29.614573 -2.834749
v 43.998917 -27.614574 -1.834749
v 43.998917 -27.614574 -2.834750
v 43.998917 -8.614578 -1.834751
v 43.998917 -8.614578 -2.834751
v 43.998917 -6.614580 -1.834751
v 43.998917 -6.614580 -2.834751
v 43.998917 6.385422 -1.834752
v 43.998917 6.385422 -2.834752
v 43.998917 8.385420 -1.834752
v 43.998917 8.385420 -2.834752
v 43.998917 15.385427 -1.834753
v 43.998917 15.385427 -2.834753
v 43.998917 17.385426 -1.834753
v 43.998917 17.385426 -2.834753
v 43.998917 19.385424 10.165246
v 43.998917 19.385424 1.165247
v 43.998917 20.385427 10.165246
v 43.998917 20.385427 1.165247
v 43.998917 22.385426 10.165246
v 43.998917 22.385426 1.165246
v 43.998917 23.385420 10.165246
v 43.998917 23.385420 1.165246
v 44.998913 -23.614578 -1.834750
v 44.998913 -23.614578 -2.834750
v 44.998913 -21.614580 -1.834750
v 44.998913 -21.614580 -2.834750
v 44.998913 -11.614580 -1.834751
v 44.998913 -11.614580 -2.834751
v 44.998913 -9.614573 -1.834751
v 44.998913 -9.614573 -2.834751
v 44.998913 0.385428 -1.834752
v 44.998913 0.385428 -2.834752
v 44.998913 2.385426 -1.834752
v 44.998913 2.385426 -2.834752
v 44.998913 12.385426 -1.834752
v 44.998913 12.385426 -2.834753
v 44.998913 14.385424 -1.834753
v 44.998913 14.385424 -2.834753
v 44.998913 20.385427 10.165246
v 44.998913 20.385427 1.165247
v 44.998913 22.385426 10.165246
v 44.998913 22.385426 1.165246
v 45.998913 -17.614574 -1.834750
v 45.998913 -17.614574 -2.834750
v 45.998913 -15.614576 -1.834750
v 45.998913 -15.614576 -2.834751
v 45.998913 -5.614576 -1.834751
v 45.998913 -5.614576 -2.834751
v 45.998913 -3.614578 -1.834751
v 45.998913 -3.614578 -2.834751
v 45.998913 3.385420 -1.834752
v 45.998913 3.385420 -2.834752
v 45.998913 5.385428 -1.834752
v 45.998913 5.385427 -2.834752
v 45.998913 9.385424 -1.834752
v 45.998913 9.385424 -2.834753
v 45.998913 11.385422 -1.834752
v 45.998913 11.385422 -2.834753
v 45.998913 18.385420 -1.834753
v 45.998913 18.385420 -2.834753
v 45.998913 20.385427 -1.834753
v 45.998913 20.385427 -2.834753
v 48.998917 -26.614580 -1.834749
v 48.998917 -26.614580 -2.834750
v 48.998917 -24.614573 -1.834750
v 48.998917 -24.614573 -2.834750
v 48.998917 -23.614578 -1.834750
v 48.998917 -23.614578 -2.834750
v 48.998917 -21.614580 -1.834750
v 48.998917 -21.614580 -2.834750
v 48.998917 -20.614576 -1.834750
v 48.998917 -20.614576 -2.834750
v 48.998917 -18.614578 -1.834750
v 48.998917 -18.614578 -2.834750
v 48.998917 -17.614574 -1.834750
v 48.998917 -17.614574 -2.834750
v 48.998917 -15.614576 -1.834750
v 48.998917 -15.614576 -2.834751
v 48.998917 -14.614573 -1.834750
v 48.998917 -14.614573 -2.834751
v 48.998917 -12.614574 -1.834751
v 48.998917 -12.614574 -2.834751
v 48.998917 -11.614580 -1.834751
v 48.998917 -11.614580 -2.834751
v 48.998917 -9.614573 -1.834751
v 48.998917 -9.614573 -2.834751
v 48.998917 -8.614578 -1.834751
v 48.998917 -8.614578 -2.834751
v 48.998917 -6.614580 -1.834751
v 48.998917 -6.614580 -2.834751
v 48.998917 -5.614576 -1.834751
v 48.998917 -5.614576 -2.834751
v 48.998917 -3.614578 -1.834751
v 48.998917 -3.614578 -2.834751
v 48.998917 -2.614574 -1.834751
v 48.998917 -2.614574 -2.834752
v 48.998917 -0.614576 -1.834751
v 48.998917 -0.614576 -2.834752
v 48.998917 0.385428 -1.834752
v 48.998917 0.385428 -2.834752
v 48.998917 2.385426 -1.834752
v 48.998917 2.385426 -2.834752
v 48.998917 3.385420 -1.834752
v 48.998917 3.385420 -2.834752
v 48.998917 5.385428 -1.834752
v 48.998917 5.385427 -2.834752
v 48.998917 6.385422 -1.834752
v 48.998917 6.385422 -2.834752
v 48.998917 8.385420 -1.834752
v 48.998917 8.385420 -2.834752
v 48.998917 9.385424 -1.834752
v 48.998917 9.385424 -2.834753
v 48.998917 11.385422 -1.834752
v 48.998917 11.385422 -2.834753
v 48.998917 12.385426 -1.834752
v 48.998917 12.385426 -2.834753
v 48.998917 14.385424 -1.834753
v 48.998917 14.385424 -2.834753
v 48.998917 15.385427 -1.834753
v 48.998917 15.385427 -2.834753
v 48.998917 17.385426 -1.834753
v 48.998917 17.385426 -2.834753
v 48.998917 18.385420 -1.834753
v 48.998917 18.385420 -2.834753
v 48.998917 20.385427 -1.834753
v 48.998917 20.385427 -2.834753
v 48.998917 21.385422 -1.834753
v 48.998917 21.385422 -2.834753
v 48.998917 23.385420 -1.834753
v 48.998917 23.385420 -2.834754
v 48.998917 24.385424 -1.834753
v 48.998917 24.385424 -2.834754
v 48.998917 25.385427 -1.834754
v 48.998917 25.385427 -2.834754
v -49.001087 -29.614573 -1.834749
v -49.001087 -29.614573 -2.834749
v -49.001087 -27.614574 -1.834749
v -49.001087 -27.614574 -2.834750
v -49.001087 -26.614580 -1.834749
v -49.001087 -26.614580 -2.834750
v -49.001087 -24.614573 -1.834750
v -49.001087 -24.614573 -2.834750
v -49.001087 -23.614578 -1.834750
v -49.001087 -23.614578 -2.834750
v -49.001087 -21.614580 -1.834750
v -49.001087 -21.614580 -2.834750
v -49.001087 -20.614576 -1.834750
v -49.001087 -20.614576 -2.834750
v -49.001087 -18.614578 -1.834750
v -49.001087 -18.614578 -2.834750
v -49.001087 -17.614574 -1.834750
v -49.001087 -17.614574 -2.834750
v -49.001087 -15.614576 -1.834750
v -49.001087 -15.614576 -2.834751
v -49.001087 -14.614573 -1.834750
v -49.001087 -14.614573 -2.834751
v -49.001087 -12.614574 -1.834751
v -49.001087 -12.614574 -2.834751
v -49.001087 -11.614580 -1.834751
v -49.001087 -11.614580 -2.834751
v -49.001087 -9.614573 -1.834751
v -49.001087 -9.614573 -2.834751
v -49.001087 -8.614578 -1.834751
v -49.001087 -8.614578 -2.834751
v -49.001087 -6.614580 -1.834751
v -49.001087 -6.614580 -2.834751
v -49.001087 -5.614576 -1.834751
v -49.001087 -5.614576 -2.834751
v -49.001087 -3.614578 -1.834751
v -49.001087 -3.614578 -2.834751
v -49.001087 -2.614574 -1.834751
v -49.001087 -2.614574 -2.834752
v -49.001087 -0.614576 -1.834751
v -49.001087 -0.614576 -2.834752
v -49.001087 0.385428 -1.834752
v -49.001087 0.385428 -2.834752
v -49.001087 2.385426 -1.834752
v -49.001087 2.385426 -2.834752
v -49.001087 3.385420 -1.834752
v -49.001087 3.385420 -2.834752
v -49.001087 5.385428 -1.834752
v -49.001087 5.385427 -2.834752
v -49.001087 6.385422 -1.834752
v -49.001087 6.385422 -2.834752
v -49.001087 8.385420 -1.834752
v -49.001087 8.385420 -2.834752
v -49.001087 9.385424 -1.834752
v -49.001087 9.385424 -2.834753
v -49.001087 11.385422 -1.834752
v -49.001087 11.385422 -2.834753
v -49.001087 12.385426 -1.834752
v -49.001087 12.385426 -2.834753
v -49.001087 14.385424 -1.834753
v -49.001087 14.385424 -2.834753
v -49.001087 15.385427 -1.834753
v -49.001087 15.385427 -2.834753
v -49.001087 17.385426 -1.834753
v -49.001087 17.385426 -2.834753
v -49.001087 18.385420 -1.834753
v -49.001087 18.385420 -2.834753
v -49.001087 20.385427 -1.834753
v -49.001087 20.385427 -2.834753
v -49.001087 21.385422 -1.834753
v -49.001087 21.385422 -2.834753
v -49.001087 23.385420 -1.834753
v -49.001087 23.385420 -2.834754
v -49.001087 24.385424 -1.834753
v -49.001087 24.385424 -2.834754
v -49.001087 25.385427 -1.834754
v -49.001087 25.385427 -2.834754
v -46.001083 -17.614574 -1.834750
v -46.001083 -17.614574 -2.834750
v -46.001083 -15.614576 -1.834750
v -46.001083 -15.614576 -2.834751
v -46.001083 -5.614576 -1.834751
v -46.001083 -5.614576 -2.834751
v -46.001083 -3.614578 -1.834751
v -46.001083 -3.614578 -2.834751
v -46.001083 3.385420 -1.834752
v -46.001083 3.385420 -2.834752
v -46.001083 5.385428 -1.834752
v -46.001083 5.385427 -2.834752
v -46.001083 9.385424 -1.834752
v -46.001083 9.385424 -2.834753
v -46.001083 11.385422 -1.834752
v -46.001083 11.385422 -2.834753
v -46.001083 18.385420 -1.834753
v -46.001083 18.385420 -2.834753
v -46.001083 20.385427 -1.834753
v -46.001083 20.385427 -2.834753
v -45.001087 -29.614573 -1.834749
v -45.001087 -29.614573 -2.834749
v -45.001087 -27.614574 -1.834749
v -45.001087 -27.614574 -2.834750
v -45.001087 -23.614578 -1.834750
v -45.001087 -23.614578 -2.834750
v -45.001087 -21.614580 -1.834750
v -45.001087 -21.614580 -2.834750
v -45.001087 -11.614580 -1.834751
v -45.001087 -11.614580 -2.834751
v -45.001087 -9.614573 -1.834751
v -45.001087 -9.614573 -2.834751
v -45.001087 0.385428 -1.834752
v -45.001087 0.385428 -2.834752
v -45.001087 2.385426 -1.834752
v -45.001087 2.385426 -2.834752
v -45.001087 12.385426 -1.834752
v -45.001087 12.385426 -2.834753
v -45.001087 14.385424 -1.834753
v -45.001087 14.385424 -2.834753
v -45.001087 20.385427 10.165246
v -45.001087 20.385427 1.165247
v -45.001087 22.385426 10.165246
v -45.001087 22.385426 1.165246
v -44.001087 -8.614578 -1.834751
v -44.001087 -8.614578 -2.834751
v -44.001087 -6.614580 -1.834751
v -44.001087 -6.614580 -2.834751
v -44.001087 6.385422 -1.834752
v -44.001087 6.385422 -2.834752
v -44.001087 8.385420 -1.834752
v -44.001087 8.385420 -2.834752
v -44.001087 15.385427 -1.834753
v -44.001087 15.385427 -2.834753
v -44.001087 17.385426 -1.834753
v -44.001087 17.385426 -2.834753
v -44.001087 19.385424 10.165246
v -44.001087 19.385424 1.165247
v -44.001087 20.385427 10.165246
v -44.001087 20.385427 1.165247
v -44.001087 22.385426 10.165246
v -44.001087 22.385426 1.165246
v -44.001087 23.385420 10.165246
v -44.001087 23.385420 1.165246
v -43.001087 -20.614576 -1.834750
v -43.001087 -20.614576 -2.834750
v -43.001087 -18.614578 -1.834750
v -43.001087 -18.614578 -2.834750
v -43.001087 -14.614573 -1.834750
v -43.001087 -14.614573 -2.834751
v -43.001087 -12.614574 -1.834751
v -43.001087 -12.614574 -2.834751
v -43.001087 -2.614574 -1.834751
v -43.001087 -2.614574 -2.834752
v -43.001087 -0.614576 -1.834751
v -43.001087 -0.614576 -2.834752
v -42.001083 -26.614580 -1.834749
v -42.001083 -26.614580 -2.834750
v -42.001083 -24.614573 -1.834750
v -42.001083 -24.614573 -2.834750
v -42.001083 3.385420 -1.834752
v -42.001083 3.385420 -2.834752
v -42.001083 5.385428 -1.834752
v -42.001083 5.385427 -2.834752
v -42.001083 9.385424 -1.834752
v -42.001083 9.385424 -2.834753
v -42.001083 11.385422 -1.834752
v -42.001083 11.385422 -2.834753
v -41.001083 -29.614573 -1.834749
v -41.001083 -29.614573 -2.834749
v -41.001083 -27.614574 -1.834749
v -41.001083 -27.614574 -2.834750
v -41.001083 -17.614574 -1.834750
v -41.001083 -17.614574 -2.834750
v -41.001083 -15.614576 -1.834750
v -41.001083 -15.614576 -2.834751
v -41.001083 -11.614580 -1.834751
v -41.001083 -11.614580 -2.834751
v -41.001083 -9.614573 -1.834751
v -41.001083 -9.614573 -2.834751
v -41.001083 -5.614576 -1.834751
v -41.001083 -5.614576 -2.834751
v -41.001083 -3.614578 -1.834751
v -41.001083 -3.614578 -2.834751
v -41.001083 0.385428 -1.834752
v -41.001083 0.385428 -2.834752
v -41.001083 2.385426 -1.834752
v -41.001083 2.385426 -2.834752
v -41.001083 12.385426 -1.834752
v -41.001083 12.385426 -2.834753
v -41.001083 14.385424 -1.834753
v -41.001083 14.385424 -2.834753
v -40.001083 20.385427 10.165246
v -40.001083 20.385427 1.165247
v -40.001083 22.385426 10.165246
v -40.001083 22.385426 1.165246
v -39.001083 19.385424 10.165246
v -39.001083 19.385424 1.165247
v -39.001083 20.385427 10.165246
v -39.001083 20.385427 1.165247
v -39.001083 22.385426 10.165246
v -39.001083 22.385426 1.165246
v -39.001083 23.385420 10.165246
v -39.001083 23.385420 1.165246
v -37.001083 -25.614576 5.165250
v -37.001083 -25.614576 4.165250
v -37.001083 -24.614573 5.165250
v -37.001083 -24.614573 4.165250
v -37.001083 -23.614578 5.165250
v -37.001083 -23.614578 4.165250
v -37.001083 -22.614574 5.165250
v -37.001083 -22.614574 4.165250
v -37.001083 -21.614580 5.165250
v -37.001083 -21.614580 4.165250
v -37.001083 -20.614576 5.165250
v -37.001083 -20.614576 4.165250
v -37.001083 -15.614576 5.165249
v -37.001083 -15.614576 4.165249
v -37.001083 -14.614573 5.165249
v -37.001083 -14.614573 4.165249
v -37.001083 -13.614578 5.165249
v -37.001083 -13.614578 4.165249
v -37.001083 -12.614574 5.165249
v -37.001083 -12.614574 4.165249
v -37.001083 -11.614580 5.165249
v -37.001083 -11.614580 4.165249
v -37.001083 -10.614576 5.165249
v -37.001083 -10.614576 4.165249
v -37.001083 -5.614575 5.165249
v -37.001083 -5.614576 4.165249
v -37.001083 -4.614572 5.165248
v -37.001083 -4.614572 4.165249
v -37.001083 -3.614578 5.165248
v -37.001083 -3.614578 4.165249
v -37.001083 -2.614574 5.165248
v -37.001083 -2.614574 4.165248
v -37.001083 -1.614579 5.165248
v -37.001083 -1.614580 4.165248
v -37.001083 -0.614576 5.165248
v -37.001083 -0.614576 4.165248
v -37.001083 4.385425 5.165248
v -37.001083 4.385425 4.165248
v -37.001083 5.385428 5.165248
v -37.001083 5.385428 4.165248
v -37.001083 6.385422 5.165248
v -37.001083 6.385422 4.165248
v -37.001083 7.385426 5.165248
v -37.001083 7.385426 4.165248
v -37.001083 8.385420 5.165247
v -37.001083 8.385420 4.165248
v -37.001083 9.385424 5.165247
v -37.001083 9.385424 4.165247
v -34.001083 20.385427 10.165246
v -34.001083 20.385427 1.165247
v -34.001083 22.385426 10.165246
v -34.001083 22.385426 1.165246
v -33.001083 19.385424 10.165246
v -33.001083 19.385424 1.165247
v -33.001083 20.385427 10.165246
v -33.001083 20.385427 1.165247
v -33.001083 22.385426 10.165246
v -33.001083 22.385426 1.165246
v -33.001083 23.385420 10.165246
v -33.001083 23.385420 1.165246
v -32.001083 -25.614576 5.165250
v -32.001083 -25.614576 4.165250
v -32.001083 -24.614573 5.165250
v -32.001083 -24.614573 4.165250
v -32.001083 -23.614578 5.165250
v -32.001083 -23.614578 4.165250
v -32.001083 -22.614574 5.165250
v -32.001083 -22.614574 4.165250
v -32.001083 -21.614580 5.165250
v -32.001083 -21.614580 4.165250
v -32.001083 -20.614576 5.165250
v -32.001083 -20.614576 4.165250
v -32.001083 -15.614576 5.165249
v -32.001083 -15.614576 4.165249
v -32.001083 -14.614573 5.165249
v -32.001083 -14.614573 4.165249
v -32.001083 -13.614578 5.165249
v -32.001083 -13.614578 4.165249
v -32.001083 -12.614574 5.165249
v -32.001083 -12.614574 4.165249
v -32.001083 -11.614580 5.165249
v -32.001083 -11.614580 4.165249
v -32.001083 -10.614576 5.165249
v -32.001083 -10.614576 4.165249
v -32.001083 -5.614575 5.165249
v -32.001083 -5.614576 4.165249
v -32.001083 -4.614572 5.165248
v -32.001083 -4.614572 4.165249
v -32.001083 -3.614578 5.165248
v -32.001083 -3.614578 4.165249
v -32.001083 -2.614574 5.165248
v -32.001083 -2.614574 4.165248
v -32.001083 -1.614579 5.165248
v -32.001083 -1.614580 4.165248
v -32.001083 -0.614576 5.165248
v -32.001083 -0.614576 4.165248
v -32.001083 4.385425 5.165248
v -32.001083 4.385425 4.165248
v -32.001083 5.385428 5.165248
v -32.001083 5.385428 4.165248
v -32.001083 6.385422 5.165248
v -32.001083 6.385422 4.165248
v -32.001083 7.385426 5.165248
v -32.001083 7.385426 4.165248
v -32.001083 8.385420 5.165247
v -32.001083 8.385420 4.165248
v -32.001083 9.385424 5.165247
v -32.001083 9.385424 4.165247
v -30.001083 -30.614576 5.165251
v -30.001083 -30.614576 -1.834749
v -30.001083 -29.614573 -1.834749
v -30.001083 -29.614573 -2.834749
v -30.001083 -27.614574 -1.834749
v -30.001083 -27.614574 -2.834750
v -30.001083 -26.614580 -1.834749
v -30.001083 -26.614580 -2.834750
v -30.001083 -25.614576 5.165250
v -30.001083 -25.614576 4.165250
v -30.001083 -25.614576 -2.834750
v -30.001083 -24.614573 5.165250
v -30.001083 -24.614573 4.165250
v -30.001083 -24.614573 -1.834750
v -30.001083 -24.614573 -2.834750
v -30.001083 -23.614578 5.165250
v -30.001083 -23.614578 4.165250
v -30.001083 -23.614578 -1.834750
v -30.001083 -23.614578 -2.834750
v -30.001083 -22.614574 5.165250
v -30.001083 -22.614574 4.165250
v -30.001083 -22.614574 -2.834750
v -30.001083 -21.614580 5.165250
v -30.001083 -21.614580 4.165250
v -30.001083 -21.614580 -1.834750
v -30.001083 -21.614580 -2.834750
v -30.001083 -20.614576 5.165250
v -30.001083 -20.614576 4.165250
v -30.001083 -20.614576 -1.834750
v -30.001083 -20.614576 -2.834750
v -30.001083 -18.614578 -1.834750
v -30.001083 -18.614578 -2.834750
v -30.001083 -17.614574 -1.834750
v -30.001083 -17.614574 -2.834750
v -30.001083 -15.614576 5.165249
v -30.001083 -15.614576 4.165249
v -30.001083 -15.614576 -1.834750
v -30.001083 -15.614576 -2.834751
v -30.001083 -14.614573 5.165249
v -30.001083 -14.614573 4.165249
v -30.001083 -14.614573 -1.834750
v -30.001083 -14.614573 -2.834751
v -30.001083 -13.614578 5.165249
v -30.001083 -13.614578 4.165249
v -30.001083 -13.614578 -2.834751
v -30.001083 -12.614574 5.165249
v -30.001083 -12.614574 4.165249
v -30.001083 -12.614574 -1.834751
v -30.001083 -12.614574 -2.834751
v -30.001083 -11.614580 5.165249
v -30.001083 -11.614580 4.165249
v -30.001083 -11.614580 -1.834751
v -30.001083 -11.614580 -2.834751
v -30.001083 -10.614576 5.165249
v -30.001083 -10.614576 4.165249
v -30.001083 -10.614576 -2.834751
v -30.001083 -9.614573 -1.834751
v -30.001083 -9.614573 -2.834751
v -30.001083 -8.614578 -1.834751
v -30.001083 -8.614578 -2.834751
v -30.001083 -6.614580 -1.834751
v -30.001083 -6.614580 -2.834751
v -30.001083 -5.614575 5.165249
v -30.001083 -5.614576 4.165249
v -30.001083 -5.614576 -1.834751
v -30.001083 -5.614576 -2.834751
v -30.001083 -4.614572 5.165248
v -30.001083 -4.614572 4.165249
v -30.001083 -4.614573 -2.834751
v -30.001083 -3.614578 5.165248
v -30.001083 -3.614578 4.165249
v -30.001083 -3.614578 -1.834751
v -30.001083 -3.614578 -2.834751
v -30.001083 -2.614574 5.165248
v -30.001083 -2.614574 4.165248
v -30.001083 -2.614574 -1.834751
v -30.001083 -2.614574 -2.834752
v -30.001083 -1.614579 5.165248
v -30.001083 -1.614580 4.165248
v -30.001083 -1.614580 -2.834752
v -30.001083 -0.614576 5.165248
v -30.001083 -0.614576 4.165248
v -30.001083 -0.614576 -1.834751
v -30.001083 -0.614576 -2.834752
v -30.001083 0.385428 -1.834752
v -30.001083 0.385428 -2.834752
v -30.001083 2.385426 -1.834752
v -30.001083 2.385426 -2.834752
v -30.001083 3.385420 -1.834752
v -30.001083 3.385420 -2.834752
v -30.001083 4.385425 5.165248
v -30.001083 4.385425 4.165248
v -30.001083 4.385424 -2.834752
v -30.001083 5.385428 5.165248
v -30.001083 5.385428 4.165248
v -30.001083 5.385428 -1.834752
v -30.001083 5.385427 -2.834752
v -30.001083 6.385422 5.165248
v -30.001083 6.385422 4.165248
v -30.001083 6.385422 -1.834752
v -30.001083 6.385422 -2.834752
v -30.001083 7.385426 5.165248
v -30.001083 7.385426 4.165248
v -30.001083 7.385426 -2.834752
v -30.001083 8.385420 5.165247
v -30.001083 8.385420 4.165248
v -30.001083 8.385420 -1.834752
v -30.001083 8.385420 -2.834752
v -30.001083 9.385424 5.165247
v -30.001083 9.385424 4.165247
v -30.001083 9.385424 -1.834752
v -30.001083 9.385424 -2.834753
v -30.001083 11.385422 -1.834752
v -30.001083 11.385422 -2.834753
v -30.001083 12.385426 -1.834752
v -30.001083 12.385426 -2.834753
v -30.001083 14.385424 5.165247
v -30.001083 14.385424 -2.834753
v -29.001085 14.385424 6.165246
v -29.001085 14.385424 -1.834753
v -29.001085 15.385427 6.165246
v -29.001085 15.385427 -1.834753
v -29.001085 20.385427 10.165246
v -29.001085 20.385427 1.165247
v -29.001085 22.385426 10.165246
v -29.001085 22.385426 1.165246
v -28.001083 -26.614580 -1.834749
v -28.001083 -26.614580 -2.834750
v -28.001083 -24.614573 -1.834750
v -28.001083 -24.614573 -2.834750
v -28.001083 -20.614576 -1.834750
v -28.001083 -20.614576 -2.834750
v -28.001083 -18.614578 -1.834750
v -28.001083 -18.614578 -2.834750
v -28.001083 -14.614573 -1.834750
v -28.001083 -14.614573 -2.834751
v -28.001083 -12.614574 -1.834751
v -28.001083 -12.614574 -2.834751
v -28.001083 -2.614574 -1.834751
v -28.001083 -2.614574 -2.834752
v -28.001083 -0.614576 -1.834751
v -28.001083 -0.614576 -2.834752
v -28.001083 15.385427 7.165247
v -28.001083 15.385427 -1.834753
v -28.001083 15.385427 -2.834753
v -28.001083 16.385422 7.165247
v -28.001083 16.385422 -2.834753
v -28.001083 19.385424 10.165246
v -28.001083 19.385424 1.165247
v -28.001083 20.385427 10.165246
v -28.001083 20.385427 1.165247
v -28.001083 22.385426 10.165246
v -28.001083 22.385426 1.165246
v -28.001083 23.385420 10.165246
v -28.001083 23.385420 1.165246
v -27.001083 16.385422 8.165248
v -27.001083 16.385422 -2.834753
v -27.001083 17.385426 8.165248
v -27.001083 17.385426 -2.834753
v -26.001083 -29.614573 -1.834749
v -26.001083 -29.614573 -2.834749
v -26.001083 -27.614574 -1.834749
v -26.001083 -27.614574 -2.834750
v -26.001083 -23.614578 -1.834750
v -26.001083 -23.614578 -2.834750
v -26.001083 -21.614580 -1.834750
v -26.001083 -21.614580 -2.834750
v -26.001083 -17.614574 -1.834750
v -26.001083 -17.614574 -2.834750
v -26.001083 -15.614576 -1.834750
v -26.001083 -15.614576 -2.834751
v -26.001083 -8.614578 -1.834751
v -26.001083 -8.614578 -2.834751
v -26.001083 -6.614580 -1.834751
v -26.001083 -6.614580 -2.834751
v -26.001083 3.385420 -1.834752
v -26.001083 3.385420 -2.834752
v -26.001083 5.385428 -1.834752
v -26.001083 5.385427 -2.834752
v -26.001083 9.385424 -1.834752
v -26.001083 9.385424 -2.834753
v -26.001083 11.385422 -1.834752
v -26.001083 11.385422 -2.834753
v -26.001083 17.385426 9.165246
v -26.001083 17.385426 -1.834753
v -26.001083 18.385420 9.165246
v -26.001083 18.385420 -1.834753
v -25.001083 0.385428 -1.834752
v -25.001083 0.385428 -2.834752
v -25.001083 2.385426 -1.834752
v -25.001083 2.385426 -2.834752
v -25.001083 18.385420 10.165246
v -25.001083 18.385420 -1.834753
v -25.001083 18.385420 -2.834753
v -25.001083 19.385424 10.165246
v -25.001083 19.385424 -2.834753
v -25.001083 20.385427 10.165246
v -25.001083 20.385427 -2.834753
v -25.001083 22.385426 10.165246
v -25.001083 22.385426 -2.834754
v -25.001083 23.385420 10.165246
v -25.001083 23.385420 -2.834754
v -24.001085 -11.614580 -1.834751
v -24.001085 -11.614580 -2.834751
v -24.001085 -9.614573 -1.834751
v -24.001085 -9.614573 -2.834751
v -24.001085 -5.614576 -1.834751
v -24.001085 -5.614576 -2.834751
v -24.001085 -3.614578 -1.834751
v -24.001085 -3.614578 -2.834751
v -24.001085 20.385427 10.165246
v -24.001085 20.385427 -1.834753
v -24.001085 21.385422 -1.834753
v -24.001085 21.385422 -2.834753
v -24.001085 22.385426 10.165246
v -24.001085 22.385426 -2.834754
v -23.001083 -26.614580 -1.834749
v -23.001083 -26.614580 -2.834750
v -23.001083 -24.614573 -1.834750
v -23.001083 -24.614573 -2.834750
v -23.001083 -20.614576 -1.834750
v -23.001083 -20.614576 -2.834750
v -23.001083 -18.614578 -1.834750
v -23.001083 -18.614578 -2.834750
v -23.001083 6.385422 -1.834752
v -23.001083 6.385422 -2.834752
v -23.001083 8.385420 -1.834752
v -23.001083 8.385420 -2.834752
v -23.001083 12.385426 -1.834752
v -23.001083 12.385426 -2.834753
v -23.001083 14.385424 -1.834753
v -23.001083 14.385424 -2.834753
v -23.001083 15.385427 -1.834753
v -23.001083 15.385427 -2.834753
v -23.001083 17.385426 -1.834753
v -23.001083 17.385426 -2.834753
v -23.001083 23.385420 10.165246
v -23.001083 23.385420 -1.834753
v -23.001083 24.385424 10.165246
v -23.001083 24.385424 -1.834753
v -22.001083 -15.614576 0.165249
v -22.001083 -15.614576 -2.834751
v -22.001083 -15.614576 -3.834750
v -22.001083 -12.614574 0.165249
v -22.001083 -12.614574 -2.834751
v -22.001083 -11.614580 0.165249
v -22.001083 -11.614580 -2.834751
v -22.001083 -7.614574 0.165249
v -22.001083 -7.614574 -2.834751
v -22.001083 -6.614580 0.165249
v -22.001083 -6.614580 -2.834751
v -22.001083 -2.614574 0.165248
v -22.001083 -2.614574 -2.834752
v -22.001083 -1.614580 0.165248
v -22.001083 -1.614580 -2.834752
v -22.001083 0.385428 0.165248
v -22.001083 0.385428 -2.834752
v -22.001083 0.385428 -3.834751
v -22.001083 24.385424 10.165246
v -22.001083 24.385424 -1.834753
v -22.001083 25.385427 10.165246
v -22.001083 25.385427 -1.834754
v -21.001083 -29.614573 -1.834749
v -21.001083 -29.614573 -2.834749
v -21.001083 -27.614574 -1.834749
v -21.001083 -27.614574 -2.834750
v -21.001083 -23.614578 -1.834750
v -21.001083 -23.614578 -2.834750
v -21.001083 -21.614580 -1.834750
v -21.001083 -21.614580 -2.834750
v -21.001083 -16.614580 0.165250
v -21.001083 -16.614580 -2.834750
v -21.001083 -16.614580 -3.834750
v -21.001083 -15.614576 0.165249
v -21.001083 -15.614576 -2.834751
v -21.001083 -15.614576 -3.834750
v -21.001083 0.385428 0.165248
v -21.001083 0.385428 -2.834752
v -21.001083 0.385428 -3.834751
v -21.001083 2.385426 0.165248
v -21.001083 2.385426 -2.834752
v -21.001083 2.385426 -3.834752
v -21.001083 21.385422 -1.834753
v -21.001083 21.385422 -2.834753
v -21.001083 23.385420 -1.834753
v -21.001083 23.385420 -2.834754
v -21.001083 24.385424 -1.834753
v -21.001083 24.385424 -2.834754
v -21.001083 25.385427 -1.834754
v -21.001083 25.385427 -2.834754
v -20.001083 2.385426 0.165248
v -20.001083 2.385426 -2.834752
v -20.001083 2.385426 -3.834752
v -20.001083 4.385424 0.165248
v -20.001083 4.385424 -2.834752
v -20.001083 4.385424 -3.834752
v -20.001083 9.385424 -1.834752
v -20.001083 9.385424 -2.834753
v -20.001083 11.385422 -1.834752
v -20.001083 11.385422 -2.834753
v -20.001083 18.385420 -1.834753
v -20.001083 18.385420 -2.834753
v -20.001083 20.385427 -1.834753
v -20.001083 20.385427 -2.834753
v -19.001083 4.385424 0.165248
v -19.001083 4.385424 -2.834752
v -19.001083 4.385424 -3.834752
v -19.001083 6.385422 0.165248
v -19.001083 6.385422 -2.834752
v -19.001083 6.385422 -3.834752
v -19.001083 12.385426 -1.834752
v -19.001083 12.385426 -2.834753
v -19.001083 14.385424 -1.834753
v -19.001083 14.385424 -2.834753
v -18.001083 -26.614580 -1.834749
v -18.001083 -26.614580 -2.834750
v -18.001083 -24.614573 -1.834750
v -18.001083 -24.614573 -2.834750
v -18.001083 -20.614576 -1.834750
v -18.001083 -20.614576 -2.834750
v -18.001083 -18.614578 -1.834750
v -18.001083 -18.614578 -2.834750
v -18.001083 6.385422 -2.834752
v -18.001083 6.385422 -3.834752
v -18.001083 7.385426 -2.834752
v -18.001083 7.385426 -3.834752
v -17.001083 -23.614578 -1.834750
v -17.001083 -23.614578 -2.834750
v -17.001083 -21.614580 -1.834750
v -17.001083 -21.614580 -2.834750
v -17.001083 -16.614580 0.165250
v -17.001083 -16.614580 -2.834750
v -17.001083 -12.614574 0.165249
v -17.001083 -12.614574 -2.834751
v -17.001083 -11.614580 0.165249
v -17.001083 -11.614580 -2.834751
v -17.001083 -7.614574 0.165249
v -17.001083 -7.614574 -2.834751
v -17.001083 -6.614580 0.165249
v -17.001083 -6.614580 -2.834751
v -17.001083 -2.614574 0.165248
v -17.001083 -2.614574 -2.834752
v -17.001083 -1.614580 0.165248
v -17.001083 -1.614580 -2.834752
v -17.001083 6.385422 0.165248
v -17.001083 6.385422 -2.834752
v -17.001083 7.385426 0.165248
v -17.001083 7.385426 -2.834752
v -17.001083 8.385420 0.165248
v -17.001083 8.385420 -1.834752
v -17.001083 8.385420 -2.834752
v -17.001083 15.385427 -1.834753
v -17.001083 15.385427 -2.834753
v -17.001083 17.385426 -1.834753
v -17.001083 17.385426 -2.834753
v -17.001083 21.385422 -1.834753
v -17.001083 21.385422 -2.834753
v -17.001083 23.385420 -1.834753
v -17.001083 23.385420 -2.834754
v -17.001083 24.385424 -1.834753
v -17.001083 24.385424 -2.834754
v -17.001083 25.385427 -1.834754
v -17.001083 25.385427 -2.834754
v -16.001085 6.385422 0.165248
v -16.001085 6.385422 -2.834752
v -16.001085 7.385426 0.165248
v -16.001085 7.385426 -2.834752
v -15.001084 -29.614573 -1.834749
v -15.001084 -29.614573 -2.834749
v -15.001084 -27.614574 -1.834749
v -15.001084 -27.614574 -2.834750
v -15.001084 4.385424 0.165248
v -15.001084 4.385424 -2.834752
v -15.001084 5.385428 -1.834752
v -15.001084 5.385427 -2.834752
v -15.001084 6.385422 0.165248
v -15.001084 6.385422 -1.834752
v -15.001084 18.385420 -1.834753
v -15.001084 18.385420 -2.834753
v -15.001084 20.385427 -1.834753
v -15.001084 20.385427 -2.834753
v -14.001084 -17.614574 0.165250
v -14.001084 -17.614574 -1.834750
v -14.001084 -17.614574 -2.834750
v -14.001084 -16.614580 0.165250
v -14.001084 -16.614580 -2.834750
v -14.001084 2.385426 0.165248
v -14.001084 2.385426 -1.834752
v -14.001084 3.385420 -1.834752
v -14.001084 3.385420 -2.834752
v -14.001084 4.385424 0.165248
v -14.001084 4.385424 -2.834752
v -13.001084 -20.614576 -1.834750
v -13.001084 -20.614576 -2.834750
v -13.001084 -18.614578 -1.834750
v -13.001084 -18.614578 -2.834750
v -13.001084 -16.614580 0.165250
v -13.001084 -16.614580 -2.834750
v -13.001084 -15.614576 0.165249
v -13.001084 -15.614576 -2.834751
v -13.001084 0.385428 0.165248
v -13.001084 0.385428 -2.834752
v -13.001084 2.385426 0.165248
v -13.001084 2.385426 -1.834752
v -13.001084 2.385426 -2.834752
v -13.001084 9.385424 -1.834752
v -13.001084 9.385424 -2.834753
v -13.001084 11.385422 -1.834752
v -13.001084 11.385422 -2.834753
v -13.001084 15.385427 -1.834753
v -13.001084 15.385427 -2.834753
v -13.001084 17.385426 -1.834753
v -13.001084 17.385426 -2.834753
v -13.001084 21.385422 -1.834753
v -13.001084 21.385422 -2.834753
v -13.001084 23.385420 -1.834753
v -13.001084 23.385420 -2.834754
v -12.001085 -26.614580 -1.834749
v -12.001085 -26.614580 -2.834750
v -12.001085 -24.614573 -1.834750
v -12.001085 -24.614573 -2.834750
v -12.001085 -15.614576 0.165249
v -12.001085 -15.614576 -1.834750
v -12.001085 -8.614578 -1.834751
v -12.001085 -8.614578 -2.834751
v -12.001085 -6.614580 -1.834751
v -12.001085 -6.614580 -2.834751
v -12.001085 -5.614576 -1.834751
v -12.001085 -5.614576 -2.834751
v -12.001085 -3.614578 -1.834751
v -12.001085 -3.614578 -2.834751
v -12.001085 -2.614574 -1.834751
v -12.001085 -2.614574 -2.834752
v -12.001085 -0.614576 -1.834751
v -12.001085 -0.614576 -2.834752
v -12.001085 0.385428 0.165248
v -12.001085 0.385428 -1.834752
v -11.001085 -29.614573 -1.834749
v -11.001085 -29.614573 -2.834749
v -11.001085 -27.614574 -1.834749
v -11.001085 -27.614574 -2.834750
v -11.001085 -23.614578 -1.834750
v -11.001085 -23.614578 -2.834750
v -11.001085 -21.614580 -1.834750
v -11.001085 -21.614580 -2.834750
v -11.001085 -17.614574 -1.834750
v -11.001085 -17.614574 -2.834750
v -11.001085 -15.614576 -1.834750
v -11.001085 -15.614576 -2.834751
v -11.001085 -14.614573 -1.834750
v -11.001085 -14.614573 -2.834751
v -11.001085 -12.614574 -1.834751
v -11.001085 -12.614574 -2.834751
v -11.001085 -11.614580 -1.834751
v -11.001085 -11.614580 -2.834751
v -11.001085 -9.614573 -1.834751
v -11.001085 -9.614573 -2.834751
v -11.001085 0.385428 -1.834752
v -11.001085 0.385428 -2.834752
v -11.001085 2.385426 -1.834752
v -11.001085 2.385426 -2.834752
v -11.001085 6.385422 -1.834752
v -11.001085 6.385422 -2.834752
v -11.001085 8.385420 -1.834752
v -11.001085 8.385420 -2.834752
v -11.001085 12.385426 -1.834752
v -11.001085 12.385426 -2.834753
v -11.001085 14.385424 -1.834753
v -11.001085 14.385424 -2.834753
v -11.001085 18.385420 -1.834753
v -11.001085 18.385420 -2.834753
v -11.001085 20.385427 -1.834753
v -11.001085 20.385427 -2.834753
v -10.001085 20.385427 10.165246
v -10.001085 20.385427 1.165247
v -10.001085 22.385426 10.165246
v -10.001085 22.385426 1.165246
v -9.001085 19.385424 10.165246
v -9.001085 19.385424 1.165247
v -9.001085 20.385427 10.165246
v -9.001085 20.385427 1.165247
v -9.001085 22.385426 10.165246
v -9.001085 22.385426 1.165246
v -9.001085 23.385420 10.165246
v -9.001085 23.385420 1.165246
v -8.001085 -23.614578 -1.834750
v -8.001085 -23.614578 -2.834750
v -8.001085 -21.614580 -1.834750
v -8.001085 -21.614580 -2.834750
v -8.001085 -5.614576 -1.834751
v -8.001085 -5.614576 -2.834751
v -8.001085 -3.614578 -1.834751
v -8.001085 -3.614578 -2.834751
v -8.001085 3.385420 -1.834752
v -8.001085 3.385420 -2.834752
v -8.001085 5.385428 -1.834752
v -8.001085 5.385427 -2.834752
v -7.001085 -29.614573 -1.834749
v -7.001085 -29.614573 -2.834749
v -7.001085 -27.614574 -1.834749
v -7.001085 -27.614574 -2.834750
v -7.001085 -20.614576 -1.834750
v -7.001085 -20.614576 -2.834750
v -7.001085 -18.614578 -1.834750
v -7.001085 -18.614578 -2.834750
v -7.001085 -2.614574 -1.834751
v -7.001085 -2.614574 -2.834752
v -7.001085 -0.614576 -1.834751
v -7.001085 -0.614576 -2.834752
v -7.001085 9.385424 -1.834752
v -7.001085 9.385424 -2.834753
v -7.001085 11.385422 -1.834752
v -7.001085 11.385422 -2.834753
v -6.001085 -26.614580 -1.834749
v -6.001085 -26.614580 -2.834750
v -6.001085 -24.614573 -1.834750
v -6.001085 -24.614573 -2.834750
v -6.001085 -8.614578 -1.834751
v -6.001085 -8.614578 -2.834751
v -6.001085 -6.614580 -1.834751
v -6.001085 -6.614580 -2.834751
v -5.001085 20.385427 10.165246
v -5.001085 20.385427 1.165247
v -5.001085 22.385426 10.165246
v -5.001085 22.385426 1.165246
v -4.001085 19.385424 10.165246
v -4.001085 19.385424 1.165247
v -4.001085 20.385427 10.165246
v -4.001085 20.385427 1.165247
v -4.001085 22.385426 10.165246
v -4.001085 22.385426 1.165246
v -4.001085 23.385420 10.165246
v -4.001085 23.385420 1.165246
v -2.001085 -25.614576 5.165250
v -2.001085 -25.614576 4.165250
v -2.001085 -24.614573 5.165250
v -2.001085 -24.614573 4.165250
v -2.001085 -23.614578 5.165250
v -2.001085 -23.614578 4.165250
v -2.001085 -22.614574 5.165250
v -2.001085 -22.614574 4.165250
v -2.001085 -21.614580 5.165250
v -2.001085 -21.614580 4.165250
v -2.001085 -20.614576 5.165250
v -2.001085 -20.614576 4.165250
v -2.001085 -15.614576 5.165249
v -2.001085 -15.614576 4.165249
v -2.001085 -14.614573 5.165249
v -2.001085 -14.614573 4.165249
v -2.001085 -13.614578 5.165249
v -2.001085 -13.614578 4.165249
v -2.001085 -12.614574 5.165249
v -2.001085 -12.614574 4.165249
v -2.001085 -11.614580 5.165249
v -2.001085 -11.614580 4.165249
v -2.001085 -10.614576 5.165249
v -2.001085 -10.614576 4.165249
v -2.001085 -5.614575 5.165249
v -2.001085 -5.614576 4.165249
v -2.001085 -4.614572 5.165248
v -2.001085 -4.614572 4.165249
v -2.001085 -3.614578 5.165248
v -2.001085 -3.614578 4.165249
v -2.001085 -2.614574 5.165248
v -2.001085 -2.614574 4.165248
v -2.001085 -1.614579 5.165248
v -2.001085 -1.614580 4.165248
v -2.001085 -0.614576 5.165248
v -2.001085 -0.614576 4.165248
v -2.001085 4.385425 5.165248
v -2.001085 4.385425 4.165248
v -2.001085 5.385428 5.165248
v -2.001085 5.385428 4.165248
v -2.001085 6.385422 5.165248
v -2.001085 6.385422 4.165248
v -2.001085 7.385426 5.165248
v -2.001085 7.385426 4.165248
v -2.001085 8.385420 5.165247
v -2.001085 8.385420 4.165248
v -2.001085 9.385424 5.165247
v -2.001085 9.385424 4.165247
v 0.998915 20.385427 10.165246
v 0.998915 20.385427 1.165247
v 0.998915 22.385426 10.165246
v 0.998915 22.385426 1.165246
v 1.998915 19.385424 10.165246
v 1.998915 19.385424 1.165247
v 1.998915 20.385427 10.165246
v 1.998915 20.385427 1.165247
v 1.998915 22.385426 10.165246
v 1.998915 22.385426 1.165246
v 1.998915 23.385420 10.165246
v 1.998915 23.385420 1.165246
v 2.998915 -25.614576 5.165250
v 2.998915 -25.614576 4.165250
v 2.998915 -24.614573 5.165250
v 2.998915 -24.614573 4.165250
v 2.998915 -23.614578 5.165250
v 2.998915 -23.614578 4.165250
v 2.998915 -22.614574 5.165250
v 2.998915 -22.614574 4.165250
v 2.998915 -21.614580 5.165250
v 2.998915 -21.614580 4.165250
v 2.998915 -20.614576 5.165250
v 2.998915 -20.614576 4.165250
v 2.998915 -15.614576 5.165249
v 2.998915 -15.614576 4.165249
v 2.998915 -14.614573 5.165249
v 2.998915 -14.614573 4.165249
v 2.998915 -13.614578 5.165249
v 2.998915 -13.614578 4.165249
v 2.998915 -12.614574 5.165249
v 2.998915 -12.614574 4.165249
v 2.998915 -11.614580 5.165249
v 2.998915 -11.614580 4.165249
v 2.998915 -10.614576 5.165249
v 2.998915 -10.614576 4.165249
v 2.998915 -5.614575 5.165249
v 2.998915 -5.614576 4.165249
v 2.998915 -4.614572 5.165248
v 2.998915 -4.614572 4.165249
v 2.998915 -3.614578 5.165248
v 2.998915 -3.614578 4.165249
v 2.998915 -2.614574 5.165248
v 2.998915 -2.614574 4.165248
v 2.998915 -1.614579 5.165248
v 2.998915 -1.614580 4.165248
v 2.998915 -0.614576 5.165248
v 2.998915 -0.614576 4.165248
v 2.998915 4.385425 5.165248
v 2.998915 4.385425 4.165248
v 2.998915 5.385428 5.165248
v 2.998915 5.385428 4.165248
v 2.998915 6.385422 5.165248
v 2.998915 6.385422 4.165248
v 2.998915 7.385426 5.165248
v 2.998915 7.385426 4.165248
v 2.998915 8.385420 5.165247
v 2.998915 8.385420 4.165248
v 2.998915 9.385424 5.165247
v 2.998915 9.385424 4.165247
v 4.998915 -30.614576 5.165251
v 4.998915 -30.614576 -1.834749
v 4.998915 -29.614573 -1.834749
v 4.998915 -29.614573 -2.834749
v 4.998915 -27.614574 -1.834749
v 4.998915 -27.614574 -2.834750
v 4.998915 -26.614580 -1.834749
v 4.998915 -26.614580 -2.834750
v 4.998915 -25.614576 5.165250
v 4.998915 -25.614576 4.165250
v 4.998915 -25.614576 -2.834750
v 4.998915 -24.614573 5.165250
v 4.998915 -24.614573 4.165250
v 4.998915 -24.614573 -1.834750
v 4.998915 -24.614573 -2.834750
v 4.998915 -23.614578 5.165250
v 4.998915 -23.614578 4.165250
v 4.998915 -23.614578 -1.834750
v 4.998915 -23.614578 -2.834750
v 4.998915 -22.614574 5.165250
v 4.998915 -22.614574 4.165250
v 4.998915 -22.614574 -2.834750
v 4.998915 -21.614580 5.165250
v 4.998915 -21.614580 4.165250
v 4.998915 -21.614580 -1.834750
v 4.998915 -21.614580 -2.834750
v 4.998915 -20.614576 5.165250
v 4.998915 -20.614576 4.165250
v 4.998915 -20.614576 -1.834750
v 4.998915 -20.614576 -2.834750
v 4.998915 -18.614578 -1.834750
v 4.998915 -18.614578 -2.834750
v 4.998915 -17.614574 -1.834750
v 4.998915 -17.614574 -2.834750
v 4.998915 -15.614576 5.165249
v 4.998915 -15.614576 4.165249
v 4.998915 -15.614576 -1.834750
v 4.998915 -15.614576 -2.834751
v 4.998915 -14.614573 5.165249
v 4.998915 -14.614573 4.165249
v 4.998915 -14.614573 -1.834750
v 4.998915 -14.614573 -2.834751
v 4.998915 -13.614578 5.165249
v 4.998915 -13.614578 4.165249
v 4.998915 -13.614578 -2.834751
v 4.998915 -12.614574 5.165249
v 4.998915 -12.614574 4.165249
v 4.998915 -12.614574 -1.834751
v 4.998915 -12.614574 -2.834751
v 4.998915 -11.614580 5.165249
v 4.998915 -11.614580 4.165249
v 4.998915 -11.614580 -1.834751
v 4.998915 -11.614580 -2.834751
v 4.998915 -10.614576 5.165249
v 4.998915 -10.614576 4.165249
v 4.998915 -10.614576 -2.834751
v 4.998915 -9.614573 -1.834751
v 4.998915 -9.614573 -2.834751
v 4.998915 -8.614578 -1.834751
v 4.998915 -8.614578 -2.834751
v 4.998915 -6.614580 -1.834751
v 4.998915 -6.614580 -2.834751
v 4.998915 -5.614575 5.165249
v 4.998915 -5.614576 4.165249
v 4.998915 -5.614576 -1.834751
v 4.998915 -5.614576 -2.834751
v 4.998915 -4.614572 5.165248
v 4.998915 -4.614572 4.165249
v 4.998915 -4.614573 -2.834751
v 4.998915 -3.614578 5.165248
v 4.998915 -3.614578 4.165249
v 4.998915 -3.614578 -1.834751
v 4.998915 -3.614578 -2.834751
v 4.998915 -2.614574 5.165248
v 4.998915 -2.614574 4.165248
v 4.998915 -2.614574 -1.834751
v 4.998915 -2.614574 -2.834752
v 4.998915 -1.614579 5.165248
v 4.998915 -1.614580 4.165248
v 4.998915 -1.614580 -2.834752
v 4.998915 -0.614576 5.165248
v 4.998915 -0.614576 4.165248
v 4.998915 -0.614576 -1.834751
v 4.998915 -0.614576 -2.834752
v 4.998915 0.385428 -1.834752
v 4.998915 0.385428 -2.834752
v 4.998915 2.385426 -1.834752
v 4.998915 2.385426 -2.834752
v 4.998915 3.385420 -1.834752
v 4.998915 3.385420 -2.834752
v 4.998915 4.385425 5.165248
v 4.998915 4.385425 4.165248
v 4.998915 4.385424 -2.834752
v 4.998915 5.385428 5.165248
v 4.998915 5.385428 4.165248
v 4.998915 5.385428 -1.834752
v 4.998915 5.385427 -2.834752
v 4.998915 6.385422 5.165248
v 4.998915 6.385422 4.165248
v 4.998915 6.385422 -1.834752
v 4.998915 6.385422 -2.834752
v 4.998915 7.385426 5.165248
v 4.998915 7.385426 4.165248
v 4.998915 7.385426 -2.834752
v 4.998915 8.385420 5.165247
v 4.998915 8.385420 4.165248
v 4.998915 8.385420 -1.834752
v 4.998915 8.385420 -2.834752
v 4.998915 9.385424 5.165247
v 4.998915 9.385424 4.165247
v 4.998915 9.385424 -1.834752
v 4.998915 9.385424 -2.834753
v 4.998915 11.385422 -1.834752
v 4.998915 11.385422 -2.834753
v 4.998915 12.385426 -1.834752
v 4.998915 12.385426 -2.834753
v 4.998915 14.385424 5.165247
v 4.998915 14.385424 -2.834753
v 5.998915 14.385424 6.165246
v 5.998915 14.385424 -1.834753
v 5.998915 15.385427 6.165246
v 5.998915 15.385427 -1.834753
v 5.998915 20.385427 10.165246
v 5.998915 20.385427 1.165247
v 5.998915 22.385426 10.165246
v 5.998915 22.385426 1.165246
v 6.998915 -26.614580 -1.834749
v 6.998915 -26.614580 -2.834750
v 6.998915 -24.614573 -1.834750
v 6.998915 -24.614573 -2.834750
v 6.998915 -8.614578 -1.834751
v 6.998915 -8.614578 -2.834751
v 6.998915 -6.614580 -1.834751
v 6.998915 -6.614580 -2.834751
v 6.998915 15.385427 7.165247
v 6.998915 15.385427 -1.834753
v 6.998915 15.385427 -2.834753
v 6.998915 16.385422 7.165247
v 6.998915 16.385422 -2.834753
v 6.998915 19.385424 10.165246
v 6.998915 19.385424 1.165247
v 6.998915 20.385427 10.165246
v 6.998915 20.385427 1.165247
v 6.998915 22.385426 10.165246
v 6.998915 22.385426 1.165246
v 6.998915 23.385420 10.165246
v 6.998915 23.385420 1.165246
v 7.998915 -29.614573 -1.834749
v 7.998915 -29.614573 -2.834749
v 7.998915 -27.614574 -1.834749
v 7.998915 -27.614574 -2.834750
v 7.998915 -20.614576 -1.834750
v 7.998915 -20.614576 -2.834750
v 7.998915 -18.614578 -1.834750
v 7.998915 -18.614578 -2.834750
v 7.998915 -2.614574 -1.834751
v 7.998915 -2.614574 -2.834752
v 7.998915 -0.614576 -1.834751
v 7.998915 -0.614576 -2.834752
v 7.998915 9.385424 -1.834752
v 7.998915 9.385424 -2.834753
v 7.998915 11.385422 -1.834752
v 7.998915 11.385422 -2.834753
v 7.998915 16.385422 8.165248
v 7.998915 16.385422 -2.834753
v 7.998915 17.385426 8.165248
v 7.998915 17.385426 -2.834753
v 8.998915 -23.614578 -1.834750
v 8.998915 -23.614578 -2.834750
v 8.998915 -21.614580 -1.834750
v 8.998915 -21.614580 -2.834750
v 8.998915 -5.614576 -1.834751
v 8.998915 -5.614576 -2.834751
v 8.998915 -3.614578 -1.834751
v 8.998915 -3.614578 -2.834751
v 8.998915 3.385420 -1.834752
v 8.998915 3.385420 -2.834752
v 8.998915 5.385428 -1.834752
v 8.998915 5.385427 -2.834752
v 8.998915 17.385426 9.165246
v 8.998915 17.385426 -1.834753
v 8.998915 18.385420 9.165246
v 8.998915 18.385420 -1.834753
v 9.998916 18.385420 10.165246
v 9.998916 18.385420 -1.834753
v 9.998916 18.385420 -2.834753
v 9.998916 19.385424 10.165246
v 9.998916 19.385424 -2.834753
v 9.998916 20.385427 10.165246
v 9.998916 20.385427 -2.834753
v 9.998916 22.385426 10.165246
v 9.998916 22.385426 -2.834754
v 9.998916 23.385420 10.165246
v 9.998916 23.385420 -2.834754
v 10.998916 20.385427 10.165246
v 10.998916 20.385427 -1.834753
v 10.998916 21.385422 -1.834753
v 10.998916 21.385422 -2.834753
v 10.998916 22.385426 10.165246
v 10.998916 22.385426 -2.834754
v 11.998916 -29.614573 -1.834749
v 11.998916 -29.614573 -2.834749
v 11.998916 -27.614574 -1.834749
v 11.998916 -27.614574 -2.834750
v 11.998916 -23.614578 -1.834750
v 11.998916 -23.614578 -2.834750
v 11.998916 -21.614580 -1.834750
v 11.998916 -21.614580 -2.834750
v 11.998916 -17.614574 -1.834750
v 11.998916 -17.614574 -2.834750
v 11.998916 -15.614576 -1.834750
v 11.998916 -15.614576 -2.834751
v 11.998916 0.385428 -1.834752
v 11.998916 0.385428 -2.834752
v 11.998916 2.385426 -1.834752
v 11.998916 2.385426 -2.834752
v 11.998916 6.385422 -1.834752
v 11.998916 6.385422 -2.834752
v 11.998916 8.385420 -1.834752
v 11.998916 8.385420 -2.834752
v 11.998916 12.385426 -1.834752
v 11.998916 12.385426 -2.834753
v 11.998916 14.385424 -1.834753
v 11.998916 14.385424 -2.834753
v 11.998916 18.385420 -1.834753
v 11.998916 18.385420 -2.834753
v 11.998916 20.385427 -1.834753
v 11.998916 20.385427 -2.834753
v 11.998916 23.385420 10.165246
v 11.998916 23.385420 -1.834753
v 11.998916 24.385424 10.165246
v 11.998916 24.385424 -1.834753
v 12.998915 -26.614580 -1.834749
v 12.998915 -26.614580 -2.834750
v 12.998915 -24.614573 -1.834750
v 12.998915 -24.614573 -2.834750
v 12.998915 -15.614576 0.165249
v 12.998915 -15.614576 -2.834751
v 12.998915 -15.614576 -3.834750
v 12.998915 -12.614574 0.165249
v 12.998915 -12.614574 -2.834751
v 12.998915 -11.614580 0.165249
v 12.998915 -11.614580 -2.834751
v 12.998915 -7.614574 0.165249
v 12.998915 -7.614574 -2.834751
v 12.998915 -6.614580 0.165249
v 12.998915 -6.614580 -2.834751
v 12.998915 -2.614574 0.165248
v 12.998915 -2.614574 -2.834752
v 12.998915 -1.614580 0.165248
v 12.998915 -1.614580 -2.834752
v 12.998915 0.385428 0.165248
v 12.998915 0.385428 -2.834752
v 12.998915 0.385428 -3.834751
v 12.998915 24.385424 10.165246
v 12.998915 24.385424 -1.834753
v 12.998915 24.385424 -2.834754
v 12.998915 25.385427 10.165246
v 12.998915 25.385427 -2.834754
v 13.998915 -20.614576 -1.834750
v 13.998915 -20.614576 -2.834750
v 13.998915 -18.614578 -1.834750
v 13.998915 -18.614578 -2.834750
v 13.998915 -16.614580 0.165250
v 13.998915 -16.614580 -2.834750
v 13.998915 -16.614580 -3.834750
v 13.998915 -15.614576 0.165249
v 13.998915 -15.614576 -2.834751
v 13.998915 -15.614576 -3.834750
v 13.998915 0.385428 0.165248
v 13.998915 0.385428 -2.834752
v 13.998915 0.385428 -3.834751
v 13.998915 2.385426 0.165248
v 13.998915 2.385426 -2.834752
v 13.998915 2.385426 -3.834752
v 13.998915 9.385424 -1.834752
v 13.998915 9.385424 -2.834753
v 13.998915 11.385422 -1.834752
v 13.998915 11.385422 -2.834753
v 13.998915 15.385427 -1.834753
v 13.998915 15.385427 -2.834753
v 13.998915 17.385426 -1.834753
v 13.998915 17.385426 -2.834753
v 13.998915 21.385422 -1.834753
v 13.998915 21.385422 -2.834753
v 13.998915 23.385420 -1.834753
v 13.998915 23.385420 -2.834754
v 14.998916 2.385426 0.165248
v 14.998916 2.385426 -2.834752
v 14.998916 2.385426 -3.834752
v 14.998916 4.385424 0.165248
v 14.998916 4.385424 -2.834752
v 14.998916 4.385424 -3.834752
v 15.998916 -29.614573 -1.834749
v 15.998916 -29.614573 -2.834749
v 15.998916 -27.614574 -1.834749
v 15.998916 -27.614574 -2.834750
v 15.998916 4.385424 0.165248
v 15.998916 4.385424 -2.834752
v 15.998916 4.385424 -3.834752
v 15.998916 6.385422 0.165248
v 15.998916 6.385422 -2.834752
v 15.998916 6.385422 -3.834752
v 15.998916 18.385420 -1.834753
v 15.998916 18.385420 -2.834753
v 15.998916 20.385427 -1.834753
v 15.998916 20.385427 -2.834753
v 16.998917 6.385422 -2.834752
v 16.998917 6.385422 -3.834752
v 16.998917 7.385426 -2.834752
v 16.998917 7.385426 -3.834752
v 17.998917 -23.614578 -1.834750
v 17.998917 -23.614578 -2.834750
v 17.998917 -21.614580 -1.834750
v 17.998917 -21.614580 -2.834750
v 17.998917 -16.614580 0.165250
v 17.998917 -16.614580 -2.834750
v 17.998917 -12.614574 0.165249
v 17.998917 -12.614574 -2.834751
v 17.998917 -11.614580 0.165249
v 17.998917 -11.614580 -2.834751
v 17.998917 -7.614574 0.165249
v 17.998917 -7.614574 -2.834751
v 17.998917 -6.614580 0.165249
v 17.998917 -6.614580 -2.834751
v 17.998917 -2.614574 0.165248
v 17.998917 -2.614574 -2.834752
v 17.998917 -1.614580 0.165248
v 17.998917 -1.614580 -2.834752
v 17.998917 6.385422 0.165248
v 17.998917 6.385422 -2.834752
v 17.998917 7.385426 0.165248
v 17.998917 7.385426 -2.834752
v 17.998917 8.385420 0.165248
v 17.998917 8.385420 -1.834752
v 17.998917 8.385420 -2.834752
v 17.998917 15.385427 -1.834753
v 17.998917 15.385427 -2.834753
v 17.998917 17.385426 -1.834753
v 17.998917 17.385426 -2.834753
v 17.998917 21.385422 -1.834753
v 17.998917 21.385422 -2.834753
v 17.998917 23.385420 -1.834753
v 17.998917 23.385420 -2.834754
v 17.998917 24.385424 -1.834753
v 17.998917 24.385424 -2.834754
v 17.998917 25.385427 -1.834754
v 17.998917 25.385427 -2.834754
v 18.998917 -26.614580 -1.834749
v 18.998917 -26.614580 -2.834750
v 18.998917 -24.614573 -1.834750
v 18.998917 -24.614573 -2.834750
v 18.998917 -20.614576 -1.834750
v 18.998917 -20.614576 -2.834750
v 18.998917 -18.614578 -1.834750
v 18.998917 -18.614578 -2.834750
v 18.998917 6.385422 0.165248
v 18.998917 6.385422 -2.834752
v 18.998917 7.385426 0.165248
v 18.998917 7.385426 -2.834752
v 19.998917 4.385424 0.165248
v 19.998917 4.385424 -2.834752
v 19.998917 5.385428 -1.834752
v 19.998917 5.385427 -2.834752
v 19.998917 6.385422 0.165248
v 19.998917 6.385422 -1.834752
v 19.998917 12.385426 -1.834752
v 19.998917 12.385426 -2.834753
v 19.998917 14.385424 -1.834753
v 19.998917 14.385424 -2.834753
v 20.998915 -17.614574 0.165250
v 20.998915 -17.614574 -1.834750
v 20.998915 -17.614574 -2.834750
v 20.998915 -16.614580 0.165250
v 20.998915 -16.614580 -2.834750
v 20.998915 2.385426 0.165248
v 20.998915 2.385426 -1.834752
v 20.998915 3.385420 -1.834752
v 20.998915 3.385420 -2.834752
v 20.998915 4.385424 0.165248
v 20.998915 4.385424 -2.834752
v 20.998915 9.385424 -1.834752
v 20.998915 9.385424 -2.834753
v 20.998915 11.385422 -1.834752
v 20.998915 11.385422 -2.834753
v 20.998915 18.385420 -1.834753
v 20.998915 18.385420 -2.834753
v 20.998915 20.385427 -1.834753
v 20.998915 20.385427 -2.834753
v 21.998917 -29.614573 -1.834749
v 21.998917 -29.614573 -2.834749
v 21.998917 -27.614574 -1.834749
v 21.998917 -27.614574 -2.834750
v 21.998917 -23.614578 -1.834750
v 21.998917 -23.614578 -2.834750
v 21.998917 -21.614580 -1.834750
v 21.998917 -21.614580 -2.834750
v 21.998917 -16.614580 0.165250
v 21.998917 -16.614580 -2.834750
v 21.998917 -15.614576 0.165249
v 21.998917 -15.614576 -2.834751
v 21.998917 0.385428 0.165248
v 21.998917 0.385428 -2.834752
v 21.998917 2.385426 0.165248
v 21.998917 2.385426 -1.834752
v 21.998917 2.385426 -2.834752
v 21.998917 21.385422 -1.834753
v 21.998917 21.385422 -2.834753
v 21.998917 23.385420 -1.834753
v 21.998917 23.385420 -2.834754
v 22.998917 -15.614576 0.165249
v 22.998917 -15.614576 -1.834750
v 22.998917 -11.614580 -1.834751
v 22.998917 -11.614580 -2.834751
v 22.998917 -9.614573 -1.834751
v 22.998917 -9.614573 -2.834751
v 22.998917 -8.614578 -1.834751
v 22.998917 -8.614578 -2.834751
v 22.998917 -6.614580 -1.834751
v 22.998917 -6.614580 -2.834751
v 22.998917 -5.614576 -1.834751
v 22.998917 -5.614576 -2.834751
v 22.998917 -3.614578 -1.834751
v 22.998917 -3.614578 -2.834751
v 22.998917 0.385428 0.165248
v 22.998917 0.385428 -1.834752
v 23.998917 -26.614580 -1.834749
v 23.998917 -26.614580 -2.834750
v 23.998917 -24.614573 -1.834750
v 23.998917 -24.614573 -2.834750
v 23.998917 -20.614576 -1.834750
v 23.998917 -20.614576 -2.834750
v 23.998917 -18.614578 -1.834750
v 23.998917 -18.614578 -2.834750
v 23.998917 -14.614573 -1.834750
v 23.998917 -14.614573 -2.834751
v 23.998917 -12.614574 -1.834751
v 23.998917 -12.614574 -2.834751
v 23.998917 -2.614574 -1.834751
v 23.998917 -2.614574 -2.834752
v 23.998917 -0.614576 -1.834751
v 23.998917 -0.614576 -2.834752
v 23.998917 6.385422 -1.834752
v 23.998917 6.385422 -2.834752
v 23.998917 8.385420 -1.834752
v 23.998917 8.385420 -2.834752
v 23.998917 12.385426 -1.834752
v 23.998917 12.385426 -2.834753
v 23.998917 14.385424 -1.834753
v 23.998917 14.385424 -2.834753
v 23.998917 15.385427 -1.834753
v 23.998917 15.385427 -2.834753
v 23.998917 17.385426 -1.834753
v 23.998917 17.385426 -2.834753
v 24.998917 -11.614580 -1.834751
v 24.998917 -11.614580 -2.834751
v 24.998917 -9.614573 -1.834751
v 24.998917 -9.614573 -2.834751
v 24.998917 -5.614576 -1.834751
v 24.998917 -5.614576 -2.834751
v 24.998917 -3.614578 -1.834751
v 24.998917 -3.614578 -2.834751
v 24.998917 20.385427 10.165246
v 24.998917 20.385427 1.165247
v 24.998917 22.385426 10.165246
v 24.998917 22.385426 1.165246
v 25.998915 0.385428 -1.834752
v 25.998915 0.385428 -2.834752
v 25.998915 2.385426 -1.834752
v 25.998915 2.385426 -2.834752
v 25.998915 19.385424 10.165246
v 25.998915 19.385424 1.165247
v 25.998915 20.385427 10.165246
v 25.998915 20.385427 1.165247
v 25.998915 22.385426 10.165246
v 25.998915 22.385426 1.165246
v 25.998915 23.385420 10.165246
v 25.998915 23.385420 1.165246
v 26.998917 -29.614573 -1.834749
v 26.998917 -29.614573 -2.834749
v 26.998917 -27.614574 -1.834749
v 26.998917 -27.614574 -2.834750
v 26.998917 -23.614578 -1.834750
v 26.998917 -23.614578 -2.834750
v 26.998917 -21.614580 -1.834750
v 26.998917 -21.614580 -2.834750
v 26.998917 -17.614574 -1.834750
v 26.998917 -17.614574 -2.834750
v 26.998917 -15.614576 -1.834750
v 26.998917 -15.614576 -2.834751
v 26.998917 -8.614578 -1.834751
v 26.998917 -8.614578 -2.834751
v 26.998917 -6.614580 -1.834751
v 26.998917 -6.614580 -2.834751
v 26.998917 3.385420 -1.834752
v 26.998917 3.385420 -2.834752
v 26.998917 5.385428 -1.834752
v 26.998917 5.385427 -2.834752
v 26.998917 9.385424 -1.834752
v 26.998917 9.385424 -2.834753
v 26.998917 11.385422 -1.834752
v 26.998917 11.385422 -2.834753
v 28.998917 -26.614580 -1.834749
v 28.998917 -26.614580 -2.834750
v 28.998917 -24.614573 -1.834750
v 28.998917 -24.614573 -2.834750
v 28.998917 -20.614576 -1.834750
v 28.998917 -20.614576 -2.834750
v 28.998917 -18.614578 -1.834750
v 28.998917 -18.614578 -2.834750
v 28.998917 -14.614573 -1.834750
v 28.998917 -14.614573 -2.834751
v 28.998917 -12.614574 -1.834751
v 28.998917 -12.614574 -2.834751
v 28.998917 -2.614574 -1.834751
v 28.998917 -2.614574 -2.834752
v 28.998917 -0.614576 -1.834751
v 28.998917 -0.614576 -2.834752
v 29.998917 20.385427 10.165246
v 29.998917 20.385427 1.165247
v 29.998917 22.385426 10.165246
v 29.998917 22.385426 1.165246
v 30.998915 19.385424 10.165246
v 30.998915 19.385424 1.165247
v 30.998915 20.385427 10.165246
v 30.998915 20.385427 1.165247
v 30.998915 22.385426 10.165246
v 30.998915 22.385426 1.165246
v 30.998915 23.385420 10.165246
v 30.998915 23.385420 1.165246
v 32.998917 -25.614576 5.165250
v 32.998917 -25.614576 4.165250
v 32.998917 -24.614573 5.165250
v 32.998917 -24.614573 4.165250
v 32.998917 -23.614578 5.165250
v 32.998917 -23.614578 4.165250
v 32.998917 -22.614574 5.165250
v 32.998917 -22.614574 4.165250
v 32.998917 -21.614580 5.165250
v 32.998917 -21.614580 4.165250
v 32.998917 -20.614576 5.165250
v 32.998917 -20.614576 4.165250
v 32.998917 -15.614576 5.165249
v 32.998917 -15.614576 4.165249
v 32.998917 -14.614573 5.165249
v 32.998917 -14.614573 4.165249
v 32.998917 -13.614578 5.165249
v 32.998917 -13.614578 4.165249
v 32.998917 -12.614574 5.165249
v 32.998917 -12.614574 4.165249
v 32.998917 -11.614580 5.165249
v 32.998917 -11.614580 4.165249
v 32.998917 -10.614576 5.165249
v 32.998917 -10.614576 4.165249
v 32.998917 -5.614575 5.165249
v 32.998917 -5.614576 4.165249
v 32.998917 -4.614572 5.165248
v 32.998917 -4.614572 4.165249
v 32.998917 -3.614578 5.165248
v 32.998917 -3.614578 4.165249
v 32.998917 -2.614574 5.165248
v 32.998917 -2.614574 4.165248
v 32.998917 -1.614579 5.165248
v 32.998917 -1.614580 4.165248
v 32.998917 -0.614576 5.165248
v 32.998917 -0.614576 4.165248
v 32.998917 4.385425 5.165248
v 32.998917 4.385425 4.165248
v 32.998917 5.385428 5.165248
v 32.998917 5.385428 4.165248
v 32.998917 6.385422 5.165248
v 32.998917 6.385422 4.165248
v 32.998917 7.385426 5.165248
v 32.998917 7.385426 4.165248
v 32.998917 8.385420 5.165247
v 32.998917 8.385420 4.165248
v 32.998917 9.385424 5.165247
v 32.998917 9.385424 4.165247
v 35.998917 20.385427 10.165246
v 35.998917 20.385427 1.165247
v 35.998917 22.385426 10.165246
v 35.998917 22.385426 1.165246
v 36.998917 19.385424 10.165246
v 36.998917 19.385424 1.165247
v 36.998917 20.385427 10.165246
v 36.998917 20.385427 1.165247
v 36.998917 22.385426 10.165246
v 36.998917 22.385426 1.165246
v 36.998917 23.385420 10.165246
v 36.998917 23.385420 1.165246
v 37.998917 -25.614576 5.165250
v 37.998917 -25.614576 4.165250
v 37.998917 -24.614573 5.165250
v 37.998917 -24.614573 4.165250
v 37.998917 -23.614578 5.165250
v 37.998917 -23.614578 4.165250
v 37.998917 -22.614574 5.165250
v 37.998917 -22.614574 4.165250
v 37.998917 -21.614580 5.165250
v 37.998917 -21.614580 4.165250
v 37.998917 -20.614576 5.165250
v 37.998917 -20.614576 4.165250
v 37.998917 -15.614576 5.165249
v 37.998917 -15.614576 4.165249
v 37.998917 -14.614573 5.165249
v 37.998917 -14.614573 4.165249
v 37.998917 -13.614578 5.165249
v 37.998917 -13.614578 4.165249
v 37.998917 -12.614574 5.165249
v 37.998917 -12.614574 4.165249
v 37.998917 -11.614580 5.165249
v 37.998917 -11.614580 4.165249
v 37.998917 -10.614576 5.165249
v 37.998917 -10.614576 4.165249
v 37.998917 -5.614575 5.165249
v 37.998917 -5.614576 4.165249
v 37.998917 -4.614572 5.165248
v 37.998917 -4.614572 4.165249
v 37.998917 -3.614578 5.165248
v 37.998917 -3.614578 4.165249
v 37.998917 -2.614574 5.165248
v 37.998917 -2.614574 4.165248
v 37.998917 -1.614579 5.165248
v 37.998917 -1.614580 4.165248
v 37.998917 -0.614576 5.165248
v 37.998917 -0.614576 4.165248
v 37.998917 4.385425 5.165248
v 37.998917 4.385425 4.165248
v 37.998917 5.385428 5.165248
v 37.998917 5.385428 4.165248
v 37.998917 6.385422 5.165248
v 37.998917 6.385422 4.165248
v 37.998917 7.385426 5.165248
v 37.998917 7.385426 4.165248
v 37.998917 8.385420 5.165247
v 37.998917 8.385420 4.165248
v 37.998917 9.385424 5.165247
v 37.998917 9.385424 4.165247
v 39.998913 -30.614576 5.165251
v 39.998913 -30.614576 -1.834749
v 39.998913 -29.614573 -1.834749
v 39.998913 -29.614573 -2.834749
v 39.998913 -27.614574 -1.834749
v 39.998913 -27.614574 -2.834750
v 39.998913 -26.614580 -1.834749
v 39.998913 -26.614580 -2.834750
v 39.998913 -25.614576 5.165250
v 39.998913 -25.614576 4.165250
v 39.998913 -25.614576 -2.834750
v 39.998913 -24.614573 5.165250
v 39.998913 -24.614573 4.165250
v 39.998913 -24.614573 -1.834750
v 39.998913 -24.614573 -2.834750
v 39.998913 -23.614578 5.165250
v 39.998913 -23.614578 4.165250
v 39.998913 -23.614578 -1.834750
v 39.998913 -23.614578 -2.834750
v 39.998913 -22.614574 5.165250
v 39.998913 -22.614574 4.165250
v 39.998913 -22.614574 -2.834750
v 39.998913 -21.614580 5.165250
v 39.998913 -21.614580 4.165250
v 39.998913 -21.614580 -1.834750
v 39.998913 -21.614580 -2.834750
v 39.998913 -20.614576 5.165250
v 39.998913 -20.614576 4.165250
v 39.998913 -20.614576 -1.834750
v 39.998913 -20.614576 -2.834750
v 39.998913 -18.614578 -1.834750
v 39.998913 -18.614578 -2.834750
v 39.998913 -17.614574 -1.834750
v 39.998913 -17.614574 -2.834750
v 39.998913 -15.614576 5.165249
v 39.998913 -15.614576 4.165249
v 39.998913 -15.614576 -1.834750
v 39.998913 -15.614576 -2.834751
v 39.998913 -14.614573 5.165249
v 39.998913 -14.614573 4.165249
v 39.998913 -14.614573 -1.834750
v 39.998913 -14.614573 -2.834751
v 39.998913 -13.614578 5.165249
v 39.998913 -13.614578 4.165249
v 39.998913 -13.614578 -2.834751
v 39.998913 -12.614574 5.165249
v 39.998913 -12.614574 4.165249
v 39.998913 -12.614574 -1.834751
v 39.998913 -12.614574 -2.834751
v 39.998913 -11.614580 5.165249
v 39.998913 -11.614580 4.165249
v 39.998913 -11.614580 -1.834751
v 39.998913 -11.614580 -2.834751
v 39.998913 -10.614576 5.165249
v 39.998913 -10.614576 4.165249
v 39.998913 -10.614576 -2.834751
v 39.998913 -9.614573 -1.834751
v 39.998913 -9.614573 -2.834751
v 39.998913 -5.614575 5.165249
v 39.998913 -5.614576 4.165249
v 39.998913 -5.614576 -1.834751
v 39.998913 -5.614576 -2.834751
v 39.998913 -4.614572 5.165248
v 39.998913 -4.614572 4.165249
v 39.998913 -4.614573 -2.834751
v 39.998913 -3.614578 5.165248
v 39.998913 -3.614578 4.165249
v 39.998913 -3.614578 -1.834751
v 39.998913 -3.614578 -2.834751
v 39.998913 -2.614574 5.165248
v 39.998913 -2.614574 4.165248
v 39.998913 -2.614574 -1.834751
v 39.998913 -2.614574 -2.834752
v 39.998913 -1.614579 5.165248
v 39.998913 -1.614580 4.165248
v 39.998913 -1.614580 -2.834752
v 39.998913 -0.614576 5.165248
v 39.998913 -0.614576 4.165248
v 39.998913 -0.614576 -1.834751
v 39.998913 -0.614576 -2.834752
v 39.998913 0.385428 -1.834752
v 39.998913 0.385428 -2.834752
v 39.998913 2.385426 -1.834752
v 39.998913 2.385426 -2.834752
v 39.998913 3.385420 -1.834752
v 39.998913 3.385420 -2.834752
v 39.998913 4.385425 5.165248
v 39.998913 4.385425 4.165248
v 39.998913 4.385424 -2.834752
v 39.998913 5.385428 5.165248
v 39.998913 5.385428 4.165248
v 39.998913 5.385428 -1.834752
v 39.998913 5.385427 -2.834752
v 39.998913 6.385422 5.165248
v 39.998913 6.385422 4.165248
v 39.998913 6.385422 -1.834752
v 39.998913 6.385422 -2.834752
v 39.998913 7.385426 5.165248
v 39.998913 7.385426 4.165248
v 39.998913 7.385426 -2.834752
v 39.998913 8.385420 5.165247
v 39.998913 8.385420 4.165248
v 39.998913 8.385420 -1.834752
v 39.998913 8.385420 -2.834752
v 39.998913 9.385424 5.165247
v 39.998913 9.385424 4.165247
v 39.998913 9.385424 -1.834752
v 39.998913 9.385424 -2.834753
v 39.998913 11.385422 -1.834752
v 39.998913 11.385422 -2.834753
v 39.998913 12.385426 -1.834752
v 39.998913 12.385426 -2.834753
v 39.998913 14.385424 5.165247
v 39.998913 14.385424 -2.834753
v 40.998913 -8.614578 -1.834751
v 40.998913 -8.614578 -2.834751
v 40.998913 -6.614580 -1.834751
v 40.998913 -6.614580 -2.834751
v 40.998913 14.385424 6.165246
v 40.998913 14.385424 -1.834753
v 40.998913 15.385427 6.165246
v 40.998913 15.385427 -1.834753
v 40.998913 20.385427 10.165246
v 40.998913 20.385427 1.165247
v 40.998913 22.385426 10.165246
v 40.998913 22.385426 1.165246
v 41.998913 -17.614574 -1.834750
v 41.998913 -17.614574 -2.834750
v 41.998913 -15.614576 -1.834750
v 41.998913 -15.614576 -2.834751
v 41.998913 -11.614580 -1.834751
v 41.998913 -11.614580 -2.834751
v 41.998913 -9.614573 -1.834751
v 41.998913 -9.614573 -2.834751
v 41.998913 -5.614576 -1.834751
v 41.998913 -5.614576 -2.834751
v 41.998913 -3.614578 -1.834751
v 41.998913 -3.614578 -2.834751
v 41.998913 0.385428 -1.834752
v 41.998913 0.385428 -2.834752
v 41.998913 2.385426 -1.834752
v 41.998913 2.385426 -2.834752
v 41.998913 12.385426 -1.834752
v 41.998913 12.385426 -2.834753
v 41.998913 14.385424 -1.834753
v 41.998913 14.385424 -2.834753
v 41.998913 15.385427 7.165247
v 41.998913 15.385427 -1.834753
v 41.998913 15.385427 -2.834753
v 41.998913 16.385422 7.165247
v 41.998913 16.385422 -2.834753
v 41.998913 19.385424 10.165246
v 41.998913 19.385424 1.165247
v 41.998913 20.385427 10.165246
v 41.998913 20.385427 1.165247
v 41.998913 22.385426 10.165246
v 41.998913 22.385426 1.165246
v 41.998913 23.385420 10.165246
v 41.998913 23.385420 1.165246
v 42.998917 -26.614580 -1.834749
v 42.998917 -26.614580 -2.834750
v 42.998917 -24.614573 -1.834750
v 42.998917 -24.614573 -2.834750
v 42.998917 3.385420 -1.834752
v 42.998917 3.385420 -2.834752
v 42.998917 5.385428 -1.834752
v 42.998917 5.385427 -2.834752
v 42.998917 9.385424 -1.834752
v 42.998917 9.385424 -2.834753
v 42.998917 11.385422 -1.834752
v 42.998917 11.385422 -2.834753
v 42.998917 16.385422 8.165248
v 42.998917 16.385422 -2.834753
v 42.998917 17.385426 8.165248
v 42.998917 17.385426 -2.834753
v 43.998917 -20.614576 -1.834750
v 43.998917 -20.614576 -2.834750
v 43.998917 -18.614578 -1.834750
v 43.998917 -18.614578 -2.834750
v 43.998917 -14.614573 -1.834750
v 43.998917 -14.614573 -2.834751
v 43.998917 -12.614574 -1.834751
v 43.998917 -12.614574 -2.834751
v 43.998917 -2.614574 -1.834751
v 43.998917 -2.614574 -2.834752
v 43.998917 -0.614576 -1.834751
v 43.998917 -0.614576 -2.834752
v 43.998917 17.385426 9.165246
v 43.998917 17.385426 -1.834753
v 43.998917 18.385420 9.165246
v 43.998917 18.385420 -1.834753
v 44.998913 -29.614573 -1.834749
v 44.998913 -29.614573 -2.834749
v 44.998913 -27.614574 -1.834749
v 44.998913 -27.614574 -2.834750
v 44.998913 -8.614578 -1.834751
v 44.998913 -8.614578 -2.834751
v 44.998913 -6.614580 -1.834751
v 44.998913 -6.614580 -2.834751
v 44.998913 6.385422 -1.834752
v 44.998913 6.385422 -2.834752
v 44.998913 8.385420 -1.834752
v 44.998913 8.385420 -2.834752
v 44.998913 15.385427 -1.834753
v 44.998913 15.385427 -2.834753
v 44.998913 17.385426 -1.834753
v 44.998913 17.385426 -2.834753
v 44.998913 18.385420 10.165246
v 44.998913 18.385420 -1.834753
v 44.998913 18.385420 -2.834753
v 44.998913 19.385424 10.165246
v 44.998913 19.385424 -2.834753
v 44.998913 20.385427 10.165246
v 44.998913 20.385427 -2.834753
v 44.998913 22.385426 10.165246
v 44.998913 22.385426 -2.834754
v 44.998913 23.385420 10.165246
v 44.998913 23.385420 -2.834754
v 45.998913 -23.614578 -1.834750
v 45.998913 -23.614578 -2.834750
v 45.998913 -21.614580 -1.834750
v 45.998913 -21.614580 -2.834750
v 45.998913 -11.614580 -1.834751
v 45.998913 -11.614580 -2.834751
v 45.998913 -9.614573 -1.834751
v 45.998913 -9.614573 -2.834751
v 45.998913 0.385428 -1.834752
v 45.998913 0.385428 -2.834752
v 45.998913 2.385426 -1.834752
v 45.998913 2.385426 -2.834752
v 45.998913 12.385426 -1.834752
v 45.998913 12.385426 -2.834753
v 45.998913 14.385424 -1.834753
v 45.998913 14.385424 -2.834753
v 45.998913 20.385427 10.165246
v 45.998913 20.385427 -1.834753
v 45.998913 21.385422 -1.834753
v 45.998913 21.385422 -2.834753
v 45.998913 22.385426 10.165246
v 45.998913 22.385426 -2.834754
v 46.998913 -17.614574 -1.834750
v 46.998913 -17.614574 -2.834750
v 46.998913 -15.614576 -1.834750
v 46.998913 -15.614576 -2.834751
v 46.998913 -5.614576 -1.834751
v 46.998913 -5.614576 -2.834751
v 46.998913 -3.614578 -1.834751
v 46.998913 -3.614578 -2.834751
v 46.998913 3.385420 -1.834752
v 46.998913 3.385420 -2.834752
v 46.998913 5.385428 -1.834752
v 46.998913 5.385427 -2.834752
v 46.998913 9.385424 -1.834752
v 46.998913 9.385424 -2.834753
v 46.998913 11.385422 -1.834752
v 46.998913 11.385422 -2.834753
v 46.998913 18.385420 -1.834753
v 46.998913 18.385420 -2.834753
v 46.998913 20.385427 -1.834753
v 46.998913 20.385427 -2.834753
v 46.998913 23.385420 10.165246
v 46.998913 23.385420 -1.834753
v 46.998913 24.385424 10.165246
v 46.998913 24.385424 -1.834753
v 47.998917 24.385424 10.165246
v 47.998917 24.385424 -1.834753
v 47.998917 24.385424 -2.834754
v 47.998917 25.385427 10.165246
v 47.998917 25.385427 -2.834754
v 48.998917 25.385427 10.165246
v 48.998917 25.385427 -1.834754
v 48.998917 26.385422 10.165246
v 48.998917 26.385422 -1.834754
v 49.998913 -30.614576 -1.834749
v 49.998913 -30.614576 -2.834749
v 49.998913 -30.614576 -3.834749
v 49.998913 -29.614573 -1.834749
v 49.998913 -29.614573 -2.834749
v 49.998913 -27.614574 -1.834749
v 49.998913 -27.614574 -2.834750
v 49.998913 26.385422 10.165246
v 49.998913 26.385422 -1.834754
v 49.998913 26.385422 -2.834754
v 49.998913 28.385420 10.165246
v 49.998913 28.385420 -2.834754
v 49.998913 31.385433 -2.834754
v 49.998913 31.385433 -3.834754
v -50.001087 26.385422 10.165246
v -50.001087 28.385420 10.165246
v -49.001087 25.385427 10.165246
v -49.001087 26.385422 10.165246
v -48.001087 24.385424 10.165246
v -48.001087 25.385427 10.165246
v -47.001083 23.385420 10.165246
v -47.001083 24.385424 10.165246
v -46.001083 20.385427 10.165246
v -46.001083 22.385426 10.165246
v -45.001087 18.385420 10.165246
v -45.001087 19.385424 10.165246
v -45.001087 20.385427 10.165246
v -45.001087 22.385426 10.165246
v -45.001087 23.385420 10.165246
v -44.001087 19.385424 10.165246
v -44.001087 20.385427 10.165246
v -44.001087 22.385426 10.165246
v -44.001087 23.385420 10.165246
v -42.001083 19.385424 10.165246
v -42.001083 20.385427 10.165246
v -42.001083 22.385426 10.165246
v -42.001083 23.385420 10.165246
v -41.001083 20.385427 10.165246
v -41.001083 22.385426 10.165246
v -40.001083 20.385427 10.165246
v -40.001083 22.385426 10.165246
v -39.001083 19.385424 10.165246
v -39.001083 20.385427 10.165246
v -39.001083 22.385426 10.165246
v -39.001083 23.385420 10.165246
v -37.001083 19.385424 10.165246
v -37.001083 20.385427 10.165246
v -37.001083 22.385426 10.165246
v -37.001083 23.385420 10.165246
v -36.001083 20.385427 10.165246
v -36.001083 22.385426 10.165246
v -34.001083 20.385427 10.165246
v -34.001083 22.385426 10.165246
v -33.001083 19.385424 10.165246
v -33.001083 20.385427 10.165246
v -33.001083 22.385426 10.165246
v -33.001083 23.385420 10.165246
v -31.001083 19.385424 10.165246
v -31.001083 20.385427 10.165246
v -31.001083 22.385426 10.165246
v -31.001083 23.385420 10.165246
v -30.001083 20.385427 10.165246
v -30.001083 22.385426 10.165246
v -29.001085 20.385427 10.165246
v -29.001085 22.385426 10.165246
v -28.001083 19.385424 10.165246
v -28.001083 20.385427 10.165246
v -28.001083 22.385426 10.165246
v -28.001083 23.385420 10.165246
v -26.001083 19.385424 10.165246
v -26.001083 20.385427 10.165246
v -26.001083 22.385426 10.165246
v -26.001083 23.385420 10.165246
v -25.001083 18.385420 10.165246
v -25.001083 19.385424 10.165246
v -25.001083 20.385427 10.165246
v -25.001083 22.385426 10.165246
v -25.001083 23.385420 10.165246
v -24.001085 20.385427 10.165246
v -24.001085 22.385426 10.165246
v -23.001083 23.385420 10.165246
v -23.001083 24.385424 10.165246
v -22.001083 24.385424 10.165246
v -22.001083 25.385427 10.165246
v -13.001084 24.385424 10.165246
v -13.001084 25.385427 10.165246
v -12.001085 23.385420 10.165246
v -12.001085 24.385424 10.165246
v -11.001085 20.385427 10.165246
v -11.001085 22.385426 10.165246
v -10.001085 18.385420 10.165246
v -10.001085 19.385424 10.165246
v -10.001085 20.385427 10.165246
v -10.001085 22.385426 10.165246
v -10.001085 23.385420 10.165246
v -9.001085 19.385424 10.165246
v -9.001085 20.385427 10.165246
v -9.001085 22.385426 10.165246
v -9.001085 23.385420 10.165246
v -7.001085 19.385424 10.165246
v -7.001085 20.385427 10.165246
v -7.001085 22.385426 10.165246
v -7.001085 23.385420 10.165246
v -6.001085 20.385427 10.165246
v -6.001085 22.385426 10.165246
v -5.001085 20.385427 10.165246
v -5.001085 22.385426 10.165246
v -4.001085 19.385424 10.165246
v -4.001085 20.385427 10.165246
v -4.001085 22.385426 10.165246
v -4.001085 23.385420 10.165246
v -2.001085 19.385424 10.165246
v -2.001085 20.385427 10.165246
v -2.001085 22.385426 10.165246
v -2.001085 23.385420 10.165246
v -1.001084 20.385427 10.165246
v -1.001084 22.385426 10.165246
v 0.998915 20.385427 10.165246
v 0.998915 22.385426 10.165246
v 1.998915 19.385424 10.165246
v 1.998915 20.385427 10.165246
v 1.998915 22.385426 10.165246
v 1.998915 23.385420 10.165246
v 3.998915 19.385424 10.165246
v 3.998915 20.385427 10.165246
v 3.998915 22.385426 10.165246
v 3.998915 23.385420 10.165246
v 4.998915 20.385427 10.165246
v 4.998915 22.385426 10.165246
v 5.998915 20.385427 10.165246
v 5.998915 22.385426 10.165246
v 6.998915 19.385424 10.165246
v 6.998915 20.385427 10.165246
v 6.998915 22.385426 10.165246
v 6.998915 23.385420 10.165246
v 8.998915 19.385424 10.165246
v 8.998915 20.385427 10.165246
v 8.998915 22.385426 10.165246
v 8.998915 23.385420 10.165246
v 9.998916 18.385420 10.165246
v 9.998916 19.385424 10.165246
v 9.998916 20.385427 10.165246
v 9.998916 22.385426 10.165246
v 9.998916 23.385420 10.165246
v 10.998916 20.385427 10.165246
v 10.998916 22.385426 10.165246
v 11.998916 23.385420 10.165246
v 11.998916 24.385424 10.165246
v 12.998915 24.385424 10.165246
v 12.998915 25.385427 10.165246
v 21.998917 24.385424 10.165246
v 21.998917 25.385427 10.165246
v 22.998917 23.385420 10.165246
v 22.998917 24.385424 10.165246
v 23.998917 20.385427 10.165246
v 23.998917 22.385426 10.165246
v 24.998917 18.385420 10.165246
v 24.998917 19.385424 10.165246
v 24.998917 20.385427 10.165246
v 24.998917 22.385426 10.165246
v 24.998917 23.385420 10.165246
v 25.998915 19.385424 10.165246
v 25.998915 20.385427 10.165246
v 25.998915 22.385426 10.165246
v 25.998915 23.385420 10.165246
v 27.998917 19.385424 10.165246
v 27.998917 20.385427 10.165246
v 27.998917 22.385426 10.165246
v 27.998917 23.385420 10.165246
v 28.998917 20.385427 10.165246
v 28.998917 22.385426 10.165246
v 29.998917 20.385427 10.165246
v 29.998917 22.385426 10.165246
v 30.998915 19.385424 10.165246
v 30.998915 20.385427 10.165246
v 30.998915 22.385426 10.165246
v 30.998915 23.385420 10.165246
v 32.998917 19.385424 10.165246
v 32.998917 20.385427 10.165246
v 32.998917 22.385426 10.165246
v 32.998917 23.385420 10.165246
v 33.998917 20.385427 10.165246
v 33.998917 22.385426 10.165246
v 35.998917 20.385427 10.165246
v 35.998917 22.385426 10.165246
v 36.998917 19.385424 10.165246
v 36.998917 20.385427 10.165246
v 36.998917 22.385426 10.165246
v 36.998917 23.385420 10.165246
v 38.998917 19.385424 10.165246
v 38.998917 20.385427 10.165246
v 38.998917 22.385426 10.165246
v 38.998917 23.385420 10.165246
v 39.998913 20.385427 10.165246
v 39.998913 22.385426 10.165246
v 40.998913 20.385427 10.165246
v 40.998913 22.385426 10.165246
v 41.998913 19.385424 10.165246
v 41.998913 20.385427 10.165246
v 41.998913 22.385426 10.165246
v 41.998913 23.385420 10.165246
v 43.998917 19.385424 10.165246
v 43.998917 20.385427 10.165246
v 43.998917 22.385426 10.165246
v 43.998917 23.385420 10.165246
v 44.998913 18.385420 10.165246
v 44.998913 19.385424 10.165246
v 44.998913 20.385427 10.165246
v 44.998913 22.385426 10.165246
v 44.998913 23.385420 10.165246
v 45.998913 20.385427 10.165246
v 45.998913 22.385426 10.165246
v 46.998913 23.385420 10.165246
v 46.998913 24.385424 10.165246
v 47.998917 24.385424 10.165246
v 47.998917 25.385427 10.165246
v 48.998917 25.385427 10.165246
v 48.998917 26.385422 10.165246
v 49.998913 26.385422 10.165246
v 49.998913 28.385420 10.165246
v -44.001087 17.385426 9.165246
v -44.001087 18.385420 9.165246
v -26.001083 17.385426 9.165246
v -26.001083 18.385420 9.165246
v -9.001085 17.385426 9.165246
v -9.001085 18.385420 9.165246
v 8.998915 17.385426 9.165246
v 8.998915 18.385420 9.165246
v 25.998915 17.385426 9.165246
v 25.998915 18.385420 9.165246
v 43.998917 17.385426 9.165246
v 43.998917 18.385420 9.165246
v -43.001087 16.385422 8.165248
v -43.001087 17.385426 8.165248
v -27.001083 16.385422 8.165248
v -27.001083 17.385426 8.165248
v -8.001085 16.385422 8.165248
v -8.001085 17.385426 8.165248
v 7.998915 16.385422 8.165248
v 7.998915 17.385426 8.165248
v 26.998917 16.385422 8.165248
v 26.998917 17.385426 8.165248
v 42.998917 16.385422 8.165248
v 42.998917 17.385426 8.165248
v -42.001083 15.385427 7.165247
v -42.001083 16.385422 7.165247
v -28.001083 15.385427 7.165247
v -28.001083 16.385422 7.165247
v -7.001085 15.385427 7.165247
v -7.001085 16.385422 7.165247
v 6.998915 15.385427 7.165247
v 6.998915 16.385422 7.165247
v 27.998917 15.385427 7.165247
v 27.998917 16.385422 7.165247
v 41.998913 15.385427 7.165247
v 41.998913 16.385422 7.165247
v -41.001083 14.385424 6.165246
v -41.001083 15.385427 6.165246
v -29.001085 14.385424 6.165246
v -29.001085 15.385427 6.165246
v -6.001085 14.385424 6.165246
v -6.001085 15.385427 6.165246
v 5.998915 14.385424 6.165246
v 5.998915 15.385427 6.165246
v 28.998917 14.385424 6.165246
v 28.998917 15.385427 6.165246
v 40.998913 14.385424 6.165246
v 40.998913 15.385427 6.165246
v -40.001083 -30.614576 5.165251
v -40.001083 -25.614576 5.165250
v -40.001083 -24.614573 5.165250
v -40.001083 -23.614578 5.165250
v -40.001083 -22.614574 5.165250
v -40.001083 -21.614580 5.165250
v -40.001083 -20.614576 5.165250
v -40.001083 -15.614576 5.165249
v -40.001083 -14.614573 5.165249
v -40.001083 -13.614578 5.165249
v -40.001083 -12.614574 5.165249
v -40.001083 -11.614580 5.165249
v -40.001083 -10.614576 5.165249
v -40.001083 -5.614575 5.165249
v -40.001083 -4.614572 5.165248
v -40.001083 -3.614578 5.165248
v -40.001083 -2.614574 5.165248
v -40.001083 -1.614579 5.165248
v -40.001083 -0.614576 5.165248
v -40.001083 4.385425 5.165248
v -40.001083 5.385428 5.165248
v -40.001083 6.385422 5.165248
v -40.001083 7.385426 5.165248
v -40.001083 8.385420 5.165247
v -40.001083 9.385424 5.165247
v -40.001083 14.385424 5.165247
v -38.001083 -25.614576 5.165250
v -38.001083 -24.614573 5.165250
v -38.001083 -23.614578 5.165250
v -38.001083 -22.614574 5.165250
v -38.001083 -21.614580 5.165250
v -38.001083 -20.614576 5.165250
v -38.001083 -15.614576 5.165249
v -38.001083 -14.614573 5.165249
v -38.001083 -13.614578 5.165249
v -38.001083 -12.614574 5.165249
v -38.001083 -11.614580 5.165249
v -38.001083 -10.614576 5.165249
v -38.001083 -5.614575 5.165249
v -38.001083 -4.614572 5.165248
v -38.001083 -3.614578 5.165248
v -38.001083 -2.614574 5.165248
v -38.001083 -1.614579 5.165248
v -38.001083 -0.614576 5.165248
v -38.001083 4.385425 5.165248
v -38.001083 5.385428 5.165248
v -38.001083 6.385422 5.165248
v -38.001083 7.385426 5.165248
v -38.001083 8.385420 5.165247
v -38.001083 9.385424 5.165247
v -37.001083 -25.614576 5.165250
v -37.001083 -24.614573 5.165250
v -37.001083 -23.614578 5.165250
v -37.001083 -22.614574 5.165250
v -37.001083 -21.614580 5.165250
v -37.001083 -20.614576 5.165250
v -37.001083 -15.614576 5.165249
v -37.001083 -14.614573 5.165249
v -37.001083 -13.614578 5.165249
v -37.001083 -12.614574 5.165249
v -37.001083 -11.614580 5.165249
v -37.001083 -10.614576 5.165249
v -37.001083 -5.614575 5.165249
v -37.001083 -4.614572 5.165248
v -37.001083 -3.614578 5.165248
v -37.001083 -2.614574 5.165248
v -37.001083 -1.614579 5.165248
v -37.001083 -0.614576 5.165248
v -37.001083 4.385425 5.165248
v -37.001083 5.385428 5.165248
v -37.001083 6.385422 5.165248
v -37.001083 7.385426 5.165248
v -37.001083 8.385420 5.165247
v -37.001083 9.385424 5.165247
v -33.001083 -25.614576 5.165250
v -33.001083 -24.614573 5.165250
v -33.001083 -23.614578 5.165250
v -33.001083 -22.614574 5.165250
v -33.001083 -21.614580 5.165250
v -33.001083 -20.614576 5.165250
v -33.001083 -15.614576 5.165249
v -33.001083 -14.614573 5.165249
v -33.001083 -13.614578 5.165249
v -33.001083 -12.614574 5.165249
v -33.001083 -11.614580 5.165249
v -33.001083 -10.614576 5.165249
v -33.001083 -5.614575 5.165249
v -33.001083 -4.614572 5.165248
v -33.001083 -3.614578 5.165248
v -33.001083 -2.614574 5.165248
v -33.001083 -1.614579 5.165248
v -33.001083 -0.614576 5.165248
v -33.001083 4.385425 5.165248
v -33.001083 5.385428 5.165248
v -33.001083 6.385422 5.165248
v -33.001083 7.385426 5.165248
v -33.001083 8.385420 5.165247
v -33.001083 9.385424 5.165247
v -32.001083 -25.614576 5.165250
v -32.001083 -24.614573 5.165250
v -32.001083 -23.614578 5.165250
v -32.001083 -22.614574 5.165250
v -32.001083 -21.614580 5.165250
v -32.001083 -20.614576 5.165250
v -32.001083 -15.614576 5.165249
v -32.001083 -14.614573 5.165249
v -32.001083 -13.614578 5.165249
v -32.001083 -12.614574 5.165249
v -32.001083 -11.614580 5.165249
v -32.001083 -10.614576 5.165249
v -32.001083 -5.614575 5.165249
v -32.001083 -4.614572 5.165248
v -32.001083 -3.614578 5.165248
v -32.001083 -2.614574 5.165248
v -32.001083 -1.614579 5.165248
v -32.001083 -0.614576 5.165248
v -32.001083 4.385425 5.165248
v -32.001083 5.385428 5.165248
v -32.001083 6.385422 5.165248
v -32.001083 7.385426 5.165248
v -32.001083 8.385420 5.165247
v -32.001083 9.385424 5.165247
v -30.001083 -30.614576 5.165251
v -30.001083 -25.614576 5.165250
v -30.001083 -24.614573 5.165250
v -30.001083 -23.614578 5.165250
v -30.001083 -22.614574 5.165250
v -30.001083 -21.614580 5.165250
v -30.001083 -20.614576 5.165250
v -30.001083 -15.614576 5.165249
v -30.001083 -14.614573 5.165249
v -30.001083 -13.614578 5.165249
v -30.001083 -12.614574 5.165249
v -30.001083 -11.614580 5.165249
v -30.001083 -10.614576 5.165249
v -30.001083 -5.614575 5.165249
v -30.001083 -4.614572 5.165248
v -30.001083 -3.614578 5.165248
v -30.001083 -2.614574 5.165248
v -30.001083 -1.614579 5.165248
v -30.001083 -0.614576 5.165248
v -30.001083 4.385425 5.165248
v -30.001083 5.385428 5.165248
v -30.001083 6.385422 5.165248
v -30.001083 7.385426 5.165248
v -30.001083 8.385420 5.165247
v -30.001083 9.385424 5.165247
v -30.001083 14.385424 5.165247
v -5.001085 -30.614576 5.165251
v -5.001085 -25.614576 5.165250
v -5.001085 -24.614573 5.165250
v -5.001085 -23.614578 5.165250
v -5.001085 -22.614574 5.165250
v -5.001085 -21.614580 5.165250
v -5.001085 -20.614576 5.165250
v -5.001085 -15.614576 5.165249
v -5.001085 -14.614573 5.165249
v -5.001085 -13.614578 5.165249
v -5.001085 -12.614574 5.165249
v -5.001085 -11.614580 5.165249
v -5.001085 -10.614576 5.165249
v -5.001085 -5.614575 5.165249
v -5.001085 -4.614572 5.165248
v -5.001085 -3.614578 5.165248
v -5.001085 -2.614574 5.165248
v -5.001085 -1.614579 5.165248
v -5.001085 -0.614576 5.165248
v -5.001085 4.385425 5.165248
v -5.001085 5.385428 5.165248
v -5.001085 6.385422 5.165248
v -5.001085 7.385426 5.165248
v -5.001085 8.385420 5.165247
v -5.001085 9.385424 5.165247
v -5.001085 14.385424 5.165247
v -3.001085 -25.614576 5.165250
v -3.001085 -24.614573 5.165250
v -3.001085 -23.614578 5.165250
v -3.001085 -22.614574 5.165250
v -3.001085 -21.614580 5.165250
v -3.001085 -20.614576 5.165250
v -3.001085 -15.614576 5.165249
v -3.001085 -14.614573 5.165249
v -3.001085 -13.614578 5.165249
v -3.001085 -12.614574 5.165249
v -3.001085 -11.614580 5.165249
v -3.001085 -10.614576 5.165249
v -3.001085 -5.614575 5.165249
v -3.001085 -4.614572 5.165248
v -3.001085 -3.614578 5.165248
v -3.001085 -2.614574 5.165248
v -3.001085 -1.614579 5.165248
v -3.001085 -0.614576 5.165248
v -3.001085 4.385425 5.165248
v -3.001085 5.385428 5.165248
v -3.001085 6.385422 5.165248
v -3.001085 7.385426 5.165248
v -3.001085 8.385420 5.165247
v -3.001085 9.385424 5.165247
v -2.001085 -25.614576 5.165250
v -2.001085 -24.614573 5.165250
v -2.001085 -23.614578 5.165250
v -2.001085 -22.614574 5.165250
v -2.001085 -21.614580 5.165250
v -2.001085 -20.614576 5.165250
v -2.001085 -15.614576 5.165249
v -2.001085 -14.614573 5.165249
v -2.001085 -13.614578 5.165249
v -2.001085 -12.614574 5.165249
v -2.001085 -11.614580 5.165249
v -2.001085 -10.614576 5.165249
v -2.001085 -5.614575 5.165249
v -2.001085 -4.614572 5.165248
v -2.001085 -3.614578 5.165248
v -2.001085 -2.614574 5.165248
v -2.001085 -1.614579 5.165248
v -2.001085 -0.614576 5.165248
v -2.001085 4.385425 5.165248
v -2.001085 5.385428 5.165248
v -2.001085 6.385422 5.165248
v -2.001085 7.385426 5.165248
v -2.001085 8.385420 5.165247
v -2.001085 9.385424 5.165247
v 1.998915 -25.614576 5.165250
v 1.998915 -24.614573 5.165250
v 1.998915 -23.614578 5.165250
v 1.998915 -22.614574 5.165250
v 1.998915 -21.614580 5.165250
v 1.998915 -20.614576 5.165250
v 1.998915 -15.614576 5.165249
v 1.998915 -14.614573 5.165249
v 1.998915 -13.614578 5.165249
v 1.998915 -12.614574 5.165249
v 1.998915 -11.614580 5.165249
v 1.998915 -10.614576 5.165249
v 1.998915 -5.614575 5.165249
v 1.998915 -4.614572 5.165248
v 1.998915 -3.614578 5.165248
v 1.998915 -2.614574 5.165248
v 1.998915 -1.614579 5.165248
v 1.998915 -0.614576 5.165248
v 1.998915 4.385425 5.165248
v 1.998915 5.385428 5.165248
v 1.998915 6.385422 5.165248
v 1.998915 7.385426 5.165248
v 1.998915 8.385420 5.165247
v 1.998915 9.385424 5.165247
v 2.998915 -25.614576 5.165250
v 2.998915 -24.614573 5.165250
v 2.998915 -23.614578 5.165250
v 2.998915 -22.614574 5.165250
v 2.998915 -21.614580 5.165250
v 2.998915 -20.614576 5.165250
v 2.998915 -15.614576 5.165249
v 2.998915 -14.614573 5.165249
v 2.998915 -13.614578 5.165249
v 2.998915 -12.614574 5.165249
v 2.998915 -11.614580 5.165249
v 2.998915 -10.614576 5.165249
v 2.998915 -5.614575 5.165249
v 2.998915 -4.614572 5.165248
v 2.998915 -3.614578 5.165248
v 2.998915 -2.614574 5.165248
v 2.998915 -1.614579 5.165248
v 2.998915 -0.614576 5.165248
v 2.998915 4.385425 5.165248
v 2.998915 5.385428 5.165248
v 2.998915 6.385422 5.165248
v 2.998915 7.385426 5.165248
v 2.998915 8.385420 5.165247
v 2.998915 9.385424 5.165247
v 4.998915 -30.614576 5.165251
v 4.998915 -25.614576 5.165250
v 4.998915 -24.614573 5.165250
v 4.998915 -23.614578 5.165250
v 4.998915 -22.614574 5.165250
v 4.998915 -21.614580 5.165250
v 4.998915 -20.614576 5.165250
v 4.998915 -15.614576 5.165249
v 4.998915 -14.614573 5.165249
v 4.998915 -13.614578 5.165249
v 4.998915 -12.614574 5.165249
v 4.998915 -11.614580 5.165249
v 4.998915 -10.614576 5.165249
v 4.998915 -5.614575 5.165249
v 4.998915 -4.614572 5.165248
v 4.998915 -3.614578 5.165248
v 4.998915 -2.614574 5.165248
v 4.998915 -1.614579 5.165248
v 4.998915 -0.614576 5.165248
v 4.998915 4.385425 5.165248
v 4.998915 5.385428 5.165248
v 4.998915 6.385422 5.165248
v 4.998915 7.385426 5.165248
v 4.998915 8.385420 5.165247
v 4.998915 9.385424 5.165247
v 4.998915 14.385424 5.165247
v 29.998917 -30.614576 5.165251
v 29.998917 -25.614576 5.165250
v 29.998917 -24.614573 5.165250
v 29.998917 -23.614578 5.165250
v 29.998917 -22.614574 5.165250
v 29.998917 -21.614580 5.165250
v 29.998917 -20.614576 5.165250
v 29.998917 -15.614576 5.165249
v 29.998917 -14.614573 5.165249
v 29.998917 -13.614578 5.165249
v 29.998917 -12.614574 5.165249
v 29.998917 -11.614580 5.165249
v 29.998917 -10.614576 5.165249
v 29.998917 -5.614575 5.165249
v 29.998917 -4.614572 5.165248
v 29.998917 -3.614578 5.165248
v 29.998917 -2.614574 5.165248
v 29.998917 -1.614579 5.165248
v 29.998917 -0.614576 5.165248
v 29.998917 4.385425 5.165248
v 29.998917 5.385428 5.165248
v 29.998917 6.385422 5.165248
v 29.998917 7.385426 5.165248
v 29.998917 8.385420 5.165247
v 29.998917 9.385424 5.165247
v 29.998917 14.385424 5.165247
v 31.998917 -25.614576 5.165250
v 31.998917 -24.614573 5.165250
v 31.998917 -23.614578 5.165250
v 31.998917 -22.614574 5.165250
v 31.998917 -21.614580 5.165250
v 31.998917 -20.614576 5.165250
v 31.998917 -15.614576 5.165249
v 31.998917 -14.614573 5.165249
v 31.998917 -13.614578 5.165249
v 31.998917 -12.614574 5.165249
v 31.998917 -11.614580 5.165249
v 31.998917 -10.614576 5.165249
v 31.998917 -5.614575 5.165249
v 31.998917 -4.614572 5.165248
v 31.998917 -3.614578 5.165248
v 31.998917 -2.614574 5.165248
v 31.998917 -1.614579 5.165248
v 31.998917 -0.614576 5.165248
v 31.998917 4.385425 5.165248
v 31.998917 5.385428 5.165248
v 31.998917 6.385422 5.165248
v 31.998917 7.385426 5.165248
v 31.998917 8.385420 5.165247
v 31.998917 9.385424 5.165247
v 32.998917 -25.614576 5.165250
v 32.998917 -24.614573 5.165250
v 32.998917 -23.614578 5.165250
v 32.998917 -22.614574 5.165250
v 32.998917 -21.614580 5.165250
v 32.998917 -20.614576 5.165250
v 32.998917 -15.614576 5.165249
v 32.998917 -14.614573 5.165249
v 32.998917 -13.614578 5.165249
v 32.998917 -12.614574 5.165249
v 32.998917 -11.614580 5.165249
v 32.998917 -10.614576 5.165249
v 32.998917 -5.614575 5.165249
v 32.998917 -4.614572 5.165248
v 32.998917 -3.614578 5.165248
v 32.998917 -2.614574 5.165248
v 32.998917 -1.614579 5.165248
v 32.998917 -0.614576 5.165248
v 32.998917 4.385425 5.165248
v 32.998917 5.385428 5.165248
v 32.998917 6.385422 5.165248
v 32.998917 7.385426 5.165248
v 32.998917 8.385420 5.165247
v 32.998917 9.385424 5.165247
v 36.998917 -25.614576 5.165250
v 36.998917 -24.614573 5.165250
v 36.998917 -23.614578 5.165250
v 36.998917 -22.614574 5.165250
v 36.998917 -21.614580 5.165250
v 36.998917 -20.614576 5.165250
v 36.998917 -15.614576 5.165249
v 36.998917 -14.614573 5.165249
v 36.998917 -13.614578 5.165249
v 36.998917 -12.614574 5.165249
v 36.998917 -11.614580 5.165249
v 36.998917 -10.614576 5.165249
v 36.998917 -5.614575 5.165249
v 36.998917 -4.614572 5.165248
v 36.998917 -3.614578 5.165248
v 36.998917 -2.614574 5.165248
v 36.998917 -1.614579 5.165248
v 36.998917 -0.614576 5.165248
v 36.998917 4.385425 5.165248
v 36.998917 5.385428 5.165248
v 36.998917 6.385422 5.165248
v 36.998917 7.385426 5.165248
v 36.998917 8.385420 5.165247
v 36.998917 9.385424 5.165247
v 37.998917 -25.614576 5.165250
v 37.998917 -24.614573 5.165250
v 37.998917 -23.614578 5.165250
v 37.998917 -22.614574 5.165250
v 37.998917 -21.614580 5.165250
v 37.998917 -20.614576 5.165250
v 37.998917 -15.614576 5.165249
v 37.998917 -14.614573 5.165249
v 37.998917 -13.614578 5.165249
v 37.998917 -12.614574 5.165249
v 37.998917 -11.614580 5.165249
v 37.998917 -10.614576 5.165249
v 37.998917 -5.614575 5.165249
v 37.998917 -4.614572 5.165248
v 37.998917 -3.614578 5.165248
v 37.998917 -2.614574 5.165248
v 37.998917 -1.614579 5.165248
v 37.998917 -0.614576 5.165248
v 37.998917 4.385425 5.165248
v 37.998917 5.385428 5.165248
v 37.998917 6.385422 5.165248
v 37.998917 7.385426 5.165248
v 37.998917 8.385420 5.165247
v 37.998917 9.385424 5.165247
v 39.998913 -30.614576 5.165251
v 39.998913 -25.614576 5.165250
v 39.998913 -24.614573 5.165250
v 39.998913 -23.614578 5.165250
v 39.998913 -22.614574 5.165250
v 39.998913 -21.614580 5.165250
v 39.998913 -20.614576 5.165250
v 39.998913 -15.614576 5.165249
v 39.998913 -14.614573 5.165249
v 39.998913 -13.614578 5.165249
v 39.998913 -12.614574 5.165249
v 39.998913 -11.614580 5.165249
v 39.998913 -10.614576 5.165249
v 39.998913 -5.614575 5.165249
v 39.998913 -4.614572 5.165248
v 39.998913 -3.614578 5.165248
v 39.998913 -2.614574 5.165248
v 39.998913 -1.614579 5.165248
v 39.998913 -0.614576 5.165248
v 39.998913 4.385425 5.165248
v 39.998913 5.385428 5.165248
v 39.998913 6.385422 5.165248
v 39.998913 7.385426 5.165248
v 39.998913 8.385420 5.165247
v 39.998913 9.385424 5.165247
v 39.998913 14.385424 5.165247
v -40.001083 -25.614576 4.165250
v -40.001083 -24.614573 4.165250
v -40.001083 -23.614578 4.165250
v -40.001083 -22.614574 4.165250
v -40.001083 -21.614580 4.165250
v -40.001083 -20.614576 4.165250
v -40.001083 -15.614576 4.165249
v -40.001083 -14.614573 4.165249
v -40.001083 -13.614578 4.165249
v -40.001083 -12.614574 4.165249
v -40.001083 -11.614580 4.165249
v -40.001083 -10.614576 4.165249
v -40.001083 -5.614576 4.165249
v -40.001083 -4.614572 4.165249
v -40.001083 -3.614578 4.165249
v -40.001083 -2.614574 4.165248
v -40.001083 -1.614580 4.165248
v -40.001083 -0.614576 4.165248
v -40.001083 4.385425 4.165248
v -40.001083 5.385428 4.165248
v -40.001083 6.385422 4.165248
v -40.001083 7.385426 4.165248
v -40.001083 8.385420 4.165248
v -40.001083 9.385424 4.165247
v -38.001083 -25.614576 4.165250
v -38.001083 -24.614573 4.165250
v -38.001083 -23.614578 4.165250
v -38.001083 -22.614574 4.165250
v -38.001083 -21.614580 4.165250
v -38.001083 -20.614576 4.165250
v -38.001083 -15.614576 4.165249
v -38.001083 -14.614573 4.165249
v -38.001083 -13.614578 4.165249
v -38.001083 -12.614574 4.165249
v -38.001083 -11.614580 4.165249
v -38.001083 -10.614576 4.165249
v -38.001083 -5.614576 4.165249
v -38.001083 -4.614572 4.165249
v -38.001083 -3.614578 4.165249
v -38.001083 -2.614574 4.165248
v -38.001083 -1.614580 4.165248
v -38.001083 -0.614576 4.165248
v -38.001083 4.385425 4.165248
v -38.001083 5.385428 4.165248
v -38.001083 6.385422 4.165248
v -38.001083 7.385426 4.165248
v -38.001083 8.385420 4.165248
v -38.001083 9.385424 4.165247
v -37.001083 -25.614576 4.165250
v -37.001083 -24.614573 4.165250
v -37.001083 -23.614578 4.165250
v -37.001083 -22.614574 4.165250
v -37.001083 -21.614580 4.165250
v -37.001083 -20.614576 4.165250
v -37.001083 -15.614576 4.165249
v -37.001083 -14.614573 4.165249
v -37.001083 -13.614578 4.165249
v -37.001083 -12.614574 4.165249
v -37.001083 -11.614580 4.165249
v -37.001083 -10.614576 4.165249
v -37.001083 -5.614576 4.165249
v -37.001083 -4.614572 4.165249
v -37.001083 -3.614578 4.165249
v -37.001083 -2.614574 4.165248
v -37.001083 -1.614580 4.165248
v -37.001083 -0.614576 4.165248
v -37.001083 4.385425 4.165248
v -37.001083 5.385428 4.165248
v -37.001083 6.385422 4.165248
v -37.001083 7.385426 4.165248
v -37.001083 8.385420 4.165248
v -37.001083 9.385424 4.165247
v -33.001083 -25.614576 4.165250
v -33.001083 -24.614573 4.165250
v -33.001083 -23.614578 4.165250
v -33.001083 -22.614574 4.165250
v -33.001083 -21.614580 4.165250
v -33.001083 -20.614576 4.165250
v -33.001083 -15.614576 4.165249
v -33.001083 -14.614573 4.165249
v -33.001083 -13.614578 4.165249
v -33.001083 -12.614574 4.165249
v -33.001083 -11.614580 4.165249
v -33.001083 -10.614576 4.165249
v -33.001083 -5.614576 4.165249
v -33.001083 -4.614572 4.165249
v -33.001083 -3.614578 4.165249
v -33.001083 -2.614574 4.165248
v -33.001083 -1.614580 4.165248
v -33.001083 -0.614576 4.165248
v -33.001083 4.385425 4.165248
v -33.001083 5.385428 4.165248
v -33.001083 6.385422 4.165248
v -33.001083 7.385426 4.165248
v -33.001083 8.385420 4.165248
v -33.001083 9.385424 4.165247
v -32.001083 -25.614576 4.165250
v -32.001083 -24.614573 4.165250
v -32.001083 -23.614578 4.165250
v -32.001083 -22.614574 4.165250
v -32.001083 -21.614580 4.165250
v -32.001083 -20.614576 4.165250
v -32.001083 -15.614576 4.165249
v -32.001083 -14.614573 4.165249
v -32.001083 -13.614578 4.165249
v -32.001083 -12.614574 4.165249
v -32.001083 -11.614580 4.165249
v -32.001083 -10.614576 4.165249
v -32.001083 -5.614576 4.165249
v -32.001083 -4.614572 4.165249
v -32.001083 -3.614578 4.165249
v -32.001083 -2.614574 4.165248
v -32.001083 -1.614580 4.165248
v -32.001083 -0.614576 4.165248
v -32.001083 4.385425 4.165248
v -32.001083 5.385428 4.165248
v -32.001083 6.385422 4.165248
v -32.001083 7.385426 4.165248
v -32.001083 8.385420 4.165248
v -32.001083 9.385424 4.165247
v -30.001083 -25.614576 4.165250
v -30.001083 -24.614573 4.165250
v -30.001083 -23.614578 4.165250
v -30.001083 -22.614574 4.165250
v -30.001083 -21.614580 4.165250
v -30.001083 -20.614576 4.165250
v -30.001083 -15.614576 4.165249
v -30.001083 -14.614573 4.165249
v -30.001083 -13.614578 4.165249
v -30.001083 -12.614574 4.165249
v -30.001083 -11.614580 4.165249
v -30.001083 -10.614576 4.165249
v -30.001083 -5.614576 4.165249
v -30.001083 -4.614572 4.165249
v -30.001083 -3.614578 4.165249
v -30.001083 -2.614574 4.165248
v -30.001083 -1.614580 4.165248
v -30.001083 -0.614576 4.165248
v -30.001083 4.385425 4.165248
v -30.001083 5.385428 4.165248
v -30.001083 6.385422 4.165248
v -30.001083 7.385426 4.165248
v -30.001083 8.385420 4.165248
v -30.001083 9.385424 4.165247
v -5.001085 -25.614576 4.165250
v -5.001085 -24.614573 4.165250
v -5.001085 -23.614578 4.165250
v -5.001085 -22.614574 4.165250
v -5.001085 -21.614580 4.165250
v -5.001085 -20.614576 4.165250
v -5.001085 -15.614576 4.165249
v -5.001085 -14.614573 4.165249
v -5.001085 -13.614578 4.165249
v -5.001085 -12.614574 4.165249
v -5.001085 -11.614580 4.165249
v -5.001085 -10.614576 4.165249
v -5.001085 -5.614576 4.165249
v -5.001085 -4.614572 4.165249
v -5.001085 -3.614578 4.165249
v -5.001085 -2.614574 4.165248
v -5.001085 -1.614580 4.165248
v -5.001085 -0.614576 4.165248
v -5.001085 4.385425 4.165248
v -5.001085 5.385428 4.165248
v -5.001085 6.385422 4.165248
v -5.001085 7.385426 4.165248
v -5.001085 8.385420 4.165248
v -5.001085 9.385424 4.165247
v -3.001085 -25.614576 4.165250
v -3.001085 -24.614573 4.165250
v -3.001085 -23.614578 4.165250
v -3.001085 -22.614574 4.165250
v -3.001085 -21.614580 4.165250
v -3.001085 -20.614576 4.165250
v -3.001085 -15.614576 4.165249
v -3.001085 -14.614573 4.165249
v -3.001085 -13.614578 4.165249
v -3.001085 -12.614574 4.165249
v -3.001085 -11.614580 4.165249
v -3.001085 -10.614576 4.165249
v -3.001085 -5.614576 4.165249
v -3.001085 -4.614572 4.165249
v -3.001085 -3.614578 4.165249
v -3.001085 -2.614574 4.165248
v -3.001085 -1.614580 4.165248
v -3.001085 -0.614576 4.165248
v -3.001085 4.385425 4.165248
v -3.001085 5.385428 4.165248
v -3.001085 6.385422 4.165248
v -3.001085 7.385426 4.165248
v -3.001085 8.385420 4.165248
v -3.001085 9.385424 4.165247
v -2.001085 -25.614576 4.165250
v -2.001085 -24.614573 4.165250
v -2.001085 -23.614578 4.165250
v -2.001085 -22.614574 4.165250
v -2.001085 -21.614580 4.165250
v -2.001085 -20.614576 4.165250
v -2.001085 -15.614576 4.165249
v -2.001085 -14.614573 4.165249
v -2.001085 -13.614578 4.165249
v -2.001085 -12.614574 4.165249
v -2.001085 -11.614580 4.165249
v -2.001085 -10.614576 4.165249
v -2.001085 -5.614576 4.165249
v -2.001085 -4.614572 4.165249
v -2.001085 -3.614578 4.165249
v -2.001085 -2.614574 4.165248
v -2.001085 -1.614580 4.165248
v -2.001085 -0.614576 4.165248
v -2.001085 4.385425 4.165248
v -2.001085 5.385428 4.165248
v -2.001085 6.385422 4.165248
v -2.001085 7.385426 4.165248
v -2.001085 8.385420 4.165248
v -2.001085 9.385424 4.165247
v 1.998915 -25.614576 4.165250
v 1.998915 -24.614573 4.165250
v 1.998915 -23.614578 4.165250
v 1.998915 -22.614574 4.165250
v 1.998915 -21.614580 4.165250
v 1.998915 -20.614576 4.165250
v 1.998915 -15.614576 4.165249
v 1.998915 -14.614573 4.165249
v 1.998915 -13.614578 4.165249
v 1.998915 -12.614574 4.165249
v 1.998915 -11.614580 4.165249
v 1.998915 -10.614576 4.165249
v 1.998915 -5.614576 4.165249
v 1.998915 -4.614572 4.165249
v 1.998915 -3.614578 4.165249
v 1.998915 -2.614574 4.165248
v 1.998915 -1.614580 4.165248
v 1.998915 -0.614576 4.165248
v 1.998915 4.385425 4.165248
v 1.998915 5.385428 4.165248
v 1.998915 6.385422 4.165248
v 1.998915 7.385426 4.165248
v 1.998915 8.385420 4.165248
v 1.998915 9.385424 4.165247
v 2.998915 -25.614576 4.165250
v 2.998915 -24.614573 4.165250
v 2.998915 -23.614578 4.165250
v 2.998915 -22.614574 4.165250
v 2.998915 -21.614580 4.165250
v 2.998915 -20.614576 4.165250
v 2.998915 -15.614576 4.165249
v 2.998915 -14.614573 4.165249
v 2.998915 -13.614578 4.165249
v 2.998915 -12.614574 4.165249
v 2.998915 -11.614580 4.165249
v 2.998915 -10.614576 4.165249
v 2.998915 -5.614576 4.165249
v 2.998915 -4.614572 4.165249
v 2.998915 -3.614578 4.165249
v 2.998915 -2.614574 4.165248
v 2.998915 -1.614580 4.165248
v 2.998915 -0.614576 4.165248
v 2.998915 4.385425 4.165248
v 2.998915 5.385428 4.165248
v 2.998915 6.385422 4.165248
v 2.998915 7.385426 4.165248
v 2.998915 8.385420 4.165248
v 2.998915 9.385424 4.165247
v 4.998915 -25.614576 4.165250
v 4.998915 -24.614573 4.165250
v 4.998915 -23.614578 4.165250
v 4.998915 -22.614574 4.165250
v 4.998915 -21.614580 4.165250
v 4.998915 -20.614576 4.165250
v 4.998915 -15.614576 4.165249
v 4.998915 -14.614573 4.165249
v 4.998915 -13.614578 4.165249
v 4.998915 -12.614574 4.165249
v 4.998915 -11.614580 4.165249
v 4.998915 -10.614576 4.165249
v 4.998915 -5.614576 4.165249
v 4.998915 -4.614572 4.165249
v 4.998915 -3.614578 4.165249
v 4.998915 -2.614574 4.165248
v 4.998915 -1.614580 4.165248
v 4.998915 -0.614576 4.165248
v 4.998915 4.385425 4.165248
v 4.998915 5.385428 4.165248
v 4.998915 6.385422 4.165248
v 4.998915 7.385426 4.165248
v 4.998915 8.385420 4.165248
v 4.998915 9.385424 4.165247
v 29.998917 -25.614576 4.165250
v 29.998917 -24.614573 4.165250
v 29.998917 -23.614578 4.165250
v 29.998917 -22.614574 4.165250
v 29.998917 -21.614580 4.165250
v 29.998917 -20.614576 4.165250
v 29.998917 -15.614576 4.165249
v 29.998917 -14.614573 4.165249
v 29.998917 -13.614578 4.165249
v 29.998917 -12.614574 4.165249
v 29.998917 -11.614580 4.165249
v 29.998917 -10.614576 4.165249
v 29.998917 -5.614576 4.165249
v 29.998917 -4.614572 4.165249
v 29.998917 -3.614578 4.165249
v 29.998917 -2.614574 4.165248
v 29.998917 -1.614580 4.165248
v 29.998917 -0.614576 4.165248
v 29.998917 4.385425 4.165248
v 29.998917 5.385428 4.165248
v 29.998917 6.385422 4.165248
v 29.998917 7.385426 4.165248
v 29.998917 8.385420 4.165248
v 29.998917 9.385424 4.165247
v 31.998917 -25.614576 4.165250
v 31.998917 -24.614573 4.165250
v 31.998917 -23.614578 4.165250
v 31.998917 -22.614574 4.165250
v 31.998917 -21.614580 4.165250
v 31.998917 -20.614576 4.165250
v 31.998917 -15.614576 4.165249
v 31.998917 -14.614573 4.165249
v 31.998917 -13.614578 4.165249
v 31.998917 -12.614574 4.165249
v 31.998917 -11.614580 4.165249
v 31.998917 -10.614576 4.165249
v 31.998917 -5.614576 4.165249
v 31.998917 -4.614572 4.165249
v 31.998917 -3.614578 4.165249
v 31.998917 -2.614574 4.165248
v 31.998917 -1.614580 4.165248
v 31.998917 -0.614576 4.165248
v 31.998917 4.385425 4.165248
v 31.998917 5.385428 4.165248
v 31.998917 6.385422 4.165248
v 31.998917 7.385426 4.165248
v 31.998917 8.385420 4.165248
v 31.998917 9.385424 4.165247
v 32.998917 -25.614576 4.165250
v 32.998917 -24.614573 4.165250
v 32.998917 -23.614578 4.165250
v 32.998917 -22.614574 4.165250
v 32.998917 -21.614580 4.165250
v 32.998917 -20.614576 4.165250
v 32.998917 -15.614576 4.165249
v 32.998917 -14.614573 4.165249
v 32.998917 -13.614578 4.165249
v 32.998917 -12.614574 4.165249
v 32.998917 -11.614580 4.165249
v 32.998917 -10.614576 4.165249
v 32.998917 -5.614576 4.165249
v 32.998917 -4.614572 4.165249
v 32.998917 -3.614578 4.165249
v 32.998917 -2.614574 4.165248
v 32.998917 -1.614580 4.165248
v 32.998917 -0.614576 4.165248
v 32.998917 4.385425 4.165248
v 32.998917 5.385428 4.165248
v 32.998917 6.385422 4.165248
v 32.998917 7.385426 4.165248
v 32.998917 8.385420 4.165248
v 32.998917 9.385424 4.165247
v 36.998917 -25.614576 4.165250
v 36.998917 -24.614573 4.165250
v 36.998917 -23.614578 4.165250
v 36.998917 -22.614574 4.165250
v 36.998917 -21.614580 4.165250
v 36.998917 -20.614576 4.165250
v 36.998917 -15.614576 4.165249
v 36.998917 -14.614573 4.165249
v 36.998917 -13.614578 4.165249
v 36.998917 -12.614574 4.165249
v 36.998917 -11.614580 4.165249
v 36.998917 -10.614576 4.165249
v 36.998917 -5.614576 4.165249
v 36.998917 -4.614572 4.165249
v 36.998917 -3.614578 4.165249
v 36.998917 -2.614574 4.165248
v 36.998917 -1.614580 4.165248
v 36.998917 -0.614576 4.165248
v 36.998917 4.385425 4.165248
v 36.998917 5.385428 4.165248
v 36.998917 6.385422 4.165248
v 36.998917 7.385426 4.165248
v 36.998917 8.385420 4.165248
v 36.998917 9.385424 4.165247
v 37.998917 -25.614576 4.165250
v 37.998917 -24.614573 4.165250
v 37.998917 -23.614578 4.165250
v 37.998917 -22.614574 4.165250
v 37.998917 -21.614580 4.165250
v 37.998917 -20.614576 4.165250
v 37.998917 -15.614576 4.165249
v 37.998917 -14.614573 4.165249
v 37.998917 -13.614578 4.165249
v 37.998917 -12.614574 4.165249
v 37.998917 -11.614580 4.165249
v 37.998917 -10.614576 4.165249
v 37.998917 -5.614576 4.165249
v 37.998917 -4.614572 4.165249
v 37.998917 -3.614578 4.165249
v 37.998917 -2.614574 4.165248
v 37.998917 -1.614580 4.165248
v 37.998917 -0.614576 4.165248
v 37.998917 4.385425 4.165248
v 37.998917 5.385428 4.165248
v 37.998917 6.385422 4.165248
v 37.998917 7.385426 4.165248
v 37.998917 8.385420 4.165248
v 37.998917 9.385424 4.165247
v 39.998913 -25.614576 4.165250
v 39.998913 -24.614573 4.165250
v 39.998913 -23.614578 4.165250
v 39.998913 -22.614574 4.165250
v 39.998913 -21.614580 4.165250
v 39.998913 -20.614576 4.165250
v 39.998913 -15.614576 4.165249
v 39.998913 -14.614573 4.165249
v 39.998913 -13.614578 4.165249
v 39.998913 -12.614574 4.165249
v 39.998913 -11.614580 4.165249
v 39.998913 -10.614576 4.165249
v 39.998913 -5.614576 4.165249
v 39.998913 -4.614572 4.165249
v 39.998913 -3.614578 4.165249
v 39.998913 -2.614574 4.165248
v 39.998913 -1.614580 4.165248
v 39.998913 -0.614576 4.165248
v 39.998913 4.385425 4.165248
v 39.998913 5.385428 4.165248
v 39.998913 6.385422 4.165248
v 39.998913 7.385426 4.165248
v 39.998913 8.385420 4.165248
v 39.998913 9.385424 4.165247
v -45.001087 20.385427 1.165247
v -45.001087 22.385426 1.165246
v -44.001087 19.385424 1.165247
v -44.001087 20.385427 1.165247
v -44.001087 22.385426 1.165246
v -44.001087 23.385420 1.165246
v -42.001083 19.385424 1.165247
v -42.001083 20.385427 1.165247
v -42.001083 22.385426 1.165246
v -42.001083 23.385420 1.165246
v -41.001083 20.385427 1.165247
v -41.001083 22.385426 1.165246
v -40.001083 20.385427 1.165247
v -40.001083 22.385426 1.165246
v -39.001083 19.385424 1.165247
v -39.001083 20.385427 1.165247
v -39.001083 22.385426 1.165246
v -39.001083 23.385420 1.165246
v -37.001083 19.385424 1.165247
v -37.001083 20.385427 1.165247
v -37.001083 22.385426 1.165246
v -37.001083 23.385420 1.165246
v -36.001083 20.385427 1.165247
v -36.001083 22.385426 1.165246
v -34.001083 20.385427 1.165247
v -34.001083 22.385426 1.165246
v -33.001083 19.385424 1.165247
v -33.001083 20.385427 1.165247
v -33.001083 22.385426 1.165246
v -33.001083 23.385420 1.165246
v -31.001083 19.385424 1.165247
v -31.001083 20.385427 1.165247
v -31.001083 22.385426 1.165246
v -31.001083 23.385420 1.165246
v -30.001083 20.385427 1.165247
v -30.001083 22.385426 1.165246
v -29.001085 20.385427 1.165247
v -29.001085 22.385426 1.165246
v -28.001083 19.385424 1.165247
v -28.001083 20.385427 1.165247
v -28.001083 22.385426 1.165246
v -28.001083 23.385420 1.165246
v -26.001083 19.385424 1.165247
v -26.001083 20.385427 1.165247
v -26.001083 22.385426 1.165246
v -26.001083 23.385420 1.165246
v -25.001083 20.385427 1.165247
v -25.001083 22.385426 1.165246
v -10.001085 20.385427 1.165247
v -10.001085 22.385426 1.165246
v -9.001085 19.385424 1.165247
v -9.001085 20.385427 1.165247
v -9.001085 22.385426 1.165246
v -9.001085 23.385420 1.165246
v -7.001085 19.385424 1.165247
v -7.001085 20.385427 1.165247
v -7.001085 22.385426 1.165246
v -7.001085 23.385420 1.165246
v -6.001085 20.385427 1.165247
v -6.001085 22.385426 1.165246
v -5.001085 20.385427 1.165247
v -5.001085 22.385426 1.165246
v -4.001085 19.385424 1.165247
v -4.001085 20.385427 1.165247
v -4.001085 22.385426 1.165246
v -4.001085 23.385420 1.165246
v -2.001085 19.385424 1.165247
v -2.001085 20.385427 1.165247
v -2.001085 22.385426 1.165246
v -2.001085 23.385420 1.165246
v -1.001084 20.385427 1.165247
v -1.001084 22.385426 1.165246
v 0.998915 20.385427 1.165247
v 0.998915 22.385426 1.165246
v 1.998915 19.385424 1.165247
v 1.998915 20.385427 1.165247
v 1.998915 22.385426 1.165246
v 1.998915 23.385420 1.165246
v 3.998915 19.385424 1.165247
v 3.998915 20.385427 1.165247
v 3.998915 22.385426 1.165246
v 3.998915 23.385420 1.165246
v 4.998915 20.385427 1.165247
v 4.998915 22.385426 1.165246
v 5.998915 20.385427 1.165247
v 5.998915 22.385426 1.165246
v 6.998915 19.385424 1.165247
v 6.998915 20.385427 1.165247
v 6.998915 22.385426 1.165246
v 6.998915 23.385420 1.165246
v 8.998915 19.385424 1.165247
v 8.998915 20.385427 1.165247
v 8.998915 22.385426 1.165246
v 8.998915 23.385420 1.165246
v 9.998916 20.385427 1.165247
v 9.998916 22.385426 1.165246
v 24.998917 20.385427 1.165247
v 24.998917 22.385426 1.165246
v 25.998915 19.385424 1.165247
v 25.998915 20.385427 1.165247
v 25.998915 22.385426 1.165246
v 25.998915 23.385420 1.165246
v 27.998917 19.385424 1.165247
v 27.998917 20.385427 1.165247
v 27.998917 22.385426 1.165246
v 27.998917 23.385420 1.165246
v 28.998917 20.385427 1.165247
v 28.998917 22.385426 1.165246
v 29.998917 20.385427 1.165247
v 29.998917 22.385426 1.165246
v 30.998915 19.385424 1.165247
v 30.998915 20.385427 1.165247
v 30.998915 22.385426 1.165246
v 30.998915 23.385420 1.165246
v 32.998917 19.385424 1.165247
v 32.998917 20.385427 1.165247
v 32.998917 22.385426 1.165246
v 32.998917 23.385420 1.165246
v 33.998917 20.385427 1.165247
v 33.998917 22.385426 1.165246
v 35.998917 20.385427 1.165247
v 35.998917 22.385426 1.165246
v 36.998917 19.385424 1.165247
v 36.998917 20.385427 1.165247
v 36.998917 22.385426 1.165246
v 36.998917 23.385420 1.165246
v 38.998917 19.385424 1.165247
v 38.998917 20.385427 1.165247
v 38.998917 22.385426 1.165246
v 38.998917 23.385420 1.165246
v 39.998913 20.385427 1.165247
v 39.998913 22.385426 1.165246
v 40.998913 20.385427 1.165247
v 40.998913 22.385426 1.165246
v 41.998913 19.385424 1.165247
v 41.998913 20.385427 1.165247
v 41.998913 22.385426 1.165246
v 41.998913 23.385420 1.165246
v 43.998917 19.385424 1.165247
v 43.998917 20.385427 1.165247
v 43.998917 22.385426 1.165246
v 43.998917 23.385420 1.165246
v 44.998913 20.385427 1.165247
v 44.998913 22.385426 1.165246
v -23.001083 -15.614576 0.165249
v -23.001083 0.385428 0.165248
v -22.001083 -16.614580 0.165250
v -22.001083 -15.614576 0.165249
v -22.001083 -12.614574 0.165249
v -22.001083 -11.614580 0.165249
v -22.001083 -7.614574 0.165249
v -22.001083 -6.614580 0.165249
v -22.001083 -2.614574 0.165248
v -22.001083 -1.614580 0.165248
v -22.001083 0.385428 0.165248
v -22.001083 2.385426 0.165248
v -21.001083 -17.614574 0.165250
v -21.001083 -16.614580 0.165250
v -21.001083 -15.614576 0.165249
v -21.001083 0.385428 0.165248
v -21.001083 2.385426 0.165248
v -21.001083 4.385424 0.165248
v -20.001083 2.385426 0.165248
v -20.001083 4.385424 0.165248
v -20.001083 6.385422 0.165248
v -19.001083 4.385424 0.165248
v -19.001083 6.385422 0.165248
v -19.001083 7.385426 0.165248
v -18.001083 -16.614580 0.165250
v -18.001083 -12.614574 0.165249
v -18.001083 -11.614580 0.165249
v -18.001083 -7.614574 0.165249
v -18.001083 -6.614580 0.165249
v -18.001083 -2.614574 0.165248
v -18.001083 -1.614580 0.165248
v -18.001083 6.385422 0.165248
v -18.001083 7.385426 0.165248
v -18.001083 8.385420 0.165248
v -17.001083 -16.614580 0.165250
v -17.001083 -12.614574 0.165249
v -17.001083 -11.614580 0.165249
v -17.001083 -7.614574 0.165249
v -17.001083 -6.614580 0.165249
v -17.001083 -2.614574 0.165248
v -17.001083 -1.614580 0.165248
v -17.001083 6.385422 0.165248
v -17.001083 7.385426 0.165248
v -17.001083 8.385420 0.165248
v -16.001085 4.385424 0.165248
v -16.001085 6.385422 0.165248
v -16.001085 7.385426 0.165248
v -15.001084 2.385426 0.165248
v -15.001084 4.385424 0.165248
v -15.001084 6.385422 0.165248
v -14.001084 -17.614574 0.165250
v -14.001084 -16.614580 0.165250
v -14.001084 -15.614576 0.165249
v -14.001084 0.385428 0.165248
v -14.001084 2.385426 0.165248
v -14.001084 4.385424 0.165248
v -13.001084 -16.614580 0.165250
v -13.001084 -15.614576 0.165249
v -13.001084 -12.614574 0.165249
v -13.001084 -11.614580 0.165249
v -13.001084 -7.614574 0.165249
v -13.001084 -6.614580 0.165249
v -13.001084 -2.614574 0.165248
v -13.001084 -1.614580 0.165248
v -13.001084 0.385428 0.165248
v -13.001084 2.385426 0.165248
v -12.001085 -15.614576 0.165249
v -12.001085 0.385428 0.165248
v 11.998916 -15.614576 0.165249
v 11.998916 0.385428 0.165248
v 12.998915 -16.614580 0.165250
v 12.998915 -15.614576 0.165249
v 12.998915 -12.614574 0.165249
v 12.998915 -11.614580 0.165249
v 12.998915 -7.614574 0.165249
v 12.998915 -6.614580 0.165249
v 12.998915 -2.614574 0.165248
v 12.998915 -1.614580 0.165248
v 12.998915 0.385428 0.165248
v 12.998915 2.385426 0.165248
v 13.998915 -17.614574 0.165250
v 13.998915 -16.614580 0.165250
v 13.998915 -15.614576 0.165249
v 13.998915 0.385428 0.165248
v 13.998915 2.385426 0.165248
v 13.998915 4.385424 0.165248
v 14.998916 2.385426 0.165248
v 14.998916 4.385424 0.165248
v 14.998916 6.385422 0.165248
v 15.998916 4.385424 0.165248
v 15.998916 6.385422 0.165248
v 15.998916 7.385426 0.165248
v 16.998917 -16.614580 0.165250
v 16.998917 -12.614574 0.165249
v 16.998917 -11.614580 0.165249
v 16.998917 -7.614574 0.165249
v 16.998917 -6.614580 0.165249
v 16.998917 -2.614574 0.165248
v 16.998917 -1.614580 0.165248
v 16.998917 6.385422 0.165248
v 16.998917 7.385426 0.165248
v 16.998917 8.385420 0.165248
v 17.998917 -16.614580 0.165250
v 17.998917 -12.614574 0.165249
v 17.998917 -11.614580 0.165249
v 17.998917 -7.614574 0.165249
v 17.998917 -6.614580 0.165249
v 17.998917 -2.614574 0.165248
v 17.998917 -1.614580 0.165248
v 17.998917 6.385422 0.165248
v 17.998917 7.385426 0.165248
v 17.998917 8.385420 0.165248
v 18.998917 4.385424 0.165248
v 18.998917 6.385422 0.165248
v 18.998917 7.385426 0.165248
v 19.998917 2.385426 0.165248
v 19.998917 4.385424 0.165248
v 19.998917 6.385422 0.165248
v 20.998915 -17.614574 0.165250
v 20.998915 -16.614580 0.165250
v 20.998915 -15.614576 0.165249
v 20.998915 0.385428 0.165248
v 20.998915 2.385426 0.165248
v 20.998915 4.385424 0.165248
v 21.998917 -16.614580 0.165250
v 21.998917 -15.614576 0.165249
v 21.998917 -12.614574 0.165249
v 21.998917 -11.614580 0.165249
v 21.998917 -7.614574 0.165249
v 21.998917 -6.614580 0.165249
v 21.998917 -2.614574 0.165248
v 21.998917 -1.614580 0.165248
v 21.998917 0.385428 0.165248
v 21.998917 2.385426 0.165248
v 22.998917 -15.614576 0.165249
v 22.998917 0.385428 0.165248
v -50.001087 -30.614576 -1.834749
v -50.001087 26.385422 -1.834754
v -49.001087 -29.614573 -1.834749
v -49.001087 -27.614574 -1.834749
v -49.001087 -26.614580 -1.834749
v -49.001087 -24.614573 -1.834750
v -49.001087 -23.614578 -1.834750
v -49.001087 -21.614580 -1.834750
v -49.001087 -20.614576 -1.834750
v -49.001087 -18.614578 -1.834750
v -49.001087 -17.614574 -1.834750
v -49.001087 -15.614576 -1.834750
v -49.001087 -14.614573 -1.834750
v -49.001087 -12.614574 -1.834751
v -49.001087 -11.614580 -1.834751
v -49.001087 -9.614573 -1.834751
v -49.001087 -8.614578 -1.834751
v -49.001087 -6.614580 -1.834751
v -49.001087 -5.614576 -1.834751
v -49.001087 -3.614578 -1.834751
v -49.001087 -2.614574 -1.834751
v -49.001087 -0.614576 -1.834751
v -49.001087 0.385428 -1.834752
v -49.001087 2.385426 -1.834752
v -49.001087 3.385420 -1.834752
v -49.001087 5.385428 -1.834752
v -49.001087 6.385422 -1.834752
v -49.001087 8.385420 -1.834752
v -49.001087 9.385424 -1.834752
v -49.001087 11.385422 -1.834752
v -49.001087 12.385426 -1.834752
v -49.001087 14.385424 -1.834753
v -49.001087 15.385427 -1.834753
v -49.001087 17.385426 -1.834753
v -49.001087 18.385420 -1.834753
v -49.001087 20.385427 -1.834753
v -49.001087 21.385422 -1.834753
v -49.001087 23.385420 -1.834753
v -49.001087 24.385424 -1.834753
v -49.001087 25.385427 -1.834754
v -49.001087 26.385422 -1.834754
v -48.001087 24.385424 -1.834753
v -47.001083 -17.614574 -1.834750
v -47.001083 -15.614576 -1.834750
v -47.001083 -5.614576 -1.834751
v -47.001083 -3.614578 -1.834751
v -47.001083 3.385420 -1.834752
v -47.001083 5.385428 -1.834752
v -47.001083 9.385424 -1.834752
v -47.001083 11.385422 -1.834752
v -47.001083 18.385420 -1.834753
v -47.001083 20.385427 -1.834753
v -47.001083 23.385420 -1.834753
v -47.001083 24.385424 -1.834753
v -46.001083 -29.614573 -1.834749
v -46.001083 -27.614574 -1.834749
v -46.001083 -23.614578 -1.834750
v -46.001083 -21.614580 -1.834750
v -46.001083 -17.614574 -1.834750
v -46.001083 -15.614576 -1.834750
v -46.001083 -11.614580 -1.834751
v -46.001083 -9.614573 -1.834751
v -46.001083 -5.614576 -1.834751
v -46.001083 -3.614578 -1.834751
v -46.001083 0.385428 -1.834752
v -46.001083 2.385426 -1.834752
v -46.001083 3.385420 -1.834752
v -46.001083 5.385428 -1.834752
v -46.001083 9.385424 -1.834752
v -46.001083 11.385422 -1.834752
v -46.001083 12.385426 -1.834752
v -46.001083 14.385424 -1.834753
v -46.001083 18.385420 -1.834753
v -46.001083 20.385427 -1.834753
v -46.001083 21.385422 -1.834753
v -45.001087 -29.614573 -1.834749
v -45.001087 -27.614574 -1.834749
v -45.001087 -23.614578 -1.834750
v -45.001087 -21.614580 -1.834750
v -45.001087 -11.614580 -1.834751
v -45.001087 -9.614573 -1.834751
v -45.001087 -8.614578 -1.834751
v -45.001087 -6.614580 -1.834751
v -45.001087 0.385428 -1.834752
v -45.001087 2.385426 -1.834752
v -45.001087 6.385422 -1.834752
v -45.001087 8.385420 -1.834752
v -45.001087 12.385426 -1.834752
v -45.001087 14.385424 -1.834753
v -45.001087 15.385427 -1.834753
v -45.001087 17.385426 -1.834753
v -45.001087 18.385420 -1.834753
v -44.001087 -20.614576 -1.834750
v -44.001087 -18.614578 -1.834750
v -44.001087 -14.614573 -1.834750
v -44.001087 -12.614574 -1.834751
v -44.001087 -8.614578 -1.834751
v -44.001087 -6.614580 -1.834751
v -44.001087 -2.614574 -1.834751
v -44.001087 -0.614576 -1.834751
v -44.001087 6.385422 -1.834752
v -44.001087 8.385420 -1.834752
v -44.001087 15.385427 -1.834753
v -44.001087 17.385426 -1.834753
v -44.001087 18.385420 -1.834753
v -43.001087 -26.614580 -1.834749
v -43.001087 -24.614573 -1.834750
v -43.001087 -20.614576 -1.834750
v -43.001087 -18.614578 -1.834750
v -43.001087 -14.614573 -1.834750
v -43.001087 -12.614574 -1.834751
v -43.001087 -2.614574 -1.834751
v -43.001087 -0.614576 -1.834751
v -43.001087 3.385420 -1.834752
v -43.001087 5.385428 -1.834752
v -43.001087 9.385424 -1.834752
v -43.001087 11.385422 -1.834752
v -42.001083 -29.614573 -1.834749
v -42.001083 -27.614574 -1.834749
v -42.001083 -26.614580 -1.834749
v -42.001083 -24.614573 -1.834750
v -42.001083 -17.614574 -1.834750
v -42.001083 -15.614576 -1.834750
v -42.001083 -11.614580 -1.834751
v -42.001083 -9.614573 -1.834751
v -42.001083 -5.614576 -1.834751
v -42.001083 -3.614578 -1.834751
v -42.001083 0.385428 -1.834752
v -42.001083 2.385426 -1.834752
v -42.001083 3.385420 -1.834752
v -42.001083 5.385428 -1.834752
v -42.001083 9.385424 -1.834752
v -42.001083 11.385422 -1.834752
v -42.001083 12.385426 -1.834752
v -42.001083 14.385424 -1.834753
v -42.001083 15.385427 -1.834753
v -41.001083 -29.614573 -1.834749
v -41.001083 -27.614574 -1.834749
v -41.001083 -17.614574 -1.834750
v -41.001083 -15.614576 -1.834750
v -41.001083 -11.614580 -1.834751
v -41.001083 -9.614573 -1.834751
v -41.001083 -8.614578 -1.834751
v -41.001083 -6.614580 -1.834751
v -41.001083 -5.614576 -1.834751
v -41.001083 -3.614578 -1.834751
v -41.001083 0.385428 -1.834752
v -41.001083 2.385426 -1.834752
v -41.001083 12.385426 -1.834752
v -41.001083 14.385424 -1.834753
v -41.001083 15.385427 -1.834753
v -40.001083 -30.614576 -1.834749
v -40.001083 -29.614573 -1.834749
v -40.001083 -27.614574 -1.834749
v -40.001083 -26.614580 -1.834749
v -40.001083 -24.614573 -1.834750
v -40.001083 -23.614578 -1.834750
v -40.001083 -21.614580 -1.834750
v -40.001083 -20.614576 -1.834750
v -40.001083 -18.614578 -1.834750
v -40.001083 -17.614574 -1.834750
v -40.001083 -15.614576 -1.834750
v -40.001083 -14.614573 -1.834750
v -40.001083 -12.614574 -1.834751
v -40.001083 -11.614580 -1.834751
v -40.001083 -9.614573 -1.834751
v -40.001083 -5.614576 -1.834751
v -40.001083 -3.614578 -1.834751
v -40.001083 -2.614574 -1.834751
v -40.001083 -0.614576 -1.834751
v -40.001083 0.385428 -1.834752
v -40.001083 2.385426 -1.834752
v -40.001083 3.385420 -1.834752
v -40.001083 5.385428 -1.834752
v -40.001083 6.385422 -1.834752
v -40.001083 8.385420 -1.834752
v -40.001083 9.385424 -1.834752
v -40.001083 11.385422 -1.834752
v -40.001083 12.385426 -1.834752
v -30.001083 -30.614576 -1.834749
v -30.001083 -29.614573 -1.834749
v -30.001083 -27.614574 -1.834749
v -30.001083 -26.614580 -1.834749
v -30.001083 -24.614573 -1.834750
v -30.001083 -23.614578 -1.834750
v -30.001083 -21.614580 -1.834750
v -30.001083 -20.614576 -1.834750
v -30.001083 -18.614578 -1.834750
v -30.001083 -17.614574 -1.834750
v -30.001083 -15.614576 -1.834750
v -30.001083 -14.614573 -1.834750
v -30.001083 -12.614574 -1.834751
v -30.001083 -11.614580 -1.834751
v -30.001083 -9.614573 -1.834751
v -30.001083 -8.614578 -1.834751
v -30.001083 -6.614580 -1.834751
v -30.001083 -5.614576 -1.834751
v -30.001083 -3.614578 -1.834751
v -30.001083 -2.614574 -1.834751
v -30.001083 -0.614576 -1.834751
v -30.001083 0.385428 -1.834752
v -30.001083 2.385426 -1.834752
v -30.001083 3.385420 -1.834752
v -30.001083 5.385428 -1.834752
v -30.001083 6.385422 -1.834752
v -30.001083 8.385420 -1.834752
v -30.001083 9.385424 -1.834752
v -30.001083 11.385422 -1.834752
v -30.001083 12.385426 -1.834752
v -29.001085 -26.614580 -1.834749
v -29.001085 -24.614573 -1.834750
v -29.001085 -20.614576 -1.834750
v -29.001085 -18.614578 -1.834750
v -29.001085 -14.614573 -1.834750
v -29.001085 -12.614574 -1.834751
v -29.001085 -2.614574 -1.834751
v -29.001085 -0.614576 -1.834751
v -29.001085 14.385424 -1.834753
v -29.001085 15.385427 -1.834753
v -28.001083 -26.614580 -1.834749
v -28.001083 -24.614573 -1.834750
v -28.001083 -20.614576 -1.834750
v -28.001083 -18.614578 -1.834750
v -28.001083 -14.614573 -1.834750
v -28.001083 -12.614574 -1.834751
v -28.001083 -2.614574 -1.834751
v -28.001083 -0.614576 -1.834751
v -28.001083 15.385427 -1.834753
v -27.001083 -29.614573 -1.834749
v -27.001083 -27.614574 -1.834749
v -27.001083 -23.614578 -1.834750
v -27.001083 -21.614580 -1.834750
v -27.001083 -17.614574 -1.834750
v -27.001083 -15.614576 -1.834750
v -27.001083 -8.614578 -1.834751
v -27.001083 -6.614580 -1.834751
v -27.001083 3.385420 -1.834752
v -27.001083 5.385428 -1.834752
v -27.001083 9.385424 -1.834752
v -27.001083 11.385422 -1.834752
v -26.001083 -29.614573 -1.834749
v -26.001083 -27.614574 -1.834749
v -26.001083 -23.614578 -1.834750
v -26.001083 -21.614580 -1.834750
v -26.001083 -17.614574 -1.834750
v -26.001083 -15.614576 -1.834750
v -26.001083 -8.614578 -1.834751
v -26.001083 -6.614580 -1.834751
v -26.001083 0.385428 -1.834752
v -26.001083 2.385426 -1.834752
v -26.001083 3.385420 -1.834752
v -26.001083 5.385428 -1.834752
v -26.001083 9.385424 -1.834752
v -26.001083 11.385422 -1.834752
v -26.001083 17.385426 -1.834753
v -26.001083 18.385420 -1.834753
v -25.001083 -11.614580 -1.834751
v -25.001083 -9.614573 -1.834751
v -25.001083 -5.614576 -1.834751
v -25.001083 -3.614578 -1.834751
v -25.001083 0.385428 -1.834752
v -25.001083 2.385426 -1.834752
v -25.001083 18.385420 -1.834753
v -24.001085 -26.614580 -1.834749
v -24.001085 -24.614573 -1.834750
v -24.001085 -20.614576 -1.834750
v -24.001085 -18.614578 -1.834750
v -24.001085 -14.614573 -1.834750
v -24.001085 -12.614574 -1.834751
v -24.001085 -11.614580 -1.834751
v -24.001085 -9.614573 -1.834751
v -24.001085 -5.614576 -1.834751
v -24.001085 -3.614578 -1.834751
v -24.001085 -2.614574 -1.834751
v -24.001085 -0.614576 -1.834751
v -24.001085 6.385422 -1.834752
v -24.001085 8.385420 -1.834752
v -24.001085 12.385426 -1.834752
v -24.001085 14.385424 -1.834753
v -24.001085 15.385427 -1.834753
v -24.001085 17.385426 -1.834753
v -24.001085 20.385427 -1.834753
v -24.001085 21.385422 -1.834753
v -23.001083 -26.614580 -1.834749
v -23.001083 -24.614573 -1.834750
v -23.001083 -20.614576 -1.834750
v -23.001083 -18.614578 -1.834750
v -23.001083 -15.614576 -1.834750
v -23.001083 -11.614580 -1.834751
v -23.001083 -9.614573 -1.834751
v -23.001083 -8.614578 -1.834751
v -23.001083 -6.614580 -1.834751
v -23.001083 -5.614576 -1.834751
v -23.001083 -3.614578 -1.834751
v -23.001083 0.385428 -1.834752
v -23.001083 6.385422 -1.834752
v -23.001083 8.385420 -1.834752
v -23.001083 12.385426 -1.834752
v -23.001083 14.385424 -1.834753
v -23.001083 15.385427 -1.834753
v -23.001083 17.385426 -1.834753
v -23.001083 23.385420 -1.834753
v -23.001083 24.385424 -1.834753
v -22.001083 -29.614573 -1.834749
v -22.001083 -27.614574 -1.834749
v -22.001083 -23.614578 -1.834750
v -22.001083 -21.614580 -1.834750
v -22.001083 -17.614574 -1.834750
v -22.001083 -16.614580 -1.834750
v -22.001083 2.385426 -1.834752
v -22.001083 21.385422 -1.834753
v -22.001083 23.385420 -1.834753
v -22.001083 24.385424 -1.834753
v -22.001083 25.385427 -1.834754
v -21.001083 -29.614573 -1.834749
v -21.001083 -27.614574 -1.834749
v -21.001083 -23.614578 -1.834750
v -21.001083 -21.614580 -1.834750
v -21.001083 -17.614574 -1.834750
v -21.001083 -16.614580 -1.834750
v -21.001083 2.385426 -1.834752
v -21.001083 3.385420 -1.834752
v -21.001083 9.385424 -1.834752
v -21.001083 11.385422 -1.834752
v -21.001083 18.385420 -1.834753
v -21.001083 20.385427 -1.834753
v -21.001083 21.385422 -1.834753
v -21.001083 23.385420 -1.834753
v -21.001083 24.385424 -1.834753
v -21.001083 25.385427 -1.834754
v -20.001083 5.385428 -1.834752
v -20.001083 6.385422 -1.834752
v -20.001083 9.385424 -1.834752
v -20.001083 11.385422 -1.834752
v -20.001083 12.385426 -1.834752
v -20.001083 14.385424 -1.834753
v -20.001083 18.385420 -1.834753
v -20.001083 20.385427 -1.834753
v -19.001083 -26.614580 -1.834749
v -19.001083 -24.614573 -1.834750
v -19.001083 -20.614576 -1.834750
v -19.001083 -18.614578 -1.834750
v -19.001083 12.385426 -1.834752
v -19.001083 14.385424 -1.834753
v -18.001083 -26.614580 -1.834749
v -18.001083 -24.614573 -1.834750
v -18.001083 -23.614578 -1.834750
v -18.001083 -21.614580 -1.834750
v -18.001083 -20.614576 -1.834750
v -18.001083 -18.614578 -1.834750
v -18.001083 8.385420 -1.834752
v -18.001083 15.385427 -1.834753
v -18.001083 17.385426 -1.834753
v -18.001083 21.385422 -1.834753
v -18.001083 23.385420 -1.834753
v -18.001083 24.385424 -1.834753
v -18.001083 25.385427 -1.834754
v -17.001083 -23.614578 -1.834750
v -17.001083 -21.614580 -1.834750
v -17.001083 8.385420 -1.834752
v -17.001083 15.385427 -1.834753
v -17.001083 17.385426 -1.834753
v -17.001083 21.385422 -1.834753
v -17.001083 23.385420 -1.834753
v -17.001083 24.385424 -1.834753
v -17.001083 25.385427 -1.834754
v -16.001085 -29.614573 -1.834749
v -16.001085 -27.614574 -1.834749
v -16.001085 18.385420 -1.834753
v -16.001085 20.385427 -1.834753
v -15.001084 -29.614573 -1.834749
v -15.001084 -27.614574 -1.834749
v -15.001084 5.385428 -1.834752
v -15.001084 6.385422 -1.834752
v -15.001084 18.385420 -1.834753
v -15.001084 20.385427 -1.834753
v -14.001084 -20.614576 -1.834750
v -14.001084 -18.614578 -1.834750
v -14.001084 -17.614574 -1.834750
v -14.001084 2.385426 -1.834752
v -14.001084 3.385420 -1.834752
v -14.001084 9.385424 -1.834752
v -14.001084 11.385422 -1.834752
v -14.001084 15.385427 -1.834753
v -14.001084 17.385426 -1.834753
v -14.001084 21.385422 -1.834753
v -14.001084 23.385420 -1.834753
v -13.001084 -26.614580 -1.834749
v -13.001084 -24.614573 -1.834750
v -13.001084 -20.614576 -1.834750
v -13.001084 -18.614578 -1.834750
v -13.001084 2.385426 -1.834752
v -13.001084 9.385424 -1.834752
v -13.001084 11.385422 -1.834752
v -13.001084 15.385427 -1.834753
v -13.001084 17.385426 -1.834753
v -13.001084 21.385422 -1.834753
v -13.001084 23.385420 -1.834753
v -13.001084 24.385424 -1.834753
v -12.001085 -29.614573 -1.834749
v -12.001085 -27.614574 -1.834749
v -12.001085 -26.614580 -1.834749
v -12.001085 -24.614573 -1.834750
v -12.001085 -23.614578 -1.834750
v -12.001085 -21.614580 -1.834750
v -12.001085 -17.614574 -1.834750
v -12.001085 -15.614576 -1.834750
v -12.001085 -8.614578 -1.834751
v -12.001085 -6.614580 -1.834751
v -12.001085 -5.614576 -1.834751
v -12.001085 -3.614578 -1.834751
v -12.001085 -2.614574 -1.834751
v -12.001085 -0.614576 -1.834751
v -12.001085 0.385428 -1.834752
v -12.001085 2.385426 -1.834752
v -12.001085 6.385422 -1.834752
v -12.001085 8.385420 -1.834752
v -12.001085 12.385426 -1.834752
v -12.001085 14.385424 -1.834753
v -12.001085 18.385420 -1.834753
v -12.001085 20.385427 -1.834753
v -12.001085 23.385420 -1.834753
v -12.001085 24.385424 -1.834753
v -11.001085 -29.614573 -1.834749
v -11.001085 -27.614574 -1.834749
v -11.001085 -23.614578 -1.834750
v -11.001085 -21.614580 -1.834750
v -11.001085 -17.614574 -1.834750
v -11.001085 -15.614576 -1.834750
v -11.001085 -14.614573 -1.834750
v -11.001085 -12.614574 -1.834751
v -11.001085 -11.614580 -1.834751
v -11.001085 -9.614573 -1.834751
v -11.001085 0.385428 -1.834752
v -11.001085 2.385426 -1.834752
v -11.001085 6.385422 -1.834752
v -11.001085 8.385420 -1.834752
v -11.001085 12.385426 -1.834752
v -11.001085 14.385424 -1.834753
v -11.001085 18.385420 -1.834753
v -11.001085 20.385427 -1.834753
v -11.001085 21.385422 -1.834753
v -10.001085 18.385420 -1.834753
v -9.001085 -23.614578 -1.834750
v -9.001085 -21.614580 -1.834750
v -9.001085 -5.614576 -1.834751
v -9.001085 -3.614578 -1.834751
v -9.001085 3.385420 -1.834752
v -9.001085 5.385428 -1.834752
v -9.001085 17.385426 -1.834753
v -9.001085 18.385420 -1.834753
v -8.001085 -29.614573 -1.834749
v -8.001085 -27.614574 -1.834749
v -8.001085 -23.614578 -1.834750
v -8.001085 -21.614580 -1.834750
v -8.001085 -20.614576 -1.834750
v -8.001085 -18.614578 -1.834750
v -8.001085 -5.614576 -1.834751
v -8.001085 -3.614578 -1.834751
v -8.001085 -2.614574 -1.834751
v -8.001085 -0.614576 -1.834751
v -8.001085 3.385420 -1.834752
v -8.001085 5.385428 -1.834752
v -8.001085 9.385424 -1.834752
v -8.001085 11.385422 -1.834752
v -7.001085 -29.614573 -1.834749
v -7.001085 -27.614574 -1.834749
v -7.001085 -26.614580 -1.834749
v -7.001085 -24.614573 -1.834750
v -7.001085 -20.614576 -1.834750
v -7.001085 -18.614578 -1.834750
v -7.001085 -8.614578 -1.834751
v -7.001085 -6.614580 -1.834751
v -7.001085 -2.614574 -1.834751
v -7.001085 -0.614576 -1.834751
v -7.001085 9.385424 -1.834752
v -7.001085 11.385422 -1.834752
v -7.001085 15.385427 -1.834753
v -6.001085 -26.614580 -1.834749
v -6.001085 -24.614573 -1.834750
v -6.001085 -8.614578 -1.834751
v -6.001085 -6.614580 -1.834751
v -6.001085 14.385424 -1.834753
v -6.001085 15.385427 -1.834753
v -5.001085 -30.614576 -1.834749
v -5.001085 -29.614573 -1.834749
v -5.001085 -27.614574 -1.834749
v -5.001085 -26.614580 -1.834749
v -5.001085 -24.614573 -1.834750
v -5.001085 -23.614578 -1.834750
v -5.001085 -21.614580 -1.834750
v -5.001085 -20.614576 -1.834750
v -5.001085 -18.614578 -1.834750
v -5.001085 -17.614574 -1.834750
v -5.001085 -15.614576 -1.834750
v -5.001085 -14.614573 -1.834750
v -5.001085 -12.614574 -1.834751
v -5.001085 -11.614580 -1.834751
v -5.001085 -9.614573 -1.834751
v -5.001085 -8.614578 -1.834751
v -5.001085 -6.614580 -1.834751
v -5.001085 -5.614576 -1.834751
v -5.001085 -3.614578 -1.834751
v -5.001085 -2.614574 -1.834751
v -5.001085 -0.614576 -1.834751
v -5.001085 0.385428 -1.834752
v -5.001085 2.385426 -1.834752
v -5.001085 3.385420 -1.834752
v -5.001085 5.385428 -1.834752
v -5.001085 6.385422 -1.834752
v -5.001085 8.385420 -1.834752
v -5.001085 9.385424 -1.834752
v -5.001085 11.385422 -1.834752
v -5.001085 12.385426 -1.834752
v 4.998915 -30.614576 -1.834749
v 4.998915 -29.614573 -1.834749
v 4.998915 -27.614574 -1.834749
v 4.998915 -26.614580 -1.834749
v 4.998915 -24.614573 -1.834750
v 4.998915 -23.614578 -1.834750
v 4.998915 -21.614580 -1.834750
v 4.998915 -20.614576 -1.834750
v 4.998915 -18.614578 -1.834750
v 4.998915 -17.614574 -1.834750
v 4.998915 -15.614576 -1.834750
v 4.998915 -14.614573 -1.834750
v 4.998915 -12.614574 -1.834751
v 4.998915 -11.614580 -1.834751
v 4.998915 -9.614573 -1.834751
v 4.998915 -8.614578 -1.834751
v 4.998915 -6.614580 -1.834751
v 4.998915 -5.614576 -1.834751
v 4.998915 -3.614578 -1.834751
v 4.998915 -2.614574 -1.834751
v 4.998915 -0.614576 -1.834751
v 4.998915 0.385428 -1.834752
v 4.998915 2.385426 -1.834752
v 4.998915 3.385420 -1.834752
v 4.998915 5.385428 -1.834752
v 4.998915 6.385422 -1.834752
v 4.998915 8.385420 -1.834752
v 4.998915 9.385424 -1.834752
v 4.998915 11.385422 -1.834752
v 4.998915 12.385426 -1.834752
v 5.998915 -26.614580 -1.834749
v 5.998915 -24.614573 -1.834750
v 5.998915 -8.614578 -1.834751
v 5.998915 -6.614580 -1.834751
v 5.998915 14.385424 -1.834753
v 5.998915 15.385427 -1.834753
v 6.998915 -29.614573 -1.834749
v 6.998915 -27.614574 -1.834749
v 6.998915 -26.614580 -1.834749
v 6.998915 -24.614573 -1.834750
v 6.998915 -20.614576 -1.834750
v 6.998915 -18.614578 -1.834750
v 6.998915 -8.614578 -1.834751
v 6.998915 -6.614580 -1.834751
v 6.998915 -2.614574 -1.834751
v 6.998915 -0.614576 -1.834751
v 6.998915 9.385424 -1.834752
v 6.998915 11.385422 -1.834752
v 6.998915 15.385427 -1.834753
v 7.998915 -29.614573 -1.834749
v 7.998915 -27.614574 -1.834749
v 7.998915 -23.614578 -1.834750
v 7.998915 -21.614580 -1.834750
v 7.998915 -20.614576 -1.834750
v 7.998915 -18.614578 -1.834750
v 7.998915 -5.614576 -1.834751
v 7.998915 -3.614578 -1.834751
v 7.998915 -2.614574 -1.834751
v 7.998915 -0.614576 -1.834751
v 7.998915 3.385420 -1.834752
v 7.998915 5.385428 -1.834752
v 7.998915 9.385424 -1.834752
v 7.998915 11.385422 -1.834752
v 8.998915 -23.614578 -1.834750
v 8.998915 -21.614580 -1.834750
v 8.998915 -5.614576 -1.834751
v 8.998915 -3.614578 -1.834751
v 8.998915 3.385420 -1.834752
v 8.998915 5.385428 -1.834752
v 8.998915 17.385426 -1.834753
v 8.998915 18.385420 -1.834753
v 9.998916 18.385420 -1.834753
v 10.998916 -29.614573 -1.834749
v 10.998916 -27.614574 -1.834749
v 10.998916 -23.614578 -1.834750
v 10.998916 -21.614580 -1.834750
v 10.998916 -17.614574 -1.834750
v 10.998916 -15.614576 -1.834750
v 10.998916 -14.614573 -1.834750
v 10.998916 -12.614574 -1.834751
v 10.998916 -11.614580 -1.834751
v 10.998916 -9.614573 -1.834751
v 10.998916 0.385428 -1.834752
v 10.998916 2.385426 -1.834752
v 10.998916 6.385422 -1.834752
v 10.998916 8.385420 -1.834752
v 10.998916 12.385426 -1.834752
v 10.998916 14.385424 -1.834753
v 10.998916 18.385420 -1.834753
v 10.998916 20.385427 -1.834753
v 10.998916 21.385422 -1.834753
v 11.998916 -29.614573 -1.834749
v 11.998916 -27.614574 -1.834749
v 11.998916 -26.614580 -1.834749
v 11.998916 -24.614573 -1.834750
v 11.998916 -23.614578 -1.834750
v 11.998916 -21.614580 -1.834750
v 11.998916 -17.614574 -1.834750
v 11.998916 -15.614576 -1.834750
v 11.998916 -8.614578 -1.834751
v 11.998916 -6.614580 -1.834751
v 11.998916 -5.614576 -1.834751
v 11.998916 -3.614578 -1.834751
v 11.998916 -2.614574 -1.834751
v 11.998916 -0.614576 -1.834751
v 11.998916 0.385428 -1.834752
v 11.998916 2.385426 -1.834752
v 11.998916 6.385422 -1.834752
v 11.998916 8.385420 -1.834752
v 11.998916 12.385426 -1.834752
v 11.998916 14.385424 -1.834753
v 11.998916 18.385420 -1.834753
v 11.998916 20.385427 -1.834753
v 11.998916 23.385420 -1.834753
v 11.998916 24.385424 -1.834753
v 12.998915 -26.614580 -1.834749
v 12.998915 -24.614573 -1.834750
v 12.998915 -20.614576 -1.834750
v 12.998915 -18.614578 -1.834750
v 12.998915 2.385426 -1.834752
v 12.998915 9.385424 -1.834752
v 12.998915 11.385422 -1.834752
v 12.998915 15.385427 -1.834753
v 12.998915 17.385426 -1.834753
v 12.998915 21.385422 -1.834753
v 12.998915 23.385420 -1.834753
v 12.998915 24.385424 -1.834753
v 13.998915 -20.614576 -1.834750
v 13.998915 -18.614578 -1.834750
v 13.998915 -17.614574 -1.834750
v 13.998915 2.385426 -1.834752
v 13.998915 3.385420 -1.834752
v 13.998915 9.385424 -1.834752
v 13.998915 11.385422 -1.834752
v 13.998915 15.385427 -1.834753
v 13.998915 17.385426 -1.834753
v 13.998915 21.385422 -1.834753
v 13.998915 23.385420 -1.834753
v 14.998916 -29.614573 -1.834749
v 14.998916 -27.614574 -1.834749
v 14.998916 5.385428 -1.834752
v 14.998916 6.385422 -1.834752
v 14.998916 18.385420 -1.834753
v 14.998916 20.385427 -1.834753
v 15.998916 -29.614573 -1.834749
v 15.998916 -27.614574 -1.834749
v 15.998916 18.385420 -1.834753
v 15.998916 20.385427 -1.834753
v 16.998917 -23.614578 -1.834750
v 16.998917 -21.614580 -1.834750
v 16.998917 8.385420 -1.834752
v 16.998917 15.385427 -1.834753
v 16.998917 17.385426 -1.834753
v 16.998917 21.385422 -1.834753
v 16.998917 23.385420 -1.834753
v 16.998917 24.385424 -1.834753
v 16.998917 25.385427 -1.834754
v 17.998917 -26.614580 -1.834749
v 17.998917 -24.614573 -1.834750
v 17.998917 -23.614578 -1.834750
v 17.998917 -21.614580 -1.834750
v 17.998917 -20.614576 -1.834750
v 17.998917 -18.614578 -1.834750
v 17.998917 8.385420 -1.834752
v 17.998917 15.385427 -1.834753
v 17.998917 17.385426 -1.834753
v 17.998917 21.385422 -1.834753
v 17.998917 23.385420 -1.834753
v 17.998917 24.385424 -1.834753
v 17.998917 25.385427 -1.834754
v 18.998917 -26.614580 -1.834749
v 18.998917 -24.614573 -1.834750
v 18.998917 -20.614576 -1.834750
v 18.998917 -18.614578 -1.834750
v 18.998917 12.385426 -1.834752
v 18.998917 14.385424 -1.834753
v 19.998917 5.385428 -1.834752
v 19.998917 6.385422 -1.834752
v 19.998917 9.385424 -1.834752
v 19.998917 11.385422 -1.834752
v 19.998917 12.385426 -1.834752
v 19.998917 14.385424 -1.834753
v 19.998917 18.385420 -1.834753
v 19.998917 20.385427 -1.834753
v 20.998915 -29.614573 -1.834749
v 20.998915 -27.614574 -1.834749
v 20.998915 -23.614578 -1.834750
v 20.998915 -21.614580 -1.834750
v 20.998915 -17.614574 -1.834750
v 20.998915 2.385426 -1.834752
v 20.998915 3.385420 -1.834752
v 20.998915 9.385424 -1.834752
v 20.998915 11.385422 -1.834752
v 20.998915 18.385420 -1.834753
v 20.998915 20.385427 -1.834753
v 20.998915 21.385422 -1.834753
v 20.998915 23.385420 -1.834753
v 20.998915 24.385424 -1.834753
v 20.998915 25.385427 -1.834754
v 21.998917 -29.614573 -1.834749
v 21.998917 -27.614574 -1.834749
v 21.998917 -23.614578 -1.834750
v 21.998917 -21.614580 -1.834750
v 21.998917 2.385426 -1.834752
v 21.998917 21.385422 -1.834753
v 21.998917 23.385420 -1.834753
v 21.998917 24.385424 -1.834753
v 21.998917 25.385427 -1.834754
v 22.998917 -26.614580 -1.834749
v 22.998917 -24.614573 -1.834750
v 22.998917 -20.614576 -1.834750
v 22.998917 -18.614578 -1.834750
v 22.998917 -15.614576 -1.834750
v 22.998917 -11.614580 -1.834751
v 22.998917 -9.614573 -1.834751
v 22.998917 -8.614578 -1.834751
v 22.998917 -6.614580 -1.834751
v 22.998917 -5.614576 -1.834751
v 22.998917 -3.614578 -1.834751
v 22.998917 0.385428 -1.834752
v 22.998917 6.385422 -1.834752
v 22.998917 8.385420 -1.834752
v 22.998917 12.385426 -1.834752
v 22.998917 14.385424 -1.834753
v 22.998917 15.385427 -1.834753
v 22.998917 17.385426 -1.834753
v 22.998917 23.385420 -1.834753
v 22.998917 24.385424 -1.834753
v 23.998917 -26.614580 -1.834749
v 23.998917 -24.614573 -1.834750
v 23.998917 -20.614576 -1.834750
v 23.998917 -18.614578 -1.834750
v 23.998917 -14.614573 -1.834750
v 23.998917 -12.614574 -1.834751
v 23.998917 -11.614580 -1.834751
v 23.998917 -9.614573 -1.834751
v 23.998917 -5.614576 -1.834751
v 23.998917 -3.614578 -1.834751
v 23.998917 -2.614574 -1.834751
v 23.998917 -0.614576 -1.834751
v 23.998917 6.385422 -1.834752
v 23.998917 8.385420 -1.834752
v 23.998917 12.385426 -1.834752
v 23.998917 14.385424 -1.834753
v 23.998917 15.385427 -1.834753
v 23.998917 17.385426 -1.834753
v 23.998917 20.385427 -1.834753
v 23.998917 21.385422 -1.834753
v 24.998917 -11.614580 -1.834751
v 24.998917 -9.614573 -1.834751
v 24.998917 -5.614576 -1.834751
v 24.998917 -3.614578 -1.834751
v 24.998917 0.385428 -1.834752
v 24.998917 2.385426 -1.834752
v 24.998917 18.385420 -1.834753
v 25.998915 -29.614573 -1.834749
v 25.998915 -27.614574 -1.834749
v 25.998915 -23.614578 -1.834750
v 25.998915 -21.614580 -1.834750
v 25.998915 -17.614574 -1.834750
v 25.998915 -15.614576 -1.834750
v 25.998915 -8.614578 -1.834751
v 25.998915 -6.614580 -1.834751
v 25.998915 0.385428 -1.834752
v 25.998915 2.385426 -1.834752
v 25.998915 3.385420 -1.834752
v 25.998915 5.385428 -1.834752
v 25.998915 9.385424 -1.834752
v 25.998915 11.385422 -1.834752
v 25.998915 17.385426 -1.834753
v 25.998915 18.385420 -1.834753
v 26.998917 -29.614573 -1.834749
v 26.998917 -27.614574 -1.834749
v 26.998917 -23.614578 -1.834750
v 26.998917 -21.614580 -1.834750
v 26.998917 -17.614574 -1.834750
v 26.998917 -15.614576 -1.834750
v 26.998917 -8.614578 -1.834751
v 26.998917 -6.614580 -1.834751
v 26.998917 3.385420 -1.834752
v 26.998917 5.385428 -1.834752
v 26.998917 9.385424 -1.834752
v 26.998917 11.385422 -1.834752
v 27.998917 -26.614580 -1.834749
v 27.998917 -24.614573 -1.834750
v 27.998917 -20.614576 -1.834750
v 27.998917 -18.614578 -1.834750
v 27.998917 -14.614573 -1.834750
v 27.998917 -12.614574 -1.834751
v 27.998917 -2.614574 -1.834751
v 27.998917 -0.614576 -1.834751
v 27.998917 15.385427 -1.834753
v 28.998917 -26.614580 -1.834749
v 28.998917 -24.614573 -1.834750
v 28.998917 -20.614576 -1.834750
v 28.998917 -18.614578 -1.834750
v 28.998917 -14.614573 -1.834750
v 28.998917 -12.614574 -1.834751
v 28.998917 -2.614574 -1.834751
v 28.998917 -0.614576 -1.834751
v 28.998917 14.385424 -1.834753
v 28.998917 15.385427 -1.834753
v 29.998917 -30.614576 -1.834749
v 29.998917 -29.614573 -1.834749
v 29.998917 -27.614574 -1.834749
v 29.998917 -26.614580 -1.834749
v 29.998917 -24.614573 -1.834750
v 29.998917 -23.614578 -1.834750
v 29.998917 -21.614580 -1.834750
v 29.998917 -20.614576 -1.834750
v 29.998917 -18.614578 -1.834750
v 29.998917 -17.614574 -1.834750
v 29.998917 -15.614576 -1.834750
v 29.998917 -14.614573 -1.834750
v 29.998917 -12.614574 -1.834751
v 29.998917 -11.614580 -1.834751
v 29.998917 -9.614573 -1.834751
v 29.998917 -8.614578 -1.834751
v 29.998917 -6.614580 -1.834751
v 29.998917 -5.614576 -1.834751
v 29.998917 -3.614578 -1.834751
v 29.998917 -2.614574 -1.834751
v 29.998917 -0.614576 -1.834751
v 29.998917 0.385428 -1.834752
v 29.998917 2.385426 -1.834752
v 29.998917 3.385420 -1.834752
v 29.998917 5.385428 -1.834752
v 29.998917 6.385422 -1.834752
v 29.998917 8.385420 -1.834752
v 29.998917 9.385424 -1.834752
v 29.998917 11.385422 -1.834752
v 29.998917 12.385426 -1.834752
v 39.998913 -30.614576 -1.834749
v 39.998913 -29.614573 -1.834749
v 39.998913 -27.614574 -1.834749
v 39.998913 -26.614580 -1.834749
v 39.998913 -24.614573 -1.834750
v 39.998913 -23.614578 -1.834750
v 39.998913 -21.614580 -1.834750
v 39.998913 -20.614576 -1.834750
v 39.998913 -18.614578 -1.834750
v 39.998913 -17.614574 -1.834750
v 39.998913 -15.614576 -1.834750
v 39.998913 -14.614573 -1.834750
v 39.998913 -12.614574 -1.834751
v 39.998913 -11.614580 -1.834751
v 39.998913 -9.614573 -1.834751
v 39.998913 -5.614576 -1.834751
v 39.998913 -3.614578 -1.834751
v 39.998913 -2.614574 -1.834751
v 39.998913 -0.614576 -1.834751
v 39.998913 0.385428 -1.834752
v 39.998913 2.385426 -1.834752
v 39.998913 3.385420 -1.834752
v 39.998913 5.385428 -1.834752
v 39.998913 6.385422 -1.834752
v 39.998913 8.385420 -1.834752
v 39.998913 9.385424 -1.834752
v 39.998913 11.385422 -1.834752
v 39.998913 12.385426 -1.834752
v 40.998913 -17.614574 -1.834750
v 40.998913 -15.614576 -1.834750
v 40.998913 -11.614580 -1.834751
v 40.998913 -9.614573 -1.834751
v 40.998913 -8.614578 -1.834751
v 40.998913 -6.614580 -1.834751
v 40.998913 -5.614576 -1.834751
v 40.998913 -3.614578 -1.834751
v 40.998913 0.385428 -1.834752
v 40.998913 2.385426 -1.834752
v 40.998913 12.385426 -1.834752
v 40.998913 14.385424 -1.834753
v 40.998913 15.385427 -1.834753
v 41.998913 -26.614580 -1.834749
v 41.998913 -24.614573 -1.834750
v 41.998913 -17.614574 -1.834750
v 41.998913 -15.614576 -1.834750
v 41.998913 -11.614580 -1.834751
v 41.998913 -9.614573 -1.834751
v 41.998913 -5.614576 -1.834751
v 41.998913 -3.614578 -1.834751
v 41.998913 0.385428 -1.834752
v 41.998913 2.385426 -1.834752
v 41.998913 3.385420 -1.834752
v 41.998913 5.385428 -1.834752
v 41.998913 9.385424 -1.834752
v 41.998913 11.385422 -1.834752
v 41.998913 12.385426 -1.834752
v 41.998913 14.385424 -1.834753
v 41.998913 15.385427 -1.834753
v 42.998917 -26.614580 -1.834749
v 42.998917 -24.614573 -1.834750
v 42.998917 -20.614576 -1.834750
v 42.998917 -18.614578 -1.834750
v 42.998917 -14.614573 -1.834750
v 42.998917 -12.614574 -1.834751
v 42.998917 -2.614574 -1.834751
v 42.998917 -0.614576 -1.834751
v 42.998917 3.385420 -1.834752
v 42.998917 5.385428 -1.834752
v 42.998917 9.385424 -1.834752
v 42.998917 11.385422 -1.834752
v 43.998917 -29.614573 -1.834749
v 43.998917 -27.614574 -1.834749
v 43.998917 -20.614576 -1.834750
v 43.998917 -18.614578 -1.834750
v 43.998917 -14.614573 -1.834750
v 43.998917 -12.614574 -1.834751
v 43.998917 -8.614578 -1.834751
v 43.998917 -6.614580 -1.834751
v 43.998917 -2.614574 -1.834751
v 43.998917 -0.614576 -1.834751
v 43.998917 6.385422 -1.834752
v 43.998917 8.385420 -1.834752
v 43.998917 15.385427 -1.834753
v 43.998917 17.385426 -1.834753
v 43.998917 18.385420 -1.834753
v 44.998913 -29.614573 -1.834749
v 44.998913 -27.614574 -1.834749
v 44.998913 -23.614578 -1.834750
v 44.998913 -21.614580 -1.834750
v 44.998913 -11.614580 -1.834751
v 44.998913 -9.614573 -1.834751
v 44.998913 -8.614578 -1.834751
v 44.998913 -6.614580 -1.834751
v 44.998913 0.385428 -1.834752
v 44.998913 2.385426 -1.834752
v 44.998913 6.385422 -1.834752
v 44.998913 8.385420 -1.834752
v 44.998913 12.385426 -1.834752
v 44.998913 14.385424 -1.834753
v 44.998913 15.385427 -1.834753
v 44.998913 17.385426 -1.834753
v 44.998913 18.385420 -1.834753
v 45.998913 -23.614578 -1.834750
v 45.998913 -21.614580 -1.834750
v 45.998913 -17.614574 -1.834750
v 45.998913 -15.614576 -1.834750
v 45.998913 -11.614580 -1.834751
v 45.998913 -9.614573 -1.834751
v 45.998913 -5.614576 -1.834751
v 45.998913 -3.614578 -1.834751
v 45.998913 0.385428 -1.834752
v 45.998913 2.385426 -1.834752
v 45.998913 3.385420 -1.834752
v 45.998913 5.385428 -1.834752
v 45.998913 9.385424 -1.834752
v 45.998913 11.385422 -1.834752
v 45.998913 12.385426 -1.834752
v 45.998913 14.385424 -1.834753
v 45.998913 18.385420 -1.834753
v 45.998913 20.385427 -1.834753
v 45.998913 21.385422 -1.834753
v 46.998913 -17.614574 -1.834750
v 46.998913 -15.614576 -1.834750
v 46.998913 -5.614576 -1.834751
v 46.998913 -3.614578 -1.834751
v 46.998913 3.385420 -1.834752
v 46.998913 5.385428 -1.834752
v 46.998913 9.385424 -1.834752
v 46.998913 11.385422 -1.834752
v 46.998913 18.385420 -1.834753
v 46.998913 20.385427 -1.834753
v 46.998913 23.385420 -1.834753
v 46.998913 24.385424 -1.834753
v 47.998917 24.385424 -1.834753
v 48.998917 -26.614580 -1.834749
v 48.998917 -24.614573 -1.834750
v 48.998917 -23.614578 -1.834750
v 48.998917 -21.614580 -1.834750
v 48.998917 -20.614576 -1.834750
v 48.998917 -18.614578 -1.834750
v 48.998917 -17.614574 -1.834750
v 48.998917 -15.614576 -1.834750
v 48.998917 -14.614573 -1.834750
v 48.998917 -12.614574 -1.834751
v 48.998917 -11.614580 -1.834751
v 48.998917 -9.614573 -1.834751
v 48.998917 -8.614578 -1.834751
v 48.998917 -6.614580 -1.834751
v 48.998917 -5.614576 -1.834751
v 48.998917 -3.614578 -1.834751
v 48.998917 -2.614574 -1.834751
v 48.998917 -0.614576 -1.834751
v 48.998917 0.385428 -1.834752
v 48.998917 2.385426 -1.834752
v 48.998917 3.385420 -1.834752
v 48.998917 5.385428 -1.834752
v 48.998917 6.385422 -1.834752
v 48.998917 8.385420 -1.834752
v 48.998917 9.385424 -1.834752
v 48.998917 11.385422 -1.834752
v 48.998917 12.385426 -1.834752
v 48.998917 14.385424 -1.834753
v 48.998917 15.385427 -1.834753
v 48.998917 17.385426 -1.834753
v 48.998917 18.385420 -1.834753
v 48.998917 20.385427 -1.834753
v 48.998917 21.385422 -1.834753
v 48.998917 23.385420 -1.834753
v 48.998917 24.385424 -1.834753
v 48.998917 25.385427 -1.834754
v 48.998917 26.385422 -1.834754
v 49.998913 -30.614576 -1.834749
v 49.998913 -29.614573 -1.834749
v 49.998913 -27.614574 -1.834749
v 49.998913 26.385422 -1.834754
v -50.001087 28.385420 -2.834754
v -50.001087 31.385433 -2.834754
v -49.001087 -29.614573 -2.834749
v -49.001087 -27.614574 -2.834750
v -49.001087 -26.614580 -2.834750
v -49.001087 -24.614573 -2.834750
v -49.001087 -23.614578 -2.834750
v -49.001087 -21.614580 -2.834750
v -49.001087 -20.614576 -2.834750
v -49.001087 -18.614578 -2.834750
v -49.001087 -17.614574 -2.834750
v -49.001087 -15.614576 -2.834751
v -49.001087 -14.614573 -2.834751
v -49.001087 -12.614574 -2.834751
v -49.001087 -11.614580 -2.834751
v -49.001087 -9.614573 -2.834751
v -49.001087 -8.614578 -2.834751
v -49.001087 -6.614580 -2.834751
v -49.001087 -5.614576 -2.834751
v -49.001087 -3.614578 -2.834751
v -49.001087 -2.614574 -2.834752
v -49.001087 -0.614576 -2.834752
v -49.001087 0.385428 -2.834752
v -49.001087 2.385426 -2.834752
v -49.001087 3.385420 -2.834752
v -49.001087 5.385427 -2.834752
v -49.001087 6.385422 -2.834752
v -49.001087 8.385420 -2.834752
v -49.001087 9.385424 -2.834753
v -49.001087 11.385422 -2.834753
v -49.001087 12.385426 -2.834753
v -49.001087 14.385424 -2.834753
v -49.001087 15.385427 -2.834753
v -49.001087 17.385426 -2.834753
v -49.001087 18.385420 -2.834753
v -49.001087 20.385427 -2.834753
v -49.001087 21.385422 -2.834753
v -49.001087 23.385420 -2.834754
v -49.001087 24.385424 -2.834754
v -49.001087 25.385427 -2.834754
v -48.001087 24.385424 -2.834754
v -48.001087 25.385427 -2.834754
v -47.001083 -17.614574 -2.834750
v -47.001083 -15.614576 -2.834751
v -47.001083 -5.614576 -2.834751
v -47.001083 -3.614578 -2.834751
v -47.001083 3.385420 -2.834752
v -47.001083 5.385427 -2.834752
v -47.001083 9.385424 -2.834753
v -47.001083 11.385422 -2.834753
v -47.001083 18.385420 -2.834753
v -47.001083 20.385427 -2.834753
v -47.001083 23.385420 -2.834754
v -46.001083 -29.614573 -2.834749
v -46.001083 -27.614574 -2.834750
v -46.001083 -23.614578 -2.834750
v -46.001083 -21.614580 -2.834750
v -46.001083 -17.614574 -2.834750
v -46.001083 -15.614576 -2.834751
v -46.001083 -11.614580 -2.834751
v -46.001083 -9.614573 -2.834751
v -46.001083 -5.614576 -2.834751
v -46.001083 -3.614578 -2.834751
v -46.001083 0.385428 -2.834752
v -46.001083 2.385426 -2.834752
v -46.001083 3.385420 -2.834752
v -46.001083 5.385427 -2.834752
v -46.001083 9.385424 -2.834753
v -46.001083 11.385422 -2.834753
v -46.001083 12.385426 -2.834753
v -46.001083 14.385424 -2.834753
v -46.001083 18.385420 -2.834753
v -46.001083 20.385427 -2.834753
v -46.001083 21.385422 -2.834753
v -46.001083 22.385426 -2.834754
v -45.001087 -29.614573 -2.834749
v -45.001087 -27.614574 -2.834750
v -45.001087 -23.614578 -2.834750
v -45.001087 -21.614580 -2.834750
v -45.001087 -11.614580 -2.834751
v -45.001087 -9.614573 -2.834751
v -45.001087 -8.614578 -2.834751
v -45.001087 -6.614580 -2.834751
v -45.001087 0.385428 -2.834752
v -45.001087 2.385426 -2.834752
v -45.001087 6.385422 -2.834752
v -45.001087 8.385420 -2.834752
v -45.001087 12.385426 -2.834753
v -45.001087 14.385424 -2.834753
v -45.001087 15.385427 -2.834753
v -45.001087 17.385426 -2.834753
v -45.001087 18.385420 -2.834753
v -45.001087 19.385424 -2.834753
v -45.001087 20.385427 -2.834753
v -45.001087 22.385426 -2.834754
v -45.001087 23.385420 -2.834754
v -44.001087 -20.614576 -2.834750
v -44.001087 -18.614578 -2.834750
v -44.001087 -14.614573 -2.834751
v -44.001087 -12.614574 -2.834751
v -44.001087 -8.614578 -2.834751
v -44.001087 -6.614580 -2.834751
v -44.001087 -2.614574 -2.834752
v -44.001087 -0.614576 -2.834752
v -44.001087 6.385422 -2.834752
v -44.001087 8.385420 -2.834752
v -44.001087 15.385427 -2.834753
v -44.001087 17.385426 -2.834753
v -43.001087 -26.614580 -2.834750
v -43.001087 -24.614573 -2.834750
v -43.001087 -20.614576 -2.834750
v -43.001087 -18.614578 -2.834750
v -43.001087 -14.614573 -2.834751
v -43.001087 -12.614574 -2.834751
v -43.001087 -2.614574 -2.834752
v -43.001087 -0.614576 -2.834752
v -43.001087 3.385420 -2.834752
v -43.001087 5.385427 -2.834752
v -43.001087 9.385424 -2.834753
v -43.001087 11.385422 -2.834753
v -43.001087 16.385422 -2.834753
v -43.001087 17.385426 -2.834753
v -42.001083 -29.614573 -2.834749
v -42.001083 -27.614574 -2.834750
v -42.001083 -26.614580 -2.834750
v -42.001083 -24.614573 -2.834750
v -42.001083 -17.614574 -2.834750
v -42.001083 -15.614576 -2.834751
v -42.001083 -11.614580 -2.834751
v -42.001083 -9.614573 -2.834751
v -42.001083 -5.614576 -2.834751
v -42.001083 -3.614578 -2.834751
v -42.001083 0.385428 -2.834752
v -42.001083 2.385426 -2.834752
v -42.001083 3.385420 -2.834752
v -42.001083 5.385427 -2.834752
v -42.001083 9.385424 -2.834753
v -42.001083 11.385422 -2.834753
v -42.001083 12.385426 -2.834753
v -42.001083 14.385424 -2.834753
v -42.001083 15.385427 -2.834753
v -42.001083 16.385422 -2.834753
v -41.001083 -29.614573 -2.834749
v -41.001083 -27.614574 -2.834750
v -41.001083 -17.614574 -2.834750
v -41.001083 -15.614576 -2.834751
v -41.001083 -11.614580 -2.834751
v -41.001083 -9.614573 -2.834751
v -41.001083 -8.614578 -2.834751
v -41.001083 -6.614580 -2.834751
v -41.001083 -5.614576 -2.834751
v -41.001083 -3.614578 -2.834751
v -41.001083 0.385428 -2.834752
v -41.001083 2.385426 -2.834752
v -41.001083 12.385426 -2.834753
v -41.001083 14.385424 -2.834753
v -40.001083 -29.614573 -2.834749
v -40.001083 -27.614574 -2.834750
v -40.001083 -26.614580 -2.834750
v -40.001083 -25.614576 -2.834750
v -40.001083 -24.614573 -2.834750
v -40.001083 -23.614578 -2.834750
v -40.001083 -22.614574 -2.834750
v -40.001083 -21.614580 -2.834750
v -40.001083 -20.614576 -2.834750
v -40.001083 -18.614578 -2.834750
v -40.001083 -17.614574 -2.834750
v -40.001083 -15.614576 -2.834751
v -40.001083 -14.614573 -2.834751
v -40.001083 -13.614578 -2.834751
v -40.001083 -12.614574 -2.834751
v -40.001083 -11.614580 -2.834751
v -40.001083 -10.614576 -2.834751
v -40.001083 -9.614573 -2.834751
v -40.001083 -5.614576 -2.834751
v -40.001083 -4.614573 -2.834751
v -40.001083 -3.614578 -2.834751
v -40.001083 -2.614574 -2.834752
v -40.001083 -1.614580 -2.834752
v -40.001083 -0.614576 -2.834752
v -40.001083 0.385428 -2.834752
v -40.001083 2.385426 -2.834752
v -40.001083 3.385420 -2.834752
v -40.001083 4.385424 -2.834752
v -40.001083 5.385427 -2.834752
v -40.001083 6.385422 -2.834752
v -40.001083 7.385426 -2.834752
v -40.001083 8.385420 -2.834752
v -40.001083 9.385424 -2.834753
v -40.001083 11.385422 -2.834753
v -40.001083 12.385426 -2.834753
v -40.001083 14.385424 -2.834753
v -30.001083 -29.614573 -2.834749
v -30.001083 -27.614574 -2.834750
v -30.001083 -26.614580 -2.834750
v -30.001083 -25.614576 -2.834750
v -30.001083 -24.614573 -2.834750
v -30.001083 -23.614578 -2.834750
v -30.001083 -22.614574 -2.834750
v -30.001083 -21.614580 -2.834750
v -30.001083 -20.614576 -2.834750
v -30.001083 -18.614578 -2.834750
v -30.001083 -17.614574 -2.834750
v -30.001083 -15.614576 -2.834751
v -30.001083 -14.614573 -2.834751
v -30.001083 -13.614578 -2.834751
v -30.001083 -12.614574 -2.834751
v -30.001083 -11.614580 -2.834751
v -30.001083 -10.614576 -2.834751
v -30.001083 -9.614573 -2.834751
v -30.001083 -8.614578 -2.834751
v -30.001083 -6.614580 -2.834751
v -30.001083 -5.614576 -2.834751
v -30.001083 -4.614573 -2.834751
v -30.001083 -3.614578 -2.834751
v -30.001083 -2.614574 -2.834752
v -30.001083 -1.614580 -2.834752
v -30.001083 -0.614576 -2.834752
v -30.001083 0.385428 -2.834752
v -30.001083 2.385426 -2.834752
v -30.001083 3.385420 -2.834752
v -30.001083 4.385424 -2.834752
v -30.001083 5.385427 -2.834752
v -30.001083 6.385422 -2.834752
v -30.001083 7.385426 -2.834752
v -30.001083 8.385420 -2.834752
v -30.001083 9.385424 -2.834753
v -30.001083 11.385422 -2.834753
v -30.001083 12.385426 -2.834753
v -30.001083 14.385424 -2.834753
v -29.001085 -26.614580 -2.834750
v -29.001085 -24.614573 -2.834750
v -29.001085 -20.614576 -2.834750
v -29.001085 -18.614578 -2.834750
v -29.001085 -14.614573 -2.834751
v -29.001085 -12.614574 -2.834751
v -29.001085 -2.614574 -2.834752
v -29.001085 -0.614576 -2.834752
v -29.001085 14.385424 -2.834753
v -28.001083 -26.614580 -2.834750
v -28.001083 -24.614573 -2.834750
v -28.001083 -20.614576 -2.834750
v -28.001083 -18.614578 -2.834750
v -28.001083 -14.614573 -2.834751
v -28.001083 -12.614574 -2.834751
v -28.001083 -2.614574 -2.834752
v -28.001083 -0.614576 -2.834752
v -28.001083 15.385427 -2.834753
v -28.001083 16.385422 -2.834753
v -27.001083 -29.614573 -2.834749
v -27.001083 -27.614574 -2.834750
v -27.001083 -23.614578 -2.834750
v -27.001083 -21.614580 -2.834750
v -27.001083 -17.614574 -2.834750
v -27.001083 -15.614576 -2.834751
v -27.001083 -8.614578 -2.834751
v -27.001083 -6.614580 -2.834751
v -27.001083 3.385420 -2.834752
v -27.001083 5.385427 -2.834752
v -27.001083 9.385424 -2.834753
v -27.001083 11.385422 -2.834753
v -27.001083 16.385422 -2.834753
v -27.001083 17.385426 -2.834753
v -26.001083 -29.614573 -2.834749
v -26.001083 -27.614574 -2.834750
v -26.001083 -23.614578 -2.834750
v -26.001083 -21.614580 -2.834750
v -26.001083 -17.614574 -2.834750
v -26.001083 -15.614576 -2.834751
v -26.001083 -8.614578 -2.834751
v -26.001083 -6.614580 -2.834751
v -26.001083 0.385428 -2.834752
v -26.001083 2.385426 -2.834752
v -26.001083 3.385420 -2.834752
v -26.001083 5.385427 -2.834752
v -26.001083 9.385424 -2.834753
v -26.001083 11.385422 -2.834753
v -26.001083 17.385426 -2.834753
v -25.001083 -11.614580 -2.834751
v -25.001083 -9.614573 -2.834751
v -25.001083 -5.614576 -2.834751
v -25.001083 -3.614578 -2.834751
v -25.001083 0.385428 -2.834752
v -25.001083 2.385426 -2.834752
v -25.001083 18.385420 -2.834753
v -25.001083 19.385424 -2.834753
v -25.001083 20.385427 -2.834753
v -25.001083 22.385426 -2.834754
v -25.001083 23.385420 -2.834754
v -24.001085 -26.614580 -2.834750
v -24.001085 -24.614573 -2.834750
v -24.001085 -20.614576 -2.834750
v -24.001085 -18.614578 -2.834750
v -24.001085 -14.614573 -2.834751
v -24.001085 -12.614574 -2.834751
v -24.001085 -11.614580 -2.834751
v -24.001085 -9.614573 -2.834751
v -24.001085 -5.614576 -2.834751
v -24.001085 -3.614578 -2.834751
v -24.001085 -2.614574 -2.834752
v -24.001085 -0.614576 -2.834752
v -24.001085 6.385422 -2.834752
v -24.001085 8.385420 -2.834752
v -24.001085 12.385426 -2.834753
v -24.001085 14.385424 -2.834753
v -24.001085 15.385427 -2.834753
v -24.001085 17.385426 -2.834753
v -24.001085 20.385427 -2.834753
v -24.001085 21.385422 -2.834753
v -24.001085 22.385426 -2.834754
v -23.001083 -26.614580 -2.834750
v -23.001083 -24.614573 -2.834750
v -23.001083 -20.614576 -2.834750
v -23.001083 -18.614578 -2.834750
v -23.001083 -15.614576 -2.834751
v -23.001083 -11.614580 -2.834751
v -23.001083 -9.614573 -2.834751
v -23.001083 -8.614578 -2.834751
v -23.001083 -6.614580 -2.834751
v -23.001083 -5.614576 -2.834751
v -23.001083 -3.614578 -2.834751
v -23.001083 0.385428 -2.834752
v -23.001083 6.385422 -2.834752
v -23.001083 8.385420 -2.834752
v -23.001083 12.385426 -2.834753
v -23.001083 14.385424 -2.834753
v -23.001083 15.385427 -2.834753
v -23.001083 17.385426 -2.834753
v -23.001083 23.385420 -2.834754
v -22.001083 -29.614573 -2.834749
v -22.001083 -27.614574 -2.834750
v -22.001083 -23.614578 -2.834750
v -22.001083 -21.614580 -2.834750
v -22.001083 -17.614574 -2.834750
v -22.001083 -16.614580 -2.834750
v -22.001083 -15.614576 -2.834751
v -22.001083 0.385428 -2.834752
v -22.001083 2.385426 -2.834752
v -22.001083 21.385422 -2.834753
v -22.001083 23.385420 -2.834754
v -21.001083 -29.614573 -2.834749
v -21.001083 -27.614574 -2.834750
v -21.001083 -23.614578 -2.834750
v -21.001083 -21.614580 -2.834750
v -21.001083 3.385420 -2.834752
v -21.001083 4.385424 -2.834752
v -21.001083 9.385424 -2.834753
v -21.001083 11.385422 -2.834753
v -21.001083 18.385420 -2.834753
v -21.001083 20.385427 -2.834753
v -21.001083 21.385422 -2.834753
v -21.001083 23.385420 -2.834754
v -21.001083 24.385424 -2.834754
v -21.001083 25.385427 -2.834754
v -20.001083 4.385424 -2.834752
v -20.001083 5.385427 -2.834752
v -20.001083 6.385422 -2.834752
v -20.001083 9.385424 -2.834753
v -20.001083 11.385422 -2.834753
v -20.001083 12.385426 -2.834753
v -20.001083 14.385424 -2.834753
v -20.001083 18.385420 -2.834753
v -20.001083 20.385427 -2.834753
v -19.001083 -26.614580 -2.834750
v -19.001083 -24.614573 -2.834750
v -19.001083 -20.614576 -2.834750
v -19.001083 -18.614578 -2.834750
v -19.001083 6.385422 -2.834752
v -19.001083 7.385426 -2.834752
v -19.001083 12.385426 -2.834753
v -19.001083 14.385424 -2.834753
v -18.001083 -26.614580 -2.834750
v -18.001083 -24.614573 -2.834750
v -18.001083 -23.614578 -2.834750
v -18.001083 -21.614580 -2.834750
v -18.001083 -20.614576 -2.834750
v -18.001083 -18.614578 -2.834750
v -18.001083 7.385426 -2.834752
v -18.001083 8.385420 -2.834752
v -18.001083 15.385427 -2.834753
v -18.001083 17.385426 -2.834753
v -18.001083 21.385422 -2.834753
v -18.001083 23.385420 -2.834754
v -18.001083 24.385424 -2.834754
v -18.001083 25.385427 -2.834754
v -17.001083 -23.614578 -2.834750
v -17.001083 -21.614580 -2.834750
v -17.001083 7.385426 -2.834752
v -17.001083 8.385420 -2.834752
v -17.001083 15.385427 -2.834753
v -17.001083 17.385426 -2.834753
v -17.001083 21.385422 -2.834753
v -17.001083 23.385420 -2.834754
v -17.001083 24.385424 -2.834754
v -17.001083 25.385427 -2.834754
v -16.001085 -29.614573 -2.834749
v -16.001085 -27.614574 -2.834750
v -16.001085 6.385422 -2.834752
v -16.001085 7.385426 -2.834752
v -16.001085 18.385420 -2.834753
v -16.001085 20.385427 -2.834753
v -15.001084 -29.614573 -2.834749
v -15.001084 -27.614574 -2.834750
v -15.001084 4.385424 -2.834752
v -15.001084 5.385427 -2.834752
v -15.001084 6.385422 -2.834752
v -15.001084 18.385420 -2.834753
v -15.001084 20.385427 -2.834753
v -14.001084 -20.614576 -2.834750
v -14.001084 -18.614578 -2.834750
v -14.001084 -17.614574 -2.834750
v -14.001084 -16.614580 -2.834750
v -14.001084 3.385420 -2.834752
v -14.001084 4.385424 -2.834752
v -14.001084 9.385424 -2.834753
v -14.001084 11.385422 -2.834753
v -14.001084 15.385427 -2.834753
v -14.001084 17.385426 -2.834753
v -14.001084 21.385422 -2.834753
v -14.001084 23.385420 -2.834754
v -13.001084 -26.614580 -2.834750
v -13.001084 -24.614573 -2.834750
v -13.001084 -20.614576 -2.834750
v -13.001084 -18.614578 -2.834750
v -13.001084 -16.614580 -2.834750
v -13.001084 -15.614576 -2.834751
v -13.001084 0.385428 -2.834752
v -13.001084 2.385426 -2.834752
v -13.001084 9.385424 -2.834753
v -13.001084 11.385422 -2.834753
v -13.001084 15.385427 -2.834753
v -13.001084 17.385426 -2.834753
v -13.001084 21.385422 -2.834753
v -13.001084 23.385420 -2.834754
v -13.001084 24.385424 -2.834754
v -13.001084 25.385427 -2.834754
v -12.001085 -29.614573 -2.834749
v -12.001085 -27.614574 -2.834750
v -12.001085 -26.614580 -2.834750
v -12.001085 -24.614573 -2.834750
v -12.001085 -23.614578 -2.834750
v -12.001085 -21.614580 -2.834750
v -12.001085 -17.614574 -2.834750
v -12.001085 -15.614576 -2.834751
v -12.001085 -8.614578 -2.834751
v -12.001085 -6.614580 -2.834751
v -12.001085 -5.614576 -2.834751
v -12.001085 -3.614578 -2.834751
v -12.001085 -2.614574 -2.834752
v -12.001085 -0.614576 -2.834752
v -12.001085 0.385428 -2.834752
v -12.001085 2.385426 -2.834752
v -12.001085 6.385422 -2.834752
v -12.001085 8.385420 -2.834752
v -12.001085 12.385426 -2.834753
v -12.001085 14.385424 -2.834753
v -12.001085 18.385420 -2.834753
v -12.001085 20.385427 -2.834753
v -12.001085 23.385420 -2.834754
v -11.001085 -29.614573 -2.834749
v -11.001085 -27.614574 -2.834750
v -11.001085 -23.614578 -2.834750
v -11.001085 -21.614580 -2.834750
v -11.001085 -17.614574 -2.834750
v -11.001085 -15.614576 -2.834751
v -11.001085 -14.614573 -2.834751
v -11.001085 -12.614574 -2.834751
v -11.001085 -11.614580 -2.834751
v -11.001085 -9.614573 -2.834751
v -11.001085 0.385428 -2.834752
v -11.001085 2.385426 -2.834752
v -11.001085 6.385422 -2.834752
v -11.001085 8.385420 -2.834752
v -11.001085 12.385426 -2.834753
v -11.001085 14.385424 -2.834753
v -11.001085 18.385420 -2.834753
v -11.001085 20.385427 -2.834753
v -11.001085 21.385422 -2.834753
v -11.001085 22.385426 -2.834754
v -10.001085 18.385420 -2.834753
v -10.001085 19.385424 -2.834753
v -10.001085 20.385427 -2.834753
v -10.001085 22.385426 -2.834754
v -10.001085 23.385420 -2.834754
v -9.001085 -23.614578 -2.834750
v -9.001085 -21.614580 -2.834750
v -9.001085 -5.614576 -2.834751
v -9.001085 -3.614578 -2.834751
v -9.001085 3.385420 -2.834752
v -9.001085 5.385427 -2.834752
v -9.001085 17.385426 -2.834753
v -8.001085 -29.614573 -2.834749
v -8.001085 -27.614574 -2.834750
v -8.001085 -23.614578 -2.834750
v -8.001085 -21.614580 -2.834750
v -8.001085 -20.614576 -2.834750
v -8.001085 -18.614578 -2.834750
v -8.001085 -5.614576 -2.834751
v -8.001085 -3.614578 -2.834751
v -8.001085 -2.614574 -2.834752
v -8.001085 -0.614576 -2.834752
v -8.001085 3.385420 -2.834752
v -8.001085 5.385427 -2.834752
v -8.001085 9.385424 -2.834753
v -8.001085 11.385422 -2.834753
v -8.001085 16.385422 -2.834753
v -8.001085 17.385426 -2.834753
v -7.001085 -29.614573 -2.834749
v -7.001085 -27.614574 -2.834750
v -7.001085 -26.614580 -2.834750
v -7.001085 -24.614573 -2.834750
v -7.001085 -20.614576 -2.834750
v -7.001085 -18.614578 -2.834750
v -7.001085 -8.614578 -2.834751
v -7.001085 -6.614580 -2.834751
v -7.001085 -2.614574 -2.834752
v -7.001085 -0.614576 -2.834752
v -7.001085 9.385424 -2.834753
v -7.001085 11.385422 -2.834753
v -7.001085 15.385427 -2.834753
v -7.001085 16.385422 -2.834753
v -6.001085 -26.614580 -2.834750
v -6.001085 -24.614573 -2.834750
v -6.001085 -8.614578 -2.834751
v -6.001085 -6.614580 -2.834751
v -6.001085 14.385424 -2.834753
v -5.001085 -29.614573 -2.834749
v -5.001085 -27.614574 -2.834750
v -5.001085 -26.614580 -2.834750
v -5.001085 -25.614576 -2.834750
v -5.001085 -24.614573 -2.834750
v -5.001085 -23.614578 -2.834750
v -5.001085 -22.614574 -2.834750
v -5.001085 -21.614580 -2.834750
v -5.001085 -20.614576 -2.834750
v -5.001085 -18.614578 -2.834750
v -5.001085 -17.614574 -2.834750
v -5.001085 -15.614576 -2.834751
v -5.001085 -14.614573 -2.834751
v -5.001085 -13.614578 -2.834751
v -5.001085 -12.614574 -2.834751
v -5.001085 -11.614580 -2.834751
v -5.001085 -10.614576 -2.834751
v -5.001085 -9.614573 -2.834751
v -5.001085 -8.614578 -2.834751
v -5.001085 -6.614580 -2.834751
v -5.001085 -5.614576 -2.834751
v -5.001085 -4.614573 -2.834751
v -5.001085 -3.614578 -2.834751
v -5.001085 -2.614574 -2.834752
v -5.001085 -1.614580 -2.834752
v -5.001085 -0.614576 -2.834752
v -5.001085 0.385428 -2.834752
v -5.001085 2.385426 -2.834752
v -5.001085 3.385420 -2.834752
v -5.001085 4.385424 -2.834752
v -5.001085 5.385427 -2.834752
v -5.001085 6.385422 -2.834752
v -5.001085 7.385426 -2.834752
v -5.001085 8.385420 -2.834752
v -5.001085 9.385424 -2.834753
v -5.001085 11.385422 -2.834753
v -5.001085 12.385426 -2.834753
v -5.001085 14.385424 -2.834753
v 4.998915 -29.614573 -2.834749
v 4.998915 -27.614574 -2.834750
v 4.998915 -26.614580 -2.834750
v 4.998915 -25.614576 -2.834750
v 4.998915 -24.614573 -2.834750
v 4.998915 -23.614578 -2.834750
v 4.998915 -22.614574 -2.834750
v 4.998915 -21.614580 -2.834750
v 4.998915 -20.614576 -2.834750
v 4.998915 -18.614578 -2.834750
v 4.998915 -17.614574 -2.834750
v 4.998915 -15.614576 -2.834751
v 4.998915 -14.614573 -2.834751
v 4.998915 -13.614578 -2.834751
v 4.998915 -12.614574 -2.834751
v 4.998915 -11.614580 -2.834751
v 4.998915 -10.614576 -2.834751
v 4.998915 -9.614573 -2.834751
v 4.998915 -8.614578 -2.834751
v 4.998915 -6.614580 -2.834751
v 4.998915 -5.614576 -2.834751
v 4.998915 -4.614573 -2.834751
v 4.998915 -3.614578 -2.834751
v 4.998915 -2.614574 -2.834752
v 4.998915 -1.614580 -2.834752
v 4.998915 -0.614576 -2.834752
v 4.998915 0.385428 -2.834752
v 4.998915 2.385426 -2.834752
v 4.998915 3.385420 -2.834752
v 4.998915 4.385424 -2.834752
v 4.998915 5.385427 -2.834752
v 4.998915 6.385422 -2.834752
v 4.998915 7.385426 -2.834752
v 4.998915 8.385420 -2.834752
v 4.998915 9.385424 -2.834753
v 4.998915 11.385422 -2.834753
v 4.998915 12.385426 -2.834753
v 4.998915 14.385424 -2.834753
v 5.998915 -26.614580 -2.834750
v 5.998915 -24.614573 -2.834750
v 5.998915 -8.614578 -2.834751
v 5.998915 -6.614580 -2.834751
v 5.998915 14.385424 -2.834753
v 6.998915 -29.614573 -2.834749
v 6.998915 -27.614574 -2.834750
v 6.998915 -26.614580 -2.834750
v 6.998915 -24.614573 -2.834750
v 6.998915 -20.614576 -2.834750
v 6.998915 -18.614578 -2.834750
v 6.998915 -8.614578 -2.834751
v 6.998915 -6.614580 -2.834751
v 6.998915 -2.614574 -2.834752
v 6.998915 -0.614576 -2.834752
v 6.998915 9.385424 -2.834753
v 6.998915 11.385422 -2.834753
v 6.998915 15.385427 -2.834753
v 6.998915 16.385422 -2.834753
v 7.998915 -29.614573 -2.834749
v 7.998915 -27.614574 -2.834750
v 7.998915 -23.614578 -2.834750
v 7.998915 -21.614580 -2.834750
v 7.998915 -20.614576 -2.834750
v 7.998915 -18.614578 -2.834750
v 7.998915 -5.614576 -2.834751
v 7.998915 -3.614578 -2.834751
v 7.998915 -2.614574 -2.834752
v 7.998915 -0.614576 -2.834752
v 7.998915 3.385420 -2.834752
v 7.998915 5.385427 -2.834752
v 7.998915 9.385424 -2.834753
v 7.998915 11.385422 -2.834753
v 7.998915 16.385422 -2.834753
v 7.998915 17.385426 -2.834753
v 8.998915 -23.614578 -2.834750
v 8.998915 -21.614580 -2.834750
v 8.998915 -5.614576 -2.834751
v 8.998915 -3.614578 -2.834751
v 8.998915 3.385420 -2.834752
v 8.998915 5.385427 -2.834752
v 8.998915 17.385426 -2.834753
v 9.998916 18.385420 -2.834753
v 9.998916 19.385424 -2.834753
v 9.998916 20.385427 -2.834753
v 9.998916 22.385426 -2.834754
v 9.998916 23.385420 -2.834754
v 10.998916 -29.614573 -2.834749
v 10.998916 -27.614574 -2.834750
v 10.998916 -23.614578 -2.834750
v 10.998916 -21.614580 -2.834750
v 10.998916 -17.614574 -2.834750
v 10.998916 -15.614576 -2.834751
v 10.998916 -14.614573 -2.834751
v 10.998916 -12.614574 -2.834751
v 10.998916 -11.614580 -2.834751
v 10.998916 -9.614573 -2.834751
v 10.998916 0.385428 -2.834752
v 10.998916 2.385426 -2.834752
v 10.998916 6.385422 -2.834752
v 10.998916 8.385420 -2.834752
v 10.998916 12.385426 -2.834753
v 10.998916 14.385424 -2.834753
v 10.998916 18.385420 -2.834753
v 10.998916 20.385427 -2.834753
v 10.998916 21.385422 -2.834753
v 10.998916 22.385426 -2.834754
v 11.998916 -29.614573 -2.834749
v 11.998916 -27.614574 -2.834750
v 11.998916 -26.614580 -2.834750
v 11.998916 -24.614573 -2.834750
v 11.998916 -23.614578 -2.834750
v 11.998916 -21.614580 -2.834750
v 11.998916 -17.614574 -2.834750
v 11.998916 -15.614576 -2.834751
v 11.998916 -8.614578 -2.834751
v 11.998916 -6.614580 -2.834751
v 11.998916 -5.614576 -2.834751
v 11.998916 -3.614578 -2.834751
v 11.998916 -2.614574 -2.834752
v 11.998916 -0.614576 -2.834752
v 11.998916 0.385428 -2.834752
v 11.998916 2.385426 -2.834752
v 11.998916 6.385422 -2.834752
v 11.998916 8.385420 -2.834752
v 11.998916 12.385426 -2.834753
v 11.998916 14.385424 -2.834753
v 11.998916 18.385420 -2.834753
v 11.998916 20.385427 -2.834753
v 11.998916 23.385420 -2.834754
v 12.998915 -26.614580 -2.834750
v 12.998915 -24.614573 -2.834750
v 12.998915 -20.614576 -2.834750
v 12.998915 -18.614578 -2.834750
v 12.998915 -16.614580 -2.834750
v 12.998915 -15.614576 -2.834751
v 12.998915 0.385428 -2.834752
v 12.998915 2.385426 -2.834752
v 12.998915 9.385424 -2.834753
v 12.998915 11.385422 -2.834753
v 12.998915 15.385427 -2.834753
v 12.998915 17.385426 -2.834753
v 12.998915 21.385422 -2.834753
v 12.998915 23.385420 -2.834754
v 12.998915 24.385424 -2.834754
v 12.998915 25.385427 -2.834754
v 13.998915 -20.614576 -2.834750
v 13.998915 -18.614578 -2.834750
v 13.998915 -17.614574 -2.834750
v 13.998915 -16.614580 -2.834750
v 13.998915 3.385420 -2.834752
v 13.998915 4.385424 -2.834752
v 13.998915 9.385424 -2.834753
v 13.998915 11.385422 -2.834753
v 13.998915 15.385427 -2.834753
v 13.998915 17.385426 -2.834753
v 13.998915 21.385422 -2.834753
v 13.998915 23.385420 -2.834754
v 14.998916 -29.614573 -2.834749
v 14.998916 -27.614574 -2.834750
v 14.998916 4.385424 -2.834752
v 14.998916 5.385427 -2.834752
v 14.998916 6.385422 -2.834752
v 14.998916 18.385420 -2.834753
v 14.998916 20.385427 -2.834753
v 15.998916 -29.614573 -2.834749
v 15.998916 -27.614574 -2.834750
v 15.998916 6.385422 -2.834752
v 15.998916 7.385426 -2.834752
v 15.998916 18.385420 -2.834753
v 15.998916 20.385427 -2.834753
v 16.998917 -23.614578 -2.834750
v 16.998917 -21.614580 -2.834750
v 16.998917 7.385426 -2.834752
v 16.998917 8.385420 -2.834752
v 16.998917 15.385427 -2.834753
v 16.998917 17.385426 -2.834753
v 16.998917 21.385422 -2.834753
v 16.998917 23.385420 -2.834754
v 16.998917 24.385424 -2.834754
v 16.998917 25.385427 -2.834754
v 17.998917 -26.614580 -2.834750
v 17.998917 -24.614573 -2.834750
v 17.998917 -23.614578 -2.834750
v 17.998917 -21.614580 -2.834750
v 17.998917 -20.614576 -2.834750
v 17.998917 -18.614578 -2.834750
v 17.998917 7.385426 -2.834752
v 17.998917 8.385420 -2.834752
v 17.998917 15.385427 -2.834753
v 17.998917 17.385426 -2.834753
v 17.998917 21.385422 -2.834753
v 17.998917 23.385420 -2.834754
v 17.998917 24.385424 -2.834754
v 17.998917 25.385427 -2.834754
v 18.998917 -26.614580 -2.834750
v 18.998917 -24.614573 -2.834750
v 18.998917 -20.614576 -2.834750
v 18.998917 -18.614578 -2.834750
v 18.998917 6.385422 -2.834752
v 18.998917 7.385426 -2.834752
v 18.998917 12.385426 -2.834753
v 18.998917 14.385424 -2.834753
v 19.998917 4.385424 -2.834752
v 19.998917 5.385427 -2.834752
v 19.998917 6.385422 -2.834752
v 19.998917 9.385424 -2.834753
v 19.998917 11.385422 -2.834753
v 19.998917 12.385426 -2.834753
v 19.998917 14.385424 -2.834753
v 19.998917 18.385420 -2.834753
v 19.998917 20.385427 -2.834753
v 20.998915 -29.614573 -2.834749
v 20.998915 -27.614574 -2.834750
v 20.998915 -23.614578 -2.834750
v 20.998915 -21.614580 -2.834750
v 20.998915 -17.614574 -2.834750
v 20.998915 -16.614580 -2.834750
v 20.998915 3.385420 -2.834752
v 20.998915 4.385424 -2.834752
v 20.998915 9.385424 -2.834753
v 20.998915 11.385422 -2.834753
v 20.998915 18.385420 -2.834753
v 20.998915 20.385427 -2.834753
v 20.998915 21.385422 -2.834753
v 20.998915 23.385420 -2.834754
v 20.998915 24.385424 -2.834754
v 20.998915 25.385427 -2.834754
v 21.998917 -29.614573 -2.834749
v 21.998917 -27.614574 -2.834750
v 21.998917 -23.614578 -2.834750
v 21.998917 -21.614580 -2.834750
v 21.998917 -16.614580 -2.834750
v 21.998917 -15.614576 -2.834751
v 21.998917 0.385428 -2.834752
v 21.998917 2.385426 -2.834752
v 21.998917 21.385422 -2.834753
v 21.998917 23.385420 -2.834754
v 22.998917 -26.614580 -2.834750
v 22.998917 -24.614573 -2.834750
v 22.998917 -20.614576 -2.834750
v 22.998917 -18.614578 -2.834750
v 22.998917 -15.614576 -2.834751
v 22.998917 -11.614580 -2.834751
v 22.998917 -9.614573 -2.834751
v 22.998917 -8.614578 -2.834751
v 22.998917 -6.614580 -2.834751
v 22.998917 -5.614576 -2.834751
v 22.998917 -3.614578 -2.834751
v 22.998917 0.385428 -2.834752
v 22.998917 6.385422 -2.834752
v 22.998917 8.385420 -2.834752
v 22.998917 12.385426 -2.834753
v 22.998917 14.385424 -2.834753
v 22.998917 15.385427 -2.834753
v 22.998917 17.385426 -2.834753
v 22.998917 23.385420 -2.834754
v 23.998917 -26.614580 -2.834750
v 23.998917 -24.614573 -2.834750
v 23.998917 -20.614576 -2.834750
v 23.998917 -18.614578 -2.834750
v 23.998917 -14.614573 -2.834751
v 23.998917 -12.614574 -2.834751
v 23.998917 -11.614580 -2.834751
v 23.998917 -9.614573 -2.834751
v 23.998917 -5.614576 -2.834751
v 23.998917 -3.614578 -2.834751
v 23.998917 -2.614574 -2.834752
v 23.998917 -0.614576 -2.834752
v 23.998917 6.385422 -2.834752
v 23.998917 8.385420 -2.834752
v 23.998917 12.385426 -2.834753
v 23.998917 14.385424 -2.834753
v 23.998917 15.385427 -2.834753
v 23.998917 17.385426 -2.834753
v 23.998917 20.385427 -2.834753
v 23.998917 21.385422 -2.834753
v 23.998917 22.385426 -2.834754
v 24.998917 -11.614580 -2.834751
v 24.998917 -9.614573 -2.834751
v 24.998917 -5.614576 -2.834751
v 24.998917 -3.614578 -2.834751
v 24.998917 0.385428 -2.834752
v 24.998917 2.385426 -2.834752
v 24.998917 18.385420 -2.834753
v 24.998917 19.385424 -2.834753
v 24.998917 20.385427 -2.834753
v 24.998917 22.385426 -2.834754
v 24.998917 23.385420 -2.834754
v 25.998915 -29.614573 -2.834749
v 25.998915 -27.614574 -2.834750
v 25.998915 -23.614578 -2.834750
v 25.998915 -21.614580 -2.834750
v 25.998915 -17.614574 -2.834750
v 25.998915 -15.614576 -2.834751
v 25.998915 -8.614578 -2.834751
v 25.998915 -6.614580 -2.834751
v 25.998915 0.385428 -2.834752
v 25.998915 2.385426 -2.834752
v 25.998915 3.385420 -2.834752
v 25.998915 5.385427 -2.834752
v 25.998915 9.385424 -2.834753
v 25.998915 11.385422 -2.834753
v 25.998915 17.385426 -2.834753
v 26.998917 -29.614573 -2.834749
v 26.998917 -27.614574 -2.834750
v 26.998917 -23.614578 -2.834750
v 26.998917 -21.614580 -2.834750
v 26.998917 -17.614574 -2.834750
v 26.998917 -15.614576 -2.834751
v 26.998917 -8.614578 -2.834751
v 26.998917 -6.614580 -2.834751
v 26.998917 3.385420 -2.834752
v 26.998917 5.385427 -2.834752
v 26.998917 9.385424 -2.834753
v 26.998917 11.385422 -2.834753
v 26.998917 16.385422 -2.834753
v 26.998917 17.385426 -2.834753
v 27.998917 -26.614580 -2.834750
v 27.998917 -24.614573 -2.834750
v 27.998917 -20.614576 -2.834750
v 27.998917 -18.614578 -2.834750
v 27.998917 -14.614573 -2.834751
v 27.998917 -12.614574 -2.834751
v 27.998917 -2.614574 -2.834752
v 27.998917 -0.614576 -2.834752
v 27.998917 15.385427 -2.834753
v 27.998917 16.385422 -2.834753
v 28.998917 -26.614580 -2.834750
v 28.998917 -24.614573 -2.834750
v 28.998917 -20.614576 -2.834750
v 28.998917 -18.614578 -2.834750
v 28.998917 -14.614573 -2.834751
v 28.998917 -12.614574 -2.834751
v 28.998917 -2.614574 -2.834752
v 28.998917 -0.614576 -2.834752
v 28.998917 14.385424 -2.834753
v 29.998917 -29.614573 -2.834749
v 29.998917 -27.614574 -2.834750
v 29.998917 -26.614580 -2.834750
v 29.998917 -25.614576 -2.834750
v 29.998917 -24.614573 -2.834750
v 29.998917 -23.614578 -2.834750
v 29.998917 -22.614574 -2.834750
v 29.998917 -21.614580 -2.834750
v 29.998917 -20.614576 -2.834750
v 29.998917 -18.614578 -2.834750
v 29.998917 -17.614574 -2.834750
v 29.998917 -15.614576 -2.834751
v 29.998917 -14.614573 -2.834751
v 29.998917 -13.614578 -2.834751
v 29.998917 -12.614574 -2.834751
v 29.998917 -11.614580 -2.834751
v 29.998917 -10.614576 -2.834751
v 29.998917 -9.614573 -2.834751
v 29.998917 -8.614578 -2.834751
v 29.998917 -6.614580 -2.834751
v 29.998917 -5.614576 -2.834751
v 29.998917 -4.614573 -2.834751
v 29.998917 -3.614578 -2.834751
v 29.998917 -2.614574 -2.834752
v 29.998917 -1.614580 -2.834752
v 29.998917 -0.614576 -2.834752
v 29.998917 0.385428 -2.834752
v 29.998917 2.385426 -2.834752
v 29.998917 3.385420 -2.834752
v 29.998917 4.385424 -2.834752
v 29.998917 5.385427 -2.834752
v 29.998917 6.385422 -2.834752
v 29.998917 7.385426 -2.834752
v 29.998917 8.385420 -2.834752
v 29.998917 9.385424 -2.834753
v 29.998917 11.385422 -2.834753
v 29.998917 12.385426 -2.834753
v 29.998917 14.385424 -2.834753
v 39.998913 -29.614573 -2.834749
v 39.998913 -27.614574 -2.834750
v 39.998913 -26.614580 -2.834750
v 39.998913 -25.614576 -2.834750
v 39.998913 -24.614573 -2.834750
v 39.998913 -23.614578 -2.834750
v 39.998913 -22.614574 -2.834750
v 39.998913 -21.614580 -2.834750
v 39.998913 -20.614576 -2.834750
v 39.998913 -18.614578 -2.834750
v 39.998913 -17.614574 -2.834750
v 39.998913 -15.614576 -2.834751
v 39.998913 -14.614573 -2.834751
v 39.998913 -13.614578 -2.834751
v 39.998913 -12.614574 -2.834751
v 39.998913 -11.614580 -2.834751
v 39.998913 -10.614576 -2.834751
v 39.998913 -9.614573 -2.834751
v 39.998913 -5.614576 -2.834751
v 39.998913 -4.614573 -2.834751
v 39.998913 -3.614578 -2.834751
v 39.998913 -2.614574 -2.834752
v 39.998913 -1.614580 -2.834752
v 39.998913 -0.614576 -2.834752
v 39.998913 0.385428 -2.834752
v 39.998913 2.385426 -2.834752
v 39.998913 3.385420 -2.834752
v 39.998913 4.385424 -2.834752
v 39.998913 5.385427 -2.834752
v 39.998913 6.385422 -2.834752
v 39.998913 7.385426 -2.834752
v 39.998913 8.385420 -2.834752
v 39.998913 9.385424 -2.834753
v 39.998913 11.385422 -2.834753
v 39.998913 12.385426 -2.834753
v 39.998913 14.385424 -2.834753
v 40.998913 -17.614574 -2.834750
v 40.998913 -15.614576 -2.834751
v 40.998913 -11.614580 -2.834751
v 40.998913 -9.614573 -2.834751
v 40.998913 -8.614578 -2.834751
v 40.998913 -6.614580 -2.834751
v 40.998913 -5.614576 -2.834751
v 40.998913 -3.614578 -2.834751
v 40.998913 0.385428 -2.834752
v 40.998913 2.385426 -2.834752
v 40.998913 12.385426 -2.834753
v 40.998913 14.385424 -2.834753
v 41.998913 -26.614580 -2.834750
v 41.998913 -24.614573 -2.834750
v 41.998913 -17.614574 -2.834750
v 41.998913 -15.614576 -2.834751
v 41.998913 -11.614580 -2.834751
v 41.998913 -9.614573 -2.834751
v 41.998913 -5.614576 -2.834751
v 41.998913 -3.614578 -2.834751
v 41.998913 0.385428 -2.834752
v 41.998913 2.385426 -2.834752
v 41.998913 3.385420 -2.834752
v 41.998913 5.385427 -2.834752
v 41.998913 9.385424 -2.834753
v 41.998913 11.385422 -2.834753
v 41.998913 12.385426 -2.834753
v 41.998913 14.385424 -2.834753
v 41.998913 15.385427 -2.834753
v 41.998913 16.385422 -2.834753
v 42.998917 -26.614580 -2.834750
v 42.998917 -24.614573 -2.834750
v 42.998917 -20.614576 -2.834750
v 42.998917 -18.614578 -2.834750
v 42.998917 -14.614573 -2.834751
v 42.998917 -12.614574 -2.834751
v 42.998917 -2.614574 -2.834752
v 42.998917 -0.614576 -2.834752
v 42.998917 3.385420 -2.834752
v 42.998917 5.385427 -2.834752
v 42.998917 9.385424 -2.834753
v 42.998917 11.385422 -2.834753
v 42.998917 16.385422 -2.834753
v 42.998917 17.385426 -2.834753
v 43.998917 -29.614573 -2.834749
v 43.998917 -27.614574 -2.834750
v 43.998917 -20.614576 -2.834750
v 43.998917 -18.614578 -2.834750
v 43.998917 -14.614573 -2.834751
v 43.998917 -12.614574 -2.834751
v 43.998917 -8.614578 -2.834751
v 43.998917 -6.614580 -2.834751
v 43.998917 -2.614574 -2.834752
v 43.998917 -0.614576 -2.834752
v 43.998917 6.385422 -2.834752
v 43.998917 8.385420 -2.834752
v 43.998917 15.385427 -2.834753
v 43.998917 17.385426 -2.834753
v 44.998913 -29.614573 -2.834749
v 44.998913 -27.614574 -2.834750
v 44.998913 -23.614578 -2.834750
v 44.998913 -21.614580 -2.834750
v 44.998913 -11.614580 -2.834751
v 44.998913 -9.614573 -2.834751
v 44.998913 -8.614578 -2.834751
v 44.998913 -6.614580 -2.834751
v 44.998913 0.385428 -2.834752
v 44.998913 2.385426 -2.834752
v 44.998913 6.385422 -2.834752
v 44.998913 8.385420 -2.834752
v 44.998913 12.385426 -2.834753
v 44.998913 14.385424 -2.834753
v 44.998913 15.385427 -2.834753
v 44.998913 17.385426 -2.834753
v 44.998913 18.385420 -2.834753
v 44.998913 19.385424 -2.834753
v 44.998913 20.385427 -2.834753
v 44.998913 22.385426 -2.834754
v 44.998913 23.385420 -2.834754
v 45.998913 -23.614578 -2.834750
v 45.998913 -21.614580 -2.834750
v 45.998913 -17.614574 -2.834750
v 45.998913 -15.614576 -2.834751
v 45.998913 -11.614580 -2.834751
v 45.998913 -9.614573 -2.834751
v 45.998913 -5.614576 -2.834751
v 45.998913 -3.614578 -2.834751
v 45.998913 0.385428 -2.834752
v 45.998913 2.385426 -2.834752
v 45.998913 3.385420 -2.834752
v 45.998913 5.385427 -2.834752
v 45.998913 9.385424 -2.834753
v 45.998913 11.385422 -2.834753
v 45.998913 12.385426 -2.834753
v 45.998913 14.385424 -2.834753
v 45.998913 18.385420 -2.834753
v 45.998913 20.385427 -2.834753
v 45.998913 21.385422 -2.834753
v 45.998913 22.385426 -2.834754
v 46.998913 -17.614574 -2.834750
v 46.998913 -15.614576 -2.834751
v 46.998913 -5.614576 -2.834751
v 46.998913 -3.614578 -2.834751
v 46.998913 3.385420 -2.834752
v 46.998913 5.385427 -2.834752
v 46.998913 9.385424 -2.834753
v 46.998913 11.385422 -2.834753
v 46.998913 18.385420 -2.834753
v 46.998913 20.385427 -2.834753
v 46.998913 23.385420 -2.834754
v 47.998917 24.385424 -2.834754
v 47.998917 25.385427 -2.834754
v 48.998917 -26.614580 -2.834750
v 48.998917 -24.614573 -2.834750
v 48.998917 -23.614578 -2.834750
v 48.998917 -21.614580 -2.834750
v 48.998917 -20.614576 -2.834750
v 48.998917 -18.614578 -2.834750
v 48.998917 -17.614574 -2.834750
v 48.998917 -15.614576 -2.834751
v 48.998917 -14.614573 -2.834751
v 48.998917 -12.614574 -2.834751
v 48.998917 -11.614580 -2.834751
v 48.998917 -9.614573 -2.834751
v 48.998917 -8.614578 -2.834751
v 48.998917 -6.614580 -2.834751
v 48.998917 -5.614576 -2.834751
v 48.998917 -3.614578 -2.834751
v 48.998917 -2.614574 -2.834752
v 48.998917 -0.614576 -2.834752
v 48.998917 0.385428 -2.834752
v 48.998917 2.385426 -2.834752
v 48.998917 3.385420 -2.834752
v 48.998917 5.385427 -2.834752
v 48.998917 6.385422 -2.834752
v 48.998917 8.385420 -2.834752
v 48.998917 9.385424 -2.834753
v 48.998917 11.385422 -2.834753
v 48.998917 12.385426 -2.834753
v 48.998917 14.385424 -2.834753
v 48.998917 15.385427 -2.834753
v 48.998917 17.385426 -2.834753
v 48.998917 18.385420 -2.834753
v 48.998917 20.385427 -2.834753
v 48.998917 21.385422 -2.834753
v 48.998917 23.385420 -2.834754
v 48.998917 24.385424 -2.834754
v 48.998917 25.385427 -2.834754
v 49.998913 -29.614573 -2.834749
v 49.998913 -27.614574 -2.834750
v 49.998913 28.385420 -2.834754
v 49.998913 31.385433 -2.834754
v -22.001083 -12.614574 -2.834751
v -22.001083 -11.614580 -2.834751
v -22.001083 -7.614574 -2.834751
v -22.001083 -6.614580 -2.834751
v -22.001083 -2.614574 -2.834752
v -22.001083 -1.614580 -2.834752
v -18.001083 -16.614580 -2.834750
v -18.001083 -12.614574 -2.834751
v -18.001083 -11.614580 -2.834751
v -18.001083 -7.614574 -2.834751
v -18.001083 -6.614580 -2.834751
v -18.001083 -2.614574 -2.834752
v -18.001083 -1.614580 -2.834752
v -18.001083 6.385422 -2.834752
v -18.001083 7.385426 -2.834752
v -17.001083 -16.614580 -2.834750
v -17.001083 -12.614574 -2.834751
v -17.001083 -11.614580 -2.834751
v -17.001083 -7.614574 -2.834751
v -17.001083 -6.614580 -2.834751
v -17.001083 -2.614574 -2.834752
v -17.001083 -1.614580 -2.834752
v -17.001083 6.385422 -2.834752
v -17.001083 7.385426 -2.834752
v -13.001084 -12.614574 -2.834751
v -13.001084 -11.614580 -2.834751
v -13.001084 -7.614574 -2.834751
v -13.001084 -6.614580 -2.834751
v -13.001084 -2.614574 -2.834752
v -13.001084 -1.614580 -2.834752
v 12.998915 -12.614574 -2.834751
v 12.998915 -11.614580 -2.834751
v 12.998915 -7.614574 -2.834751
v 12.998915 -6.614580 -2.834751
v 12.998915 -2.614574 -2.834752
v 12.998915 -1.614580 -2.834752
v 16.998917 -16.614580 -2.834750
v 16.998917 -12.614574 -2.834751
v 16.998917 -11.614580 -2.834751
v 16.998917 -7.614574 -2.834751
v 16.998917 -6.614580 -2.834751
v 16.998917 -2.614574 -2.834752
v 16.998917 -1.614580 -2.834752
v 16.998917 6.385422 -2.834752
v 16.998917 7.385426 -2.834752
v 17.998917 -16.614580 -2.834750
v 17.998917 -12.614574 -2.834751
v 17.998917 -11.614580 -2.834751
v 17.998917 -7.614574 -2.834751
v 17.998917 -6.614580 -2.834751
v 17.998917 -2.614574 -2.834752
v 17.998917 -1.614580 -2.834752
v 17.998917 6.385422 -2.834752
v 17.998917 7.385426 -2.834752
v 21.998917 -12.614574 -2.834751
v 21.998917 -11.614580 -2.834751
v 21.998917 -7.614574 -2.834751
v 21.998917 -6.614580 -2.834751
v 21.998917 -2.614574 -2.834752
v 21.998917 -1.614580 -2.834752
v -50.001087 -30.614576 -3.834749
v -50.001087 31.385433 -3.834754
v -22.001083 -15.614576 -3.834750
v -22.001083 0.385428 -3.834751
v -21.001083 -16.614580 -3.834750
v -21.001083 -15.614576 -3.834750
v -21.001083 0.385428 -3.834751
v -21.001083 2.385426 -3.834752
v -20.001083 2.385426 -3.834752
v -20.001083 4.385424 -3.834752
v -19.001083 4.385424 -3.834752
v -19.001083 6.385422 -3.834752
v -18.001083 6.385422 -3.834752
v -18.001083 7.385426 -3.834752
v -17.001083 6.385422 -3.834752
v -17.001083 7.385426 -3.834752
v -16.001085 4.385424 -3.834752
v -16.001085 6.385422 -3.834752
v -15.001084 2.385426 -3.834752
v -15.001084 4.385424 -3.834752
v -14.001084 -16.614580 -3.834750
v -14.001084 -15.614576 -3.834750
v -14.001084 0.385428 -3.834751
v -14.001084 2.385426 -3.834752
v -13.001084 -15.614576 -3.834750
v -13.001084 0.385428 -3.834751
v 12.998915 -15.614576 -3.834750
v 12.998915 0.385428 -3.834751
v 13.998915 -16.614580 -3.834750
v 13.998915 -15.614576 -3.834750
v 13.998915 0.385428 -3.834751
v 13.998915 2.385426 -3.834752
v 14.998916 2.385426 -3.834752
v 14.998916 4.385424 -3.834752
v 15.998916 4.385424 -3.834752
v 15.998916 6.385422 -3.834752
v 16.998917 6.385422 -3.834752
v 16.998917 7.385426 -3.834752
v 17.998917 6.385422 -3.834752
v 17.998917 7.385426 -3.834752
v 18.998917 4.385424 -3.834752
v 18.998917 6.385422 -3.834752
v 19.998917 2.385426 -3.834752
v 19.998917 4.385424 -3.834752
v 20.998915 -16.614580 -3.834750
v 20.998915 -15.614576 -3.834750
v 20.998915 0.385428 -3.834751
v 20.998915 2.385426 -3.834752
v 21.998917 -15.614576 -3.834750
v 21.998917 0.385428 -3.834751
v 49.998913 -30.614576 -3.834749
v 49.998913 31.385433 -3.834754
v -40.001083 -30.614576 5.165251
v -30.001083 -30.614576 5.165251
v -5.001085 -30.614576 5.165251
v 4.998915 -30.614576 5.165251
v 29.998917 -30.614576 5.165251
v 39.998913 -30.614576 5.165251
v -50.001087 -30.614576 -1.834749
v -40.001083 -30.614576 -1.834749
v -39.001083 -30.614576 -1.834749
v -30.001083 -30.614576 -1.834749
v -5.001085 -30.614576 -1.834749
v 4.998915 -30.614576 -1.834749
v 29.998917 -30.614576 -1.834749
v 35.998917 -30.614576 -1.834749
v 39.998913 -30.614576 -1.834749
v 49.998913 -30.614576 -1.834749
v -50.001087 -30.614576 -2.834749
v -39.001083 -30.614576 -2.834749
v -30.001083 -30.614576 -2.834749
v -5.001085 -30.614576 -2.834749
v 4.998915 -30.614576 -2.834749
v 29.998917 -30.614576 -2.834749
v 35.998917 -30.614576 -2.834749
v 49.998913 -30.614576 -2.834749
v -50.001087 -30.614576 -3.834749
v 49.998913 -30.614576 -3.834749
v -49.001087 -27.614574 -1.834749
v -46.001083 -27.614574 -1.834749
v -45.001087 -27.614574 -1.834749
v -42.001083 -27.614574 -1.834749
v -41.001083 -27.614574 -1.834749
v -40.001083 -27.614574 -1.834749
v -30.001083 -27.614574 -1.834749
v -27.001083 -27.614574 -1.834749
v -26.001083 -27.614574 -1.834749
v -22.001083 -27.614574 -1.834749
v -21.001083 -27.614574 -1.834749
v -16.001085 -27.614574 -1.834749
v -15.001084 -27.614574 -1.834749
v -12.001085 -27.614574 -1.834749
v -11.001085 -27.614574 -1.834749
v -8.001085 -27.614574 -1.834749
v -7.001085 -27.614574 -1.834749
v -5.001085 -27.614574 -1.834749
v 4.998915 -27.614574 -1.834749
v 6.998915 -27.614574 -1.834749
v 7.998915 -27.614574 -1.834749
v 10.998916 -27.614574 -1.834749
v 11.998916 -27.614574 -1.834749
v 14.998916 -27.614574 -1.834749
v 15.998916 -27.614574 -1.834749
v 20.998915 -27.614574 -1.834749
v 21.998917 -27.614574 -1.834749
v 25.998915 -27.614574 -1.834749
v 26.998917 -27.614574 -1.834749
v 29.998917 -27.614574 -1.834749
v 39.998913 -27.614574 -1.834749
v 43.998917 -27.614574 -1.834749
v 44.998913 -27.614574 -1.834749
v 49.998913 -27.614574 -1.834749
v -49.001087 -27.614574 -2.834750
v -46.001083 -27.614574 -2.834750
v -45.001087 -27.614574 -2.834750
v -42.001083 -27.614574 -2.834750
v -41.001083 -27.614574 -2.834750
v -40.001083 -27.614574 -2.834750
v -30.001083 -27.614574 -2.834750
v -27.001083 -27.614574 -2.834750
v -26.001083 -27.614574 -2.834750
v -22.001083 -27.614574 -2.834750
v -21.001083 -27.614574 -2.834750
v -16.001085 -27.614574 -2.834750
v -15.001084 -27.614574 -2.834750
v -12.001085 -27.614574 -2.834750
v -11.001085 -27.614574 -2.834750
v -8.001085 -27.614574 -2.834750
v -7.001085 -27.614574 -2.834750
v -5.001085 -27.614574 -2.834750
v 4.998915 -27.614574 -2.834750
v 6.998915 -27.614574 -2.834750
v 7.998915 -27.614574 -2.834750
v 10.998916 -27.614574 -2.834750
v 11.998916 -27.614574 -2.834750
v 14.998916 -27.614574 -2.834750
v 15.998916 -27.614574 -2.834750
v 20.998915 -27.614574 -2.834750
v 21.998917 -27.614574 -2.834750
v 25.998915 -27.614574 -2.834750
v 26.998917 -27.614574 -2.834750
v 29.998917 -27.614574 -2.834750
v 39.998913 -27.614574 -2.834750
v 43.998917 -27.614574 -2.834750
v 44.998913 -27.614574 -2.834750
v 49.998913 -27.614574 -2.834750
v -40.001083 -24.614573 5.165250
v -38.001083 -24.614573 5.165250
v -37.001083 -24.614573 5.165250
v -33.001083 -24.614573 5.165250
v -32.001083 -24.614573 5.165250
v -30.001083 -24.614573 5.165250
v -5.001085 -24.614573 5.165250
v -3.001085 -24.614573 5.165250
v -2.001085 -24.614573 5.165250
v 1.998915 -24.614573 5.165250
v 2.998915 -24.614573 5.165250
v 4.998915 -24.614573 5.165250
v 29.998917 -24.614573 5.165250
v 31.998917 -24.614573 5.165250
v 32.998917 -24.614573 5.165250
v 36.998917 -24.614573 5.165250
v 37.998917 -24.614573 5.165250
v 39.998913 -24.614573 5.165250
v -40.001083 -24.614573 4.165250
v -38.001083 -24.614573 4.165250
v -37.001083 -24.614573 4.165250
v -33.001083 -24.614573 4.165250
v -32.001083 -24.614573 4.165250
v -30.001083 -24.614573 4.165250
v -5.001085 -24.614573 4.165250
v -3.001085 -24.614573 4.165250
v -2.001085 -24.614573 4.165250
v 1.998915 -24.614573 4.165250
v 2.998915 -24.614573 4.165250
v 4.998915 -24.614573 4.165250
v 29.998917 -24.614573 4.165250
v 31.998917 -24.614573 4.165250
v 32.998917 -24.614573 4.165250
v 36.998917 -24.614573 4.165250
v 37.998917 -24.614573 4.165250
v 39.998913 -24.614573 4.165250
v -49.001087 -24.614573 -1.834750
v -43.001087 -24.614573 -1.834750
v -42.001083 -24.614573 -1.834750
v -40.001083 -24.614573 -1.834750
v -30.001083 -24.614573 -1.834750
v -29.001085 -24.614573 -1.834750
v -28.001083 -24.614573 -1.834750
v -24.001085 -24.614573 -1.834750
v -23.001083 -24.614573 -1.834750
v -19.001083 -24.614573 -1.834750
v -18.001083 -24.614573 -1.834750
v -13.001084 -24.614573 -1.834750
v -12.001085 -24.614573 -1.834750
v -7.001085 -24.614573 -1.834750
v -6.001085 -24.614573 -1.834750
v -5.001085 -24.614573 -1.834750
v 4.998915 -24.614573 -1.834750
v 5.998915 -24.614573 -1.834750
v 6.998915 -24.614573 -1.834750
v 11.998916 -24.614573 -1.834750
v 12.998915 -24.614573 -1.834750
v 17.998917 -24.614573 -1.834750
v 18.998917 -24.614573 -1.834750
v 22.998917 -24.614573 -1.834750
v 23.998917 -24.614573 -1.834750
v 27.998917 -24.614573 -1.834750
v 28.998917 -24.614573 -1.834750
v 29.998917 -24.614573 -1.834750
v 39.998913 -24.614573 -1.834750
v 41.998913 -24.614573 -1.834750
v 42.998917 -24.614573 -1.834750
v 48.998917 -24.614573 -1.834750
v -49.001087 -24.614573 -2.834750
v -43.001087 -24.614573 -2.834750
v -42.001083 -24.614573 -2.834750
v -40.001083 -24.614573 -2.834750
v -30.001083 -24.614573 -2.834750
v -29.001085 -24.614573 -2.834750
v -28.001083 -24.614573 -2.834750
v -24.001085 -24.614573 -2.834750
v -23.001083 -24.614573 -2.834750
v -19.001083 -24.614573 -2.834750
v -18.001083 -24.614573 -2.834750
v -13.001084 -24.614573 -2.834750
v -12.001085 -24.614573 -2.834750
v -7.001085 -24.614573 -2.834750
v -6.001085 -24.614573 -2.834750
v -5.001085 -24.614573 -2.834750
v 4.998915 -24.614573 -2.834750
v 5.998915 -24.614573 -2.834750
v 6.998915 -24.614573 -2.834750
v 11.998916 -24.614573 -2.834750
v 12.998915 -24.614573 -2.834750
v 17.998917 -24.614573 -2.834750
v 18.998917 -24.614573 -2.834750
v 22.998917 -24.614573 -2.834750
v 23.998917 -24.614573 -2.834750
v 27.998917 -24.614573 -2.834750
v 28.998917 -24.614573 -2.834750
v 29.998917 -24.614573 -2.834750
v 39.998913 -24.614573 -2.834750
v 41.998913 -24.614573 -2.834750
v 42.998917 -24.614573 -2.834750
v 48.998917 -24.614573 -2.834750
v -40.001083 -22.614574 5.165250
v -38.001083 -22.614574 5.165250
v -37.001083 -22.614574 5.165250
v -33.001083 -22.614574 5.165250
v -32.001083 -22.614574 5.165250
v -30.001083 -22.614574 5.165250
v -5.001085 -22.614574 5.165250
v -3.001085 -22.614574 5.165250
v -2.001085 -22.614574 5.165250
v 1.998915 -22.614574 5.165250
v 2.998915 -22.614574 5.165250
v 4.998915 -22.614574 5.165250
v 29.998917 -22.614574 5.165250
v 31.998917 -22.614574 5.165250
v 32.998917 -22.614574 5.165250
v 36.998917 -22.614574 5.165250
v 37.998917 -22.614574 5.165250
v 39.998913 -22.614574 5.165250
v -40.001083 -22.614574 4.165250
v -38.001083 -22.614574 4.165250
v -37.001083 -22.614574 4.165250
v -33.001083 -22.614574 4.165250
v -32.001083 -22.614574 4.165250
v -30.001083 -22.614574 4.165250
v -5.001085 -22.614574 4.165250
v -3.001085 -22.614574 4.165250
v -2.001085 -22.614574 4.165250
v 1.998915 -22.614574 4.165250
v 2.998915 -22.614574 4.165250
v 4.998915 -22.614574 4.165250
v 29.998917 -22.614574 4.165250
v 31.998917 -22.614574 4.165250
v 32.998917 -22.614574 4.165250
v 36.998917 -22.614574 4.165250
v 37.998917 -22.614574 4.165250
v 39.998913 -22.614574 4.165250
v -49.001087 -21.614580 -1.834750
v -46.001083 -21.614580 -1.834750
v -45.001087 -21.614580 -1.834750
v -40.001083 -21.614580 -1.834750
v -30.001083 -21.614580 -1.834750
v -27.001083 -21.614580 -1.834750
v -26.001083 -21.614580 -1.834750
v -22.001083 -21.614580 -1.834750
v -21.001083 -21.614580 -1.834750
v -18.001083 -21.614580 -1.834750
v -17.001083 -21.614580 -1.834750
v -12.001085 -21.614580 -1.834750
v -11.001085 -21.614580 -1.834750
v -9.001085 -21.614580 -1.834750
v -8.001085 -21.614580 -1.834750
v -5.001085 -21.614580 -1.834750
v 4.998915 -21.614580 -1.834750
v 7.998915 -21.614580 -1.834750
v 8.998915 -21.614580 -1.834750
v 10.998916 -21.614580 -1.834750
v 11.998916 -21.614580 -1.834750
v 16.998917 -21.614580 -1.834750
v 17.998917 -21.614580 -1.834750
v 20.998915 -21.614580 -1.834750
v 21.998917 -21.614580 -1.834750
v 25.998915 -21.614580 -1.834750
v 26.998917 -21.614580 -1.834750
v 29.998917 -21.614580 -1.834750
v 39.998913 -21.614580 -1.834750
v 44.998913 -21.614580 -1.834750
v 45.998913 -21.614580 -1.834750
v 48.998917 -21.614580 -1.834750
v -49.001087 -21.614580 -2.834750
v -46.001083 -21.614580 -2.834750
v -45.001087 -21.614580 -2.834750
v -40.001083 -21.614580 -2.834750
v -30.001083 -21.614580 -2.834750
v -27.001083 -21.614580 -2.834750
v -26.001083 -21.614580 -2.834750
v -22.001083 -21.614580 -2.834750
v -21.001083 -21.614580 -2.834750
v -18.001083 -21.614580 -2.834750
v -17.001083 -21.614580 -2.834750
v -12.001085 -21.614580 -2.834750
v -11.001085 -21.614580 -2.834750
v -9.001085 -21.614580 -2.834750
v -8.001085 -21.614580 -2.834750
v -5.001085 -21.614580 -2.834750
v 4.998915 -21.614580 -2.834750
v 7.998915 -21.614580 -2.834750
v 8.998915 -21.614580 -2.834750
v 10.998916 -21.614580 -2.834750
v 11.998916 -21.614580 -2.834750
v 16.998917 -21.614580 -2.834750
v 17.998917 -21.614580 -2.834750
v 20.998915 -21.614580 -2.834750
v 21.998917 -21.614580 -2.834750
v 25.998915 -21.614580 -2.834750
v 26.998917 -21.614580 -2.834750
v 29.998917 -21.614580 -2.834750
v 39.998913 -21.614580 -2.834750
v 44.998913 -21.614580 -2.834750
v 45.998913 -21.614580 -2.834750
v 48.998917 -21.614580 -2.834750
v -40.001083 -20.614576 5.165250
v -38.001083 -20.614576 5.165250
v -37.001083 -20.614576 5.165250
v -33.001083 -20.614576 5.165250
v -32.001083 -20.614576 5.165250
v -30.001083 -20.614576 5.165250
v -5.001085 -20.614576 5.165250
v -3.001085 -20.614576 5.165250
v -2.001085 -20.614576 5.165250
v 1.998915 -20.614576 5.165250
v 2.998915 -20.614576 5.165250
v 4.998915 -20.614576 5.165250
v 29.998917 -20.614576 5.165250
v 31.998917 -20.614576 5.165250
v 32.998917 -20.614576 5.165250
v 36.998917 -20.614576 5.165250
v 37.998917 -20.614576 5.165250
v 39.998913 -20.614576 5.165250
v -40.001083 -20.614576 4.165250
v -38.001083 -20.614576 4.165250
v -37.001083 -20.614576 4.165250
v -33.001083 -20.614576 4.165250
v -32.001083 -20.614576 4.165250
v -30.001083 -20.614576 4.165250
v -5.001085 -20.614576 4.165250
v -3.001085 -20.614576 4.165250
v -2.001085 -20.614576 4.165250
v 1.998915 -20.614576 4.165250
v 2.998915 -20.614576 4.165250
v 4.998915 -20.614576 4.165250
v 29.998917 -20.614576 4.165250
v 31.998917 -20.614576 4.165250
v 32.998917 -20.614576 4.165250
v 36.998917 -20.614576 4.165250
v 37.998917 -20.614576 4.165250
v 39.998913 -20.614576 4.165250
v -49.001087 -18.614578 -1.834750
v -44.001087 -18.614578 -1.834750
v -43.001087 -18.614578 -1.834750
v -40.001083 -18.614578 -1.834750
v -30.001083 -18.614578 -1.834750
v -29.001085 -18.614578 -1.834750
v -28.001083 -18.614578 -1.834750
v -24.001085 -18.614578 -1.834750
v -23.001083 -18.614578 -1.834750
v -19.001083 -18.614578 -1.834750
v -18.001083 -18.614578 -1.834750
v -14.001084 -18.614578 -1.834750
v -13.001084 -18.614578 -1.834750
v -8.001085 -18.614578 -1.834750
v -7.001085 -18.614578 -1.834750
v -5.001085 -18.614578 -1.834750
v 4.998915 -18.614578 -1.834750
v 6.998915 -18.614578 -1.834750
v 7.998915 -18.614578 -1.834750
v 12.998915 -18.614578 -1.834750
v 13.998915 -18.614578 -1.834750
v 17.998917 -18.614578 -1.834750
v 18.998917 -18.614578 -1.834750
v 22.998917 -18.614578 -1.834750
v 23.998917 -18.614578 -1.834750
v 27.998917 -18.614578 -1.834750
v 28.998917 -18.614578 -1.834750
v 29.998917 -18.614578 -1.834750
v 39.998913 -18.614578 -1.834750
v 42.998917 -18.614578 -1.834750
v 43.998917 -18.614578 -1.834750
v 48.998917 -18.614578 -1.834750
v -49.001087 -18.614578 -2.834750
v -44.001087 -18.614578 -2.834750
v -43.001087 -18.614578 -2.834750
v -40.001083 -18.614578 -2.834750
v -30.001083 -18.614578 -2.834750
v -29.001085 -18.614578 -2.834750
v -28.001083 -18.614578 -2.834750
v -24.001085 -18.614578 -2.834750
v -23.001083 -18.614578 -2.834750
v -19.001083 -18.614578 -2.834750
v -18.001083 -18.614578 -2.834750
v -14.001084 -18.614578 -2.834750
v -13.001084 -18.614578 -2.834750
v -8.001085 -18.614578 -2.834750
v -7.001085 -18.614578 -2.834750
v -5.001085 -18.614578 -2.834750
v 4.998915 -18.614578 -2.834750
v 6.998915 -18.614578 -2.834750
v 7.998915 -18.614578 -2.834750
v 12.998915 -18.614578 -2.834750
v 13.998915 -18.614578 -2.834750
v 17.998917 -18.614578 -2.834750
v 18.998917 -18.614578 -2.834750
v 22.998917 -18.614578 -2.834750
v 23.998917 -18.614578 -2.834750
v 27.998917 -18.614578 -2.834750
v 28.998917 -18.614578 -2.834750
v 29.998917 -18.614578 -2.834750
v 39.998913 -18.614578 -2.834750
v 42.998917 -18.614578 -2.834750
v 43.998917 -18.614578 -2.834750
v 48.998917 -18.614578 -2.834750
v -21.001083 -17.614574 0.165250
v -14.001084 -17.614574 0.165250
v 13.998915 -17.614574 0.165250
v 20.998915 -17.614574 0.165250
v -21.001083 -17.614574 -1.834750
v -14.001084 -17.614574 -1.834750
v 13.998915 -17.614574 -1.834750
v 20.998915 -17.614574 -1.834750
v -22.001083 -16.614580 0.165250
v -21.001083 -16.614580 0.165250
v -14.001084 -16.614580 0.165250
v -13.001084 -16.614580 0.165250
v 12.998915 -16.614580 0.165250
v 13.998915 -16.614580 0.165250
v 20.998915 -16.614580 0.165250
v 21.998917 -16.614580 0.165250
v -22.001083 -16.614580 -1.834750
v -21.001083 -16.614580 -1.834750
v -14.001084 -16.614580 -2.834750
v -13.001084 -16.614580 -2.834750
v 12.998915 -16.614580 -2.834750
v 13.998915 -16.614580 -2.834750
v 20.998915 -16.614580 -2.834750
v 21.998917 -16.614580 -2.834750
v -23.001083 -15.614576 0.165249
v -22.001083 -15.614576 0.165249
v -13.001084 -15.614576 0.165249
v -12.001085 -15.614576 0.165249
v 11.998916 -15.614576 0.165249
v 12.998915 -15.614576 0.165249
v 21.998917 -15.614576 0.165249
v 22.998917 -15.614576 0.165249
v -49.001087 -15.614576 -1.834750
v -47.001083 -15.614576 -1.834750
v -46.001083 -15.614576 -1.834750
v -42.001083 -15.614576 -1.834750
v -41.001083 -15.614576 -1.834750
v -40.001083 -15.614576 -1.834750
v -30.001083 -15.614576 -1.834750
v -27.001083 -15.614576 -1.834750
v -26.001083 -15.614576 -1.834750
v -23.001083 -15.614576 -1.834750
v -12.001085 -15.614576 -1.834750
v -11.001085 -15.614576 -1.834750
v -5.001085 -15.614576 -1.834750
v 4.998915 -15.614576 -1.834750
v 10.998916 -15.614576 -1.834750
v 11.998916 -15.614576 -1.834750
v 22.998917 -15.614576 -1.834750
v 25.998915 -15.614576 -1.834750
v 26.998917 -15.614576 -1.834750
v 29.998917 -15.614576 -1.834750
v 39.998913 -15.614576 -1.834750
v 40.998913 -15.614576 -1.834750
v 41.998913 -15.614576 -1.834750
v 45.998913 -15.614576 -1.834750
v 46.998913 -15.614576 -1.834750
v 48.998917 -15.614576 -1.834750
v -49.001087 -15.614576 -2.834751
v -47.001083 -15.614576 -2.834751
v -46.001083 -15.614576 -2.834751
v -42.001083 -15.614576 -2.834751
v -41.001083 -15.614576 -2.834751
v -40.001083 -15.614576 -2.834751
v -30.001083 -15.614576 -2.834751
v -27.001083 -15.614576 -2.834751
v -26.001083 -15.614576 -2.834751
v -23.001083 -15.614576 -2.834751
v -22.001083 -15.614576 -2.834751
v -13.001084 -15.614576 -2.834751
v -12.001085 -15.614576 -2.834751
v -11.001085 -15.614576 -2.834751
v -5.001085 -15.614576 -2.834751
v 4.998915 -15.614576 -2.834751
v 10.998916 -15.614576 -2.834751
v 11.998916 -15.614576 -2.834751
v 12.998915 -15.614576 -2.834751
v 21.998917 -15.614576 -2.834751
v 22.998917 -15.614576 -2.834751
v 25.998915 -15.614576 -2.834751
v 26.998917 -15.614576 -2.834751
v 29.998917 -15.614576 -2.834751
v 39.998913 -15.614576 -2.834751
v 40.998913 -15.614576 -2.834751
v 41.998913 -15.614576 -2.834751
v 45.998913 -15.614576 -2.834751
v 46.998913 -15.614576 -2.834751
v 48.998917 -15.614576 -2.834751
v -40.001083 -14.614573 5.165249
v -38.001083 -14.614573 5.165249
v -37.001083 -14.614573 5.165249
v -33.001083 -14.614573 5.165249
v -32.001083 -14.614573 5.165249
v -30.001083 -14.614573 5.165249
v -5.001085 -14.614573 5.165249
v -3.001085 -14.614573 5.165249
v -2.001085 -14.614573 5.165249
v 1.998915 -14.614573 5.165249
v 2.998915 -14.614573 5.165249
v 4.998915 -14.614573 5.165249
v 29.998917 -14.614573 5.165249
v 31.998917 -14.614573 5.165249
v 32.998917 -14.614573 5.165249
v 36.998917 -14.614573 5.165249
v 37.998917 -14.614573 5.165249
v 39.998913 -14.614573 5.165249
v -40.001083 -14.614573 4.165249
v -38.001083 -14.614573 4.165249
v -37.001083 -14.614573 4.165249
v -33.001083 -14.614573 4.165249
v -32.001083 -14.614573 4.165249
v -30.001083 -14.614573 4.165249
v -5.001085 -14.614573 4.165249
v -3.001085 -14.614573 4.165249
v -2.001085 -14.614573 4.165249
v 1.998915 -14.614573 4.165249
v 2.998915 -14.614573 4.165249
v 4.998915 -14.614573 4.165249
v 29.998917 -14.614573 4.165249
v 31.998917 -14.614573 4.165249
v 32.998917 -14.614573 4.165249
v 36.998917 -14.614573 4.165249
v 37.998917 -14.614573 4.165249
v 39.998913 -14.614573 4.165249
v -40.001083 -12.614574 5.165249
v -38.001083 -12.614574 5.165249
v -37.001083 -12.614574 5.165249
v -33.001083 -12.614574 5.165249
v -32.001083 -12.614574 5.165249
v -30.001083 -12.614574 5.165249
v -5.001085 -12.614574 5.165249
v -3.001085 -12.614574 5.165249
v -2.001085 -12.614574 5.165249
v 1.998915 -12.614574 5.165249
v 2.998915 -12.614574 5.165249
v 4.998915 -12.614574 5.165249
v 29.998917 -12.614574 5.165249
v 31.998917 -12.614574 5.165249
v 32.998917 -12.614574 5.165249
v 36.998917 -12.614574 5.165249
v 37.998917 -12.614574 5.165249
v 39.998913 -12.614574 5.165249
v -40.001083 -12.614574 4.165249
v -38.001083 -12.614574 4.165249
v -37.001083 -12.614574 4.165249
v -33.001083 -12.614574 4.165249
v -32.001083 -12.614574 4.165249
v -30.001083 -12.614574 4.165249
v -5.001085 -12.614574 4.165249
v -3.001085 -12.614574 4.165249
v -2.001085 -12.614574 4.165249
v 1.998915 -12.614574 4.165249
v 2.998915 -12.614574 4.165249
v 4.998915 -12.614574 4.165249
v 29.998917 -12.614574 4.165249
v 31.998917 -12.614574 4.165249
v 32.998917 -12.614574 4.165249
v 36.998917 -12.614574 4.165249
v 37.998917 -12.614574 4.165249
v 39.998913 -12.614574 4.165249
v -22.001083 -12.614574 0.165249
v -18.001083 -12.614574 0.165249
v -17.001083 -12.614574 0.165249
v -13.001084 -12.614574 0.165249
v 12.998915 -12.614574 0.165249
v 16.998917 -12.614574 0.165249
v 17.998917 -12.614574 0.165249
v 21.998917 -12.614574 0.165249
v -49.001087 -12.614574 -1.834751
v -44.001087 -12.614574 -1.834751
v -43.001087 -12.614574 -1.834751
v -40.001083 -12.614574 -1.834751
v -30.001083 -12.614574 -1.834751
v -29.001085 -12.614574 -1.834751
v -28.001083 -12.614574 -1.834751
v -24.001085 -12.614574 -1.834751
v -11.001085 -12.614574 -1.834751
v -5.001085 -12.614574 -1.834751
v 4.998915 -12.614574 -1.834751
v 10.998916 -12.614574 -1.834751
v 23.998917 -12.614574 -1.834751
v 27.998917 -12.614574 -1.834751
v 28.998917 -12.614574 -1.834751
v 29.998917 -12.614574 -1.834751
v 39.998913 -12.614574 -1.834751
v 42.998917 -12.614574 -1.834751
v 43.998917 -12.614574 -1.834751
v 48.998917 -12.614574 -1.834751
v -49.001087 -12.614574 -2.834751
v -44.001087 -12.614574 -2.834751
v -43.001087 -12.614574 -2.834751
v -40.001083 -12.614574 -2.834751
v -30.001083 -12.614574 -2.834751
v -29.001085 -12.614574 -2.834751
v -28.001083 -12.614574 -2.834751
v -24.001085 -12.614574 -2.834751
v -22.001083 -12.614574 -2.834751
v -18.001083 -12.614574 -2.834751
v -17.001083 -12.614574 -2.834751
v -13.001084 -12.614574 -2.834751
v -11.001085 -12.614574 -2.834751
v -5.001085 -12.614574 -2.834751
v 4.998915 -12.614574 -2.834751
v 10.998916 -12.614574 -2.834751
v 12.998915 -12.614574 -2.834751
v 16.998917 -12.614574 -2.834751
v 17.998917 -12.614574 -2.834751
v 21.998917 -12.614574 -2.834751
v 23.998917 -12.614574 -2.834751
v 27.998917 -12.614574 -2.834751
v 28.998917 -12.614574 -2.834751
v 29.998917 -12.614574 -2.834751
v 39.998913 -12.614574 -2.834751
v 42.998917 -12.614574 -2.834751
v 43.998917 -12.614574 -2.834751
v 48.998917 -12.614574 -2.834751
v -40.001083 -10.614576 5.165249
v -38.001083 -10.614576 5.165249
v -37.001083 -10.614576 5.165249
v -33.001083 -10.614576 5.165249
v -32.001083 -10.614576 5.165249
v -30.001083 -10.614576 5.165249
v -5.001085 -10.614576 5.165249
v -3.001085 -10.614576 5.165249
v -2.001085 -10.614576 5.165249
v 1.998915 -10.614576 5.165249
v 2.998915 -10.614576 5.165249
v 4.998915 -10.614576 5.165249
v 29.998917 -10.614576 5.165249
v 31.998917 -10.614576 5.165249
v 32.998917 -10.614576 5.165249
v 36.998917 -10.614576 5.165249
v 37.998917 -10.614576 5.165249
v 39.998913 -10.614576 5.165249
v -40.001083 -10.614576 4.165249
v -38.001083 -10.614576 4.165249
v -37.001083 -10.614576 4.165249
v -33.001083 -10.614576 4.165249
v -32.001083 -10.614576 4.165249
v -30.001083 -10.614576 4.165249
v -5.001085 -10.614576 4.165249
v -3.001085 -10.614576 4.165249
v -2.001085 -10.614576 4.165249
v 1.998915 -10.614576 4.165249
v 2.998915 -10.614576 4.165249
v 4.998915 -10.614576 4.165249
v 29.998917 -10.614576 4.165249
v 31.998917 -10.614576 4.165249
v 32.998917 -10.614576 4.165249
v 36.998917 -10.614576 4.165249
v 37.998917 -10.614576 4.165249
v 39.998913 -10.614576 4.165249
v -49.001087 -9.614573 -1.834751
v -46.001083 -9.614573 -1.834751
v -45.001087 -9.614573 -1.834751
v -42.001083 -9.614573 -1.834751
v -41.001083 -9.614573 -1.834751
v -40.001083 -9.614573 -1.834751
v -30.001083 -9.614573 -1.834751
v -25.001083 -9.614573 -1.834751
v -24.001085 -9.614573 -1.834751
v -23.001083 -9.614573 -1.834751
v -11.001085 -9.614573 -1.834751
v -5.001085 -9.614573 -1.834751
v 4.998915 -9.614573 -1.834751
v 10.998916 -9.614573 -1.834751
v 22.998917 -9.614573 -1.834751
v 23.998917 -9.614573 -1.834751
v 24.998917 -9.614573 -1.834751
v 29.998917 -9.614573 -1.834751
v 39.998913 -9.614573 -1.834751
v 40.998913 -9.614573 -1.834751
v 41.998913 -9.614573 -1.834751
v 44.998913 -9.614573 -1.834751
v 45.998913 -9.614573 -1.834751
v 48.998917 -9.614573 -1.834751
v -49.001087 -9.614573 -2.834751
v -46.001083 -9.614573 -2.834751
v -45.001087 -9.614573 -2.834751
v -42.001083 -9.614573 -2.834751
v -41.001083 -9.614573 -2.834751
v -40.001083 -9.614573 -2.834751
v -30.001083 -9.614573 -2.834751
v -25.001083 -9.614573 -2.834751
v -24.001085 -9.614573 -2.834751
v -23.001083 -9.614573 -2.834751
v -11.001085 -9.614573 -2.834751
v -5.001085 -9.614573 -2.834751
v 4.998915 -9.614573 -2.834751
v 10.998916 -9.614573 -2.834751
v 22.998917 -9.614573 -2.834751
v 23.998917 -9.614573 -2.834751
v 24.998917 -9.614573 -2.834751
v 29.998917 -9.614573 -2.834751
v 39.998913 -9.614573 -2.834751
v 40.998913 -9.614573 -2.834751
v 41.998913 -9.614573 -2.834751
v 44.998913 -9.614573 -2.834751
v 45.998913 -9.614573 -2.834751
v 48.998917 -9.614573 -2.834751
v -22.001083 -7.614574 0.165249
v -18.001083 -7.614574 0.165249
v -17.001083 -7.614574 0.165249
v -13.001084 -7.614574 0.165249
v 12.998915 -7.614574 0.165249
v 16.998917 -7.614574 0.165249
v 17.998917 -7.614574 0.165249
v 21.998917 -7.614574 0.165249
v -22.001083 -7.614574 -2.834751
v -18.001083 -7.614574 -2.834751
v -17.001083 -7.614574 -2.834751
v -13.001084 -7.614574 -2.834751
v 12.998915 -7.614574 -2.834751
v 16.998917 -7.614574 -2.834751
v 17.998917 -7.614574 -2.834751
v 21.998917 -7.614574 -2.834751
v -49.001087 -6.614580 -1.834751
v -45.001087 -6.614580 -1.834751
v -44.001087 -6.614580 -1.834751
v -41.001083 -6.614580 -1.834751
v -30.001083 -6.614580 -1.834751
v -27.001083 -6.614580 -1.834751
v -26.001083 -6.614580 -1.834751
v -23.001083 -6.614580 -1.834751
v -12.001085 -6.614580 -1.834751
v -7.001085 -6.614580 -1.834751
v -6.001085 -6.614580 -1.834751
v -5.001085 -6.614580 -1.834751
v 4.998915 -6.614580 -1.834751
v 5.998915 -6.614580 -1.834751
v 6.998915 -6.614580 -1.834751
v 11.998916 -6.614580 -1.834751
v 22.998917 -6.614580 -1.834751
v 25.998915 -6.614580 -1.834751
v 26.998917 -6.614580 -1.834751
v 29.998917 -6.614580 -1.834751
v 40.998913 -6.614580 -1.834751
v 43.998917 -6.614580 -1.834751
v 44.998913 -6.614580 -1.834751
v 48.998917 -6.614580 -1.834751
v -49.001087 -6.614580 -2.834751
v -45.001087 -6.614580 -2.834751
v -44.001087 -6.614580 -2.834751
v -41.001083 -6.614580 -2.834751
v -30.001083 -6.614580 -2.834751
v -27.001083 -6.614580 -2.834751
v -26.001083 -6.614580 -2.834751
v -23.001083 -6.614580 -2.834751
v -12.001085 -6.614580 -2.834751
v -7.001085 -6.614580 -2.834751
v -6.001085 -6.614580 -2.834751
v -5.001085 -6.614580 -2.834751
v 4.998915 -6.614580 -2.834751
v 5.998915 -6.614580 -2.834751
v 6.998915 -6.614580 -2.834751
v 11.998916 -6.614580 -2.834751
v 22.998917 -6.614580 -2.834751
v 25.998915 -6.614580 -2.834751
v 26.998917 -6.614580 -2.834751
v 29.998917 -6.614580 -2.834751
v 40.998913 -6.614580 -2.834751
v 43.998917 -6.614580 -2.834751
v 44.998913 -6.614580 -2.834751
v 48.998917 -6.614580 -2.834751
v -40.001083 -4.614572 5.165248
v -38.001083 -4.614572 5.165248
v -37.001083 -4.614572 5.165248
v -33.001083 -4.614572 5.165248
v -32.001083 -4.614572 5.165248
v -30.001083 -4.614572 5.165248
v -5.001085 -4.614572 5.165248
v -3.001085 -4.614572 5.165248
v -2.001085 -4.614572 5.165248
v 1.998915 -4.614572 5.165248
v 2.998915 -4.614572 5.165248
v 4.998915 -4.614572 5.165248
v 29.998917 -4.614572 5.165248
v 31.998917 -4.614572 5.165248
v 32.998917 -4.614572 5.165248
v 36.998917 -4.614572 5.165248
v 37.998917 -4.614572 5.165248
v 39.998913 -4.614572 5.165248
v -40.001083 -4.614572 4.165249
v -38.001083 -4.614572 4.165249
v -37.001083 -4.614572 4.165249
v -33.001083 -4.614572 4.165249
v -32.001083 -4.614572 4.165249
v -30.001083 -4.614572 4.165249
v -5.001085 -4.614572 4.165249
v -3.001085 -4.614572 4.165249
v -2.001085 -4.614572 4.165249
v 1.998915 -4.614572 4.165249
v 2.998915 -4.614572 4.165249
v 4.998915 -4.614572 4.165249
v 29.998917 -4.614572 4.165249
v 31.998917 -4.614572 4.165249
v 32.998917 -4.614572 4.165249
v 36.998917 -4.614572 4.165249
v 37.998917 -4.614572 4.165249
v 39.998913 -4.614572 4.165249
v -49.001087 -3.614578 -1.834751
v -47.001083 -3.614578 -1.834751
v -46.001083 -3.614578 -1.834751
v -42.001083 -3.614578 -1.834751
v -41.001083 -3.614578 -1.834751
v -40.001083 -3.614578 -1.834751
v -30.001083 -3.614578 -1.834751
v -25.001083 -3.614578 -1.834751
v -24.001085 -3.614578 -1.834751
v -23.001083 -3.614578 -1.834751
v -12.001085 -3.614578 -1.834751
v -9.001085 -3.614578 -1.834751
v -8.001085 -3.614578 -1.834751
v -5.001085 -3.614578 -1.834751
v 4.998915 -3.614578 -1.834751
v 7.998915 -3.614578 -1.834751
v 8.998915 -3.614578 -1.834751
v 11.998916 -3.614578 -1.834751
v 22.998917 -3.614578 -1.834751
v 23.998917 -3.614578 -1.834751
v 24.998917 -3.614578 -1.834751
v 29.998917 -3.614578 -1.834751
v 39.998913 -3.614578 -1.834751
v 40.998913 -3.614578 -1.834751
v 41.998913 -3.614578 -1.834751
v 45.998913 -3.614578 -1.834751
v 46.998913 -3.614578 -1.834751
v 48.998917 -3.614578 -1.834751
v -49.001087 -3.614578 -2.834751
v -47.001083 -3.614578 -2.834751
v -46.001083 -3.614578 -2.834751
v -42.001083 -3.614578 -2.834751
v -41.001083 -3.614578 -2.834751
v -40.001083 -3.614578 -2.834751
v -30.001083 -3.614578 -2.834751
v -25.001083 -3.614578 -2.834751
v -24.001085 -3.614578 -2.834751
v -23.001083 -3.614578 -2.834751
v -12.001085 -3.614578 -2.834751
v -9.001085 -3.614578 -2.834751
v -8.001085 -3.614578 -2.834751
v -5.001085 -3.614578 -2.834751
v 4.998915 -3.614578 -2.834751
v 7.998915 -3.614578 -2.834751
v 8.998915 -3.614578 -2.834751
v 11.998916 -3.614578 -2.834751
v 22.998917 -3.614578 -2.834751
v 23.998917 -3.614578 -2.834751
v 24.998917 -3.614578 -2.834751
v 29.998917 -3.614578 -2.834751
v 39.998913 -3.614578 -2.834751
v 40.998913 -3.614578 -2.834751
v 41.998913 -3.614578 -2.834751
v 45.998913 -3.614578 -2.834751
v 46.998913 -3.614578 -2.834751
v 48.998917 -3.614578 -2.834751
v -40.001083 -2.614574 5.165248
v -38.001083 -2.614574 5.165248
v -37.001083 -2.614574 5.165248
v -33.001083 -2.614574 5.165248
v -32.001083 -2.614574 5.165248
v -30.001083 -2.614574 5.165248
v -5.001085 -2.614574 5.165248
v -3.001085 -2.614574 5.165248
v -2.001085 -2.614574 5.165248
v 1.998915 -2.614574 5.165248
v 2.998915 -2.614574 5.165248
v 4.998915 -2.614574 5.165248
v 29.998917 -2.614574 5.165248
v 31.998917 -2.614574 5.165248
v 32.998917 -2.614574 5.165248
v 36.998917 -2.614574 5.165248
v 37.998917 -2.614574 5.165248
v 39.998913 -2.614574 5.165248
v -40.001083 -2.614574 4.165248
v -38.001083 -2.614574 4.165248
v -37.001083 -2.614574 4.165248
v -33.001083 -2.614574 4.165248
v -32.001083 -2.614574 4.165248
v -30.001083 -2.614574 4.165248
v -5.001085 -2.614574 4.165248
v -3.001085 -2.614574 4.165248
v -2.001085 -2.614574 4.165248
v 1.998915 -2.614574 4.165248
v 2.998915 -2.614574 4.165248
v 4.998915 -2.614574 4.165248
v 29.998917 -2.614574 4.165248
v 31.998917 -2.614574 4.165248
v 32.998917 -2.614574 4.165248
v 36.998917 -2.614574 4.165248
v 37.998917 -2.614574 4.165248
v 39.998913 -2.614574 4.165248
v -22.001083 -2.614574 0.165248
v -18.001083 -2.614574 0.165248
v -17.001083 -2.614574 0.165248
v -13.001084 -2.614574 0.165248
v 12.998915 -2.614574 0.165248
v 16.998917 -2.614574 0.165248
v 17.998917 -2.614574 0.165248
v 21.998917 -2.614574 0.165248
v -22.001083 -2.614574 -2.834752
v -18.001083 -2.614574 -2.834752
v -17.001083 -2.614574 -2.834752
v -13.001084 -2.614574 -2.834752
v 12.998915 -2.614574 -2.834752
v 16.998917 -2.614574 -2.834752
v 17.998917 -2.614574 -2.834752
v 21.998917 -2.614574 -2.834752
v -40.001083 -0.614576 5.165248
v -38.001083 -0.614576 5.165248
v -37.001083 -0.614576 5.165248
v -33.001083 -0.614576 5.165248
v -32.001083 -0.614576 5.165248
v -30.001083 -0.614576 5.165248
v -5.001085 -0.614576 5.165248
v -3.001085 -0.614576 5.165248
v -2.001085 -0.614576 5.165248
v 1.998915 -0.614576 5.165248
v 2.998915 -0.614576 5.165248
v 4.998915 -0.614576 5.165248
v 29.998917 -0.614576 5.165248
v 31.998917 -0.614576 5.165248
v 32.998917 -0.614576 5.165248
v 36.998917 -0.614576 5.165248
v 37.998917 -0.614576 5.165248
v 39.998913 -0.614576 5.165248
v -40.001083 -0.614576 4.165248
v -38.001083 -0.614576 4.165248
v -37.001083 -0.614576 4.165248
v -33.001083 -0.614576 4.165248
v -32.001083 -0.614576 4.165248
v -30.001083 -0.614576 4.165248
v -5.001085 -0.614576 4.165248
v -3.001085 -0.614576 4.165248
v -2.001085 -0.614576 4.165248
v 1.998915 -0.614576 4.165248
v 2.998915 -0.614576 4.165248
v 4.998915 -0.614576 4.165248
v 29.998917 -0.614576 4.165248
v 31.998917 -0.614576 4.165248
v 32.998917 -0.614576 4.165248
v 36.998917 -0.614576 4.165248
v 37.998917 -0.614576 4.165248
v 39.998913 -0.614576 4.165248
v -49.001087 -0.614576 -1.834751
v -44.001087 -0.614576 -1.834751
v -43.001087 -0.614576 -1.834751
v -40.001083 -0.614576 -1.834751
v -30.001083 -0.614576 -1.834751
v -29.001085 -0.614576 -1.834751
v -28.001083 -0.614576 -1.834751
v -24.001085 -0.614576 -1.834751
v -12.001085 -0.614576 -1.834751
v -8.001085 -0.614576 -1.834751
v -7.001085 -0.614576 -1.834751
v -5.001085 -0.614576 -1.834751
v 4.998915 -0.614576 -1.834751
v 6.998915 -0.614576 -1.834751
v 7.998915 -0.614576 -1.834751
v 11.998916 -0.614576 -1.834751
v 23.998917 -0.614576 -1.834751
v 27.998917 -0.614576 -1.834751
v 28.998917 -0.614576 -1.834751
v 29.998917 -0.614576 -1.834751
v 39.998913 -0.614576 -1.834751
v 42.998917 -0.614576 -1.834751
v 43.998917 -0.614576 -1.834751
v 48.998917 -0.614576 -1.834751
v -49.001087 -0.614576 -2.834752
v -44.001087 -0.614576 -2.834752
v -43.001087 -0.614576 -2.834752
v -40.001083 -0.614576 -2.834752
v -30.001083 -0.614576 -2.834752
v -29.001085 -0.614576 -2.834752
v -28.001083 -0.614576 -2.834752
v -24.001085 -0.614576 -2.834752
v -12.001085 -0.614576 -2.834752
v -8.001085 -0.614576 -2.834752
v -7.001085 -0.614576 -2.834752
v -5.001085 -0.614576 -2.834752
v 4.998915 -0.614576 -2.834752
v 6.998915 -0.614576 -2.834752
v 7.998915 -0.614576 -2.834752
v 11.998916 -0.614576 -2.834752
v 23.998917 -0.614576 -2.834752
v 27.998917 -0.614576 -2.834752
v 28.998917 -0.614576 -2.834752
v 29.998917 -0.614576 -2.834752
v 39.998913 -0.614576 -2.834752
v 42.998917 -0.614576 -2.834752
v 43.998917 -0.614576 -2.834752
v 48.998917 -0.614576 -2.834752
v -22.001083 0.385428 0.165248
v -21.001083 0.385428 0.165248
v -14.001084 0.385428 0.165248
v -13.001084 0.385428 0.165248
v 12.998915 0.385428 0.165248
v 13.998915 0.385428 0.165248
v 20.998915 0.385428 0.165248
v 21.998917 0.385428 0.165248
v -22.001083 0.385428 -2.834752
v -21.001083 0.385428 -2.834752
v -14.001084 0.385428 -2.834752
v -13.001084 0.385428 -2.834752
v 12.998915 0.385428 -2.834752
v 13.998915 0.385428 -2.834752
v 20.998915 0.385428 -2.834752
v 21.998917 0.385428 -2.834752
v -22.001083 0.385428 -3.834751
v -21.001083 0.385428 -3.834751
v -14.001084 0.385428 -3.834751
v -13.001084 0.385428 -3.834751
v 12.998915 0.385428 -3.834751
v 13.998915 0.385428 -3.834751
v 20.998915 0.385428 -3.834751
v 21.998917 0.385428 -3.834751
v -21.001083 2.385426 0.165248
v -20.001083 2.385426 0.165248
v -15.001084 2.385426 0.165248
v -14.001084 2.385426 0.165248
v 13.998915 2.385426 0.165248
v 14.998916 2.385426 0.165248
v 19.998917 2.385426 0.165248
v 20.998915 2.385426 0.165248
v -49.001087 2.385426 -1.834752
v -46.001083 2.385426 -1.834752
v -45.001087 2.385426 -1.834752
v -42.001083 2.385426 -1.834752
v -41.001083 2.385426 -1.834752
v -40.001083 2.385426 -1.834752
v -30.001083 2.385426 -1.834752
v -26.001083 2.385426 -1.834752
v -25.001083 2.385426 -1.834752
v -22.001083 2.385426 -1.834752
v -13.001084 2.385426 -1.834752
v -12.001085 2.385426 -1.834752
v -11.001085 2.385426 -1.834752
v -5.001085 2.385426 -1.834752
v 4.998915 2.385426 -1.834752
v 10.998916 2.385426 -1.834752
v 11.998916 2.385426 -1.834752
v 12.998915 2.385426 -1.834752
v 21.998917 2.385426 -1.834752
v 24.998917 2.385426 -1.834752
v 25.998915 2.385426 -1.834752
v 29.998917 2.385426 -1.834752
v 39.998913 2.385426 -1.834752
v 40.998913 2.385426 -1.834752
v 41.998913 2.385426 -1.834752
v 44.998913 2.385426 -1.834752
v 45.998913 2.385426 -1.834752
v 48.998917 2.385426 -1.834752
v -49.001087 2.385426 -2.834752
v -46.001083 2.385426 -2.834752
v -45.001087 2.385426 -2.834752
v -42.001083 2.385426 -2.834752
v -41.001083 2.385426 -2.834752
v -40.001083 2.385426 -2.834752
v -30.001083 2.385426 -2.834752
v -26.001083 2.385426 -2.834752
v -25.001083 2.385426 -2.834752
v -22.001083 2.385426 -2.834752
v -21.001083 2.385426 -2.834752
v -20.001083 2.385426 -2.834752
v -15.001084 2.385426 -2.834752
v -14.001084 2.385426 -2.834752
v -13.001084 2.385426 -2.834752
v -12.001085 2.385426 -2.834752
v -11.001085 2.385426 -2.834752
v -5.001085 2.385426 -2.834752
v 4.998915 2.385426 -2.834752
v 10.998916 2.385426 -2.834752
v 11.998916 2.385426 -2.834752
v 12.998915 2.385426 -2.834752
v 13.998915 2.385426 -2.834752
v 14.998916 2.385426 -2.834752
v 19.998917 2.385426 -2.834752
v 20.998915 2.385426 -2.834752
v 21.998917 2.385426 -2.834752
v 24.998917 2.385426 -2.834752
v 25.998915 2.385426 -2.834752
v 29.998917 2.385426 -2.834752
v 39.998913 2.385426 -2.834752
v 40.998913 2.385426 -2.834752
v 41.998913 2.385426 -2.834752
v 44.998913 2.385426 -2.834752
v 45.998913 2.385426 -2.834752
v 48.998917 2.385426 -2.834752
v -21.001083 2.385426 -3.834752
v -20.001083 2.385426 -3.834752
v -15.001084 2.385426 -3.834752
v -14.001084 2.385426 -3.834752
v 13.998915 2.385426 -3.834752
v 14.998916 2.385426 -3.834752
v 19.998917 2.385426 -3.834752
v 20.998915 2.385426 -3.834752
v -20.001083 4.385424 0.165248
v -19.001083 4.385424 0.165248
v -16.001085 4.385424 0.165248
v -15.001084 4.385424 0.165248
v 14.998916 4.385424 0.165248
v 15.998916 4.385424 0.165248
v 18.998917 4.385424 0.165248
v 19.998917 4.385424 0.165248
v -20.001083 4.385424 -2.834752
v -19.001083 4.385424 -2.834752
v -16.001085 4.385424 -2.834752
v -15.001084 4.385424 -2.834752
v 14.998916 4.385424 -2.834752
v 15.998916 4.385424 -2.834752
v 18.998917 4.385424 -2.834752
v 19.998917 4.385424 -2.834752
v -20.001083 4.385424 -3.834752
v -19.001083 4.385424 -3.834752
v -16.001085 4.385424 -3.834752
v -15.001084 4.385424 -3.834752
v 14.998916 4.385424 -3.834752
v 15.998916 4.385424 -3.834752
v 18.998917 4.385424 -3.834752
v 19.998917 4.385424 -3.834752
v -40.001083 5.385428 5.165248
v -38.001083 5.385428 5.165248
v -37.001083 5.385428 5.165248
v -33.001083 5.385428 5.165248
v -32.001083 5.385428 5.165248
v -30.001083 5.385428 5.165248
v -5.001085 5.385428 5.165248
v -3.001085 5.385428 5.165248
v -2.001085 5.385428 5.165248
v 1.998915 5.385428 5.165248
v 2.998915 5.385428 5.165248
v 4.998915 5.385428 5.165248
v 29.998917 5.385428 5.165248
v 31.998917 5.385428 5.165248
v 32.998917 5.385428 5.165248
v 36.998917 5.385428 5.165248
v 37.998917 5.385428 5.165248
v 39.998913 5.385428 5.165248
v -40.001083 5.385428 4.165248
v -38.001083 5.385428 4.165248
v -37.001083 5.385428 4.165248
v -33.001083 5.385428 4.165248
v -32.001083 5.385428 4.165248
v -30.001083 5.385428 4.165248
v -5.001085 5.385428 4.165248
v -3.001085 5.385428 4.165248
v -2.001085 5.385428 4.165248
v 1.998915 5.385428 4.165248
v 2.998915 5.385428 4.165248
v 4.998915 5.385428 4.165248
v 29.998917 5.385428 4.165248
v 31.998917 5.385428 4.165248
v 32.998917 5.385428 4.165248
v 36.998917 5.385428 4.165248
v 37.998917 5.385428 4.165248
v 39.998913 5.385428 4.165248
v -49.001087 5.385428 -1.834752
v -47.001083 5.385428 -1.834752
v -46.001083 5.385428 -1.834752
v -43.001087 5.385428 -1.834752
v -42.001083 5.385428 -1.834752
v -40.001083 5.385428 -1.834752
v -30.001083 5.385428 -1.834752
v -27.001083 5.385428 -1.834752
v -26.001083 5.385428 -1.834752
v -20.001083 5.385428 -1.834752
v -15.001084 5.385428 -1.834752
v -9.001085 5.385428 -1.834752
v -8.001085 5.385428 -1.834752
v -5.001085 5.385428 -1.834752
v 4.998915 5.385428 -1.834752
v 7.998915 5.385428 -1.834752
v 8.998915 5.385428 -1.834752
v 14.998916 5.385428 -1.834752
v 19.998917 5.385428 -1.834752
v 25.998915 5.385428 -1.834752
v 26.998917 5.385428 -1.834752
v 29.998917 5.385428 -1.834752
v 39.998913 5.385428 -1.834752
v 41.998913 5.385428 -1.834752
v 42.998917 5.385428 -1.834752
v 45.998913 5.385428 -1.834752
v 46.998913 5.385428 -1.834752
v 48.998917 5.385428 -1.834752
v -49.001087 5.385427 -2.834752
v -47.001083 5.385427 -2.834752
v -46.001083 5.385427 -2.834752
v -43.001087 5.385427 -2.834752
v -42.001083 5.385427 -2.834752
v -40.001083 5.385427 -2.834752
v -30.001083 5.385427 -2.834752
v -27.001083 5.385427 -2.834752
v -26.001083 5.385427 -2.834752
v -20.001083 5.385427 -2.834752
v -15.001084 5.385427 -2.834752
v -9.001085 5.385427 -2.834752
v -8.001085 5.385427 -2.834752
v -5.001085 5.385427 -2.834752
v 4.998915 5.385427 -2.834752
v 7.998915 5.385427 -2.834752
v 8.998915 5.385427 -2.834752
v 14.998916 5.385427 -2.834752
v 19.998917 5.385427 -2.834752
v 25.998915 5.385427 -2.834752
v 26.998917 5.385427 -2.834752
v 29.998917 5.385427 -2.834752
v 39.998913 5.385427 -2.834752
v 41.998913 5.385427 -2.834752
v 42.998917 5.385427 -2.834752
v 45.998913 5.385427 -2.834752
v 46.998913 5.385427 -2.834752
v 48.998917 5.385427 -2.834752
v -19.001083 6.385422 0.165248
v -18.001083 6.385422 0.165248
v -17.001083 6.385422 0.165248
v -16.001085 6.385422 0.165248
v 15.998916 6.385422 0.165248
v 16.998917 6.385422 0.165248
v 17.998917 6.385422 0.165248
v 18.998917 6.385422 0.165248
v -19.001083 6.385422 -2.834752
v -18.001083 6.385422 -2.834752
v -17.001083 6.385422 -2.834752
v -16.001085 6.385422 -2.834752
v 15.998916 6.385422 -2.834752
v 16.998917 6.385422 -2.834752
v 17.998917 6.385422 -2.834752
v 18.998917 6.385422 -2.834752
v -19.001083 6.385422 -3.834752
v -18.001083 6.385422 -3.834752
v -17.001083 6.385422 -3.834752
v -16.001085 6.385422 -3.834752
v 15.998916 6.385422 -3.834752
v 16.998917 6.385422 -3.834752
v 17.998917 6.385422 -3.834752
v 18.998917 6.385422 -3.834752
v -40.001083 7.385426 5.165248
v -38.001083 7.385426 5.165248
v -37.001083 7.385426 5.165248
v -33.001083 7.385426 5.165248
v -32.001083 7.385426 5.165248
v -30.001083 7.385426 5.165248
v -5.001085 7.385426 5.165248
v -3.001085 7.385426 5.165248
v -2.001085 7.385426 5.165248
v 1.998915 7.385426 5.165248
v 2.998915 7.385426 5.165248
v 4.998915 7.385426 5.165248
v 29.998917 7.385426 5.165248
v 31.998917 7.385426 5.165248
v 32.998917 7.385426 5.165248
v 36.998917 7.385426 5.165248
v 37.998917 7.385426 5.165248
v 39.998913 7.385426 5.165248
v -40.001083 7.385426 4.165248
v -38.001083 7.385426 4.165248
v -37.001083 7.385426 4.165248
v -33.001083 7.385426 4.165248
v -32.001083 7.385426 4.165248
v -30.001083 7.385426 4.165248
v -5.001085 7.385426 4.165248
v -3.001085 7.385426 4.165248
v -2.001085 7.385426 4.165248
v 1.998915 7.385426 4.165248
v 2.998915 7.385426 4.165248
v 4.998915 7.385426 4.165248
v 29.998917 7.385426 4.165248
v 31.998917 7.385426 4.165248
v 32.998917 7.385426 4.165248
v 36.998917 7.385426 4.165248
v 37.998917 7.385426 4.165248
v 39.998913 7.385426 4.165248
v -18.001083 7.385426 -2.834752
v -17.001083 7.385426 -2.834752
v 16.998917 7.385426 -2.834752
v 17.998917 7.385426 -2.834752
v -18.001083 7.385426 -3.834752
v -17.001083 7.385426 -3.834752
v 16.998917 7.385426 -3.834752
v 17.998917 7.385426 -3.834752
v -49.001087 8.385420 -1.834752
v -45.001087 8.385420 -1.834752
v -44.001087 8.385420 -1.834752
v -40.001083 8.385420 -1.834752
v -30.001083 8.385420 -1.834752
v -24.001085 8.385420 -1.834752
v -23.001083 8.385420 -1.834752
v -18.001083 8.385420 -1.834752
v -17.001083 8.385420 -1.834752
v -12.001085 8.385420 -1.834752
v -11.001085 8.385420 -1.834752
v -5.001085 8.385420 -1.834752
v 4.998915 8.385420 -1.834752
v 10.998916 8.385420 -1.834752
v 11.998916 8.385420 -1.834752
v 16.998917 8.385420 -1.834752
v 17.998917 8.385420 -1.834752
v 22.998917 8.385420 -1.834752
v 23.998917 8.385420 -1.834752
v 29.998917 8.385420 -1.834752
v 39.998913 8.385420 -1.834752
v 43.998917 8.385420 -1.834752
v 44.998913 8.385420 -1.834752
v 48.998917 8.385420 -1.834752
v -49.001087 8.385420 -2.834752
v -45.001087 8.385420 -2.834752
v -44.001087 8.385420 -2.834752
v -40.001083 8.385420 -2.834752
v -30.001083 8.385420 -2.834752
v -24.001085 8.385420 -2.834752
v -23.001083 8.385420 -2.834752
v -18.001083 8.385420 -2.834752
v -17.001083 8.385420 -2.834752
v -12.001085 8.385420 -2.834752
v -11.001085 8.385420 -2.834752
v -5.001085 8.385420 -2.834752
v 4.998915 8.385420 -2.834752
v 10.998916 8.385420 -2.834752
v 11.998916 8.385420 -2.834752
v 16.998917 8.385420 -2.834752
v 17.998917 8.385420 -2.834752
v 22.998917 8.385420 -2.834752
v 23.998917 8.385420 -2.834752
v 29.998917 8.385420 -2.834752
v 39.998913 8.385420 -2.834752
v 43.998917 8.385420 -2.834752
v 44.998913 8.385420 -2.834752
v 48.998917 8.385420 -2.834752
v -40.001083 9.385424 5.165247
v -38.001083 9.385424 5.165247
v -37.001083 9.385424 5.165247
v -33.001083 9.385424 5.165247
v -32.001083 9.385424 5.165247
v -30.001083 9.385424 5.165247
v -5.001085 9.385424 5.165247
v -3.001085 9.385424 5.165247
v -2.001085 9.385424 5.165247
v 1.998915 9.385424 5.165247
v 2.998915 9.385424 5.165247
v 4.998915 9.385424 5.165247
v 29.998917 9.385424 5.165247
v 31.998917 9.385424 5.165247
v 32.998917 9.385424 5.165247
v 36.998917 9.385424 5.165247
v 37.998917 9.385424 5.165247
v 39.998913 9.385424 5.165247
v -40.001083 9.385424 4.165247
v -38.001083 9.385424 4.165247
v -37.001083 9.385424 4.165247
v -33.001083 9.385424 4.165247
v -32.001083 9.385424 4.165247
v -30.001083 9.385424 4.165247
v -5.001085 9.385424 4.165247
v -3.001085 9.385424 4.165247
v -2.001085 9.385424 4.165247
v 1.998915 9.385424 4.165247
v 2.998915 9.385424 4.165247
v 4.998915 9.385424 4.165247
v 29.998917 9.385424 4.165247
v 31.998917 9.385424 4.165247
v 32.998917 9.385424 4.165247
v 36.998917 9.385424 4.165247
v 37.998917 9.385424 4.165247
v 39.998913 9.385424 4.165247
v -49.001087 11.385422 -1.834752
v -47.001083 11.385422 -1.834752
v -46.001083 11.385422 -1.834752
v -43.001087 11.385422 -1.834752
v -42.001083 11.385422 -1.834752
v -40.001083 11.385422 -1.834752
v -30.001083 11.385422 -1.834752
v -27.001083 11.385422 -1.834752
v -26.001083 11.385422 -1.834752
v -21.001083 11.385422 -1.834752
v -20.001083 11.385422 -1.834752
v -14.001084 11.385422 -1.834752
v -13.001084 11.385422 -1.834752
v -8.001085 11.385422 -1.834752
v -7.001085 11.385422 -1.834752
v -5.001085 11.385422 -1.834752
v 4.998915 11.385422 -1.834752
v 6.998915 11.385422 -1.834752
v 7.998915 11.385422 -1.834752
v 12.998915 11.385422 -1.834752
v 13.998915 11.385422 -1.834752
v 19.998917 11.385422 -1.834752
v 20.998915 11.385422 -1.834752
v 25.998915 11.385422 -1.834752
v 26.998917 11.385422 -1.834752
v 29.998917 11.385422 -1.834752
v 39.998913 11.385422 -1.834752
v 41.998913 11.385422 -1.834752
v 42.998917 11.385422 -1.834752
v 45.998913 11.385422 -1.834752
v 46.998913 11.385422 -1.834752
v 48.998917 11.385422 -1.834752
v -49.001087 11.385422 -2.834753
v -47.001083 11.385422 -2.834753
v -46.001083 11.385422 -2.834753
v -43.001087 11.385422 -2.834753
v -42.001083 11.385422 -2.834753
v -40.001083 11.385422 -2.834753
v -30.001083 11.385422 -2.834753
v -27.001083 11.385422 -2.834753
v -26.001083 11.385422 -2.834753
v -21.001083 11.385422 -2.834753
v -20.001083 11.385422 -2.834753
v -14.001084 11.385422 -2.834753
v -13.001084 11.385422 -2.834753
v -8.001085 11.385422 -2.834753
v -7.001085 11.385422 -2.834753
v -5.001085 11.385422 -2.834753
v 4.998915 11.385422 -2.834753
v 6.998915 11.385422 -2.834753
v 7.998915 11.385422 -2.834753
v 12.998915 11.385422 -2.834753
v 13.998915 11.385422 -2.834753
v 19.998917 11.385422 -2.834753
v 20.998915 11.385422 -2.834753
v 25.998915 11.385422 -2.834753
v 26.998917 11.385422 -2.834753
v 29.998917 11.385422 -2.834753
v 39.998913 11.385422 -2.834753
v 41.998913 11.385422 -2.834753
v 42.998917 11.385422 -2.834753
v 45.998913 11.385422 -2.834753
v 46.998913 11.385422 -2.834753
v 48.998917 11.385422 -2.834753
v -41.001083 14.385424 6.165246
v -29.001085 14.385424 6.165246
v -6.001085 14.385424 6.165246
v 5.998915 14.385424 6.165246
v 28.998917 14.385424 6.165246
v 40.998913 14.385424 6.165246
v -40.001083 14.385424 5.165247
v -30.001083 14.385424 5.165247
v -5.001085 14.385424 5.165247
v 4.998915 14.385424 5.165247
v 29.998917 14.385424 5.165247
v 39.998913 14.385424 5.165247
v -49.001087 14.385424 -1.834753
v -46.001083 14.385424 -1.834753
v -45.001087 14.385424 -1.834753
v -42.001083 14.385424 -1.834753
v -41.001083 14.385424 -1.834753
v -29.001085 14.385424 -1.834753
v -24.001085 14.385424 -1.834753
v -23.001083 14.385424 -1.834753
v -20.001083 14.385424 -1.834753
v -19.001083 14.385424 -1.834753
v -12.001085 14.385424 -1.834753
v -11.001085 14.385424 -1.834753
v -6.001085 14.385424 -1.834753
v 5.998915 14.385424 -1.834753
v 10.998916 14.385424 -1.834753
v 11.998916 14.385424 -1.834753
v 18.998917 14.385424 -1.834753
v 19.998917 14.385424 -1.834753
v 22.998917 14.385424 -1.834753
v 23.998917 14.385424 -1.834753
v 28.998917 14.385424 -1.834753
v 40.998913 14.385424 -1.834753
v 41.998913 14.385424 -1.834753
v 44.998913 14.385424 -1.834753
v 45.998913 14.385424 -1.834753
v 48.998917 14.385424 -1.834753
v -49.001087 14.385424 -2.834753
v -46.001083 14.385424 -2.834753
v -45.001087 14.385424 -2.834753
v -42.001083 14.385424 -2.834753
v -41.001083 14.385424 -2.834753
v -40.001083 14.385424 -2.834753
v -30.001083 14.385424 -2.834753
v -29.001085 14.385424 -2.834753
v -24.001085 14.385424 -2.834753
v -23.001083 14.385424 -2.834753
v -20.001083 14.385424 -2.834753
v -19.001083 14.385424 -2.834753
v -12.001085 14.385424 -2.834753
v -11.001085 14.385424 -2.834753
v -6.001085 14.385424 -2.834753
v -5.001085 14.385424 -2.834753
v 4.998915 14.385424 -2.834753
v 5.998915 14.385424 -2.834753
v 10.998916 14.385424 -2.834753
v 11.998916 14.385424 -2.834753
v 18.998917 14.385424 -2.834753
v 19.998917 14.385424 -2.834753
v 22.998917 14.385424 -2.834753
v 23.998917 14.385424 -2.834753
v 28.998917 14.385424 -2.834753
v 29.998917 14.385424 -2.834753
v 39.998913 14.385424 -2.834753
v 40.998913 14.385424 -2.834753
v 41.998913 14.385424 -2.834753
v 44.998913 14.385424 -2.834753
v 45.998913 14.385424 -2.834753
v 48.998917 14.385424 -2.834753
v -42.001083 15.385427 7.165247
v -28.001083 15.385427 7.165247
v -7.001085 15.385427 7.165247
v 6.998915 15.385427 7.165247
v 27.998917 15.385427 7.165247
v 41.998913 15.385427 7.165247
v -41.001083 15.385427 6.165246
v -29.001085 15.385427 6.165246
v -6.001085 15.385427 6.165246
v 5.998915 15.385427 6.165246
v 28.998917 15.385427 6.165246
v 40.998913 15.385427 6.165246
v -42.001083 15.385427 -1.834753
v -41.001083 15.385427 -1.834753
v -29.001085 15.385427 -1.834753
v -28.001083 15.385427 -1.834753
v -7.001085 15.385427 -1.834753
v -6.001085 15.385427 -1.834753
v 5.998915 15.385427 -1.834753
v 6.998915 15.385427 -1.834753
v 27.998917 15.385427 -1.834753
v 28.998917 15.385427 -1.834753
v 40.998913 15.385427 -1.834753
v 41.998913 15.385427 -1.834753
v -43.001087 16.385422 8.165248
v -27.001083 16.385422 8.165248
v -8.001085 16.385422 8.165248
v 7.998915 16.385422 8.165248
v 26.998917 16.385422 8.165248
v 42.998917 16.385422 8.165248
v -42.001083 16.385422 7.165247
v -28.001083 16.385422 7.165247
v -7.001085 16.385422 7.165247
v 6.998915 16.385422 7.165247
v 27.998917 16.385422 7.165247
v 41.998913 16.385422 7.165247
v -43.001087 16.385422 -2.834753
v -42.001083 16.385422 -2.834753
v -28.001083 16.385422 -2.834753
v -27.001083 16.385422 -2.834753
v -8.001085 16.385422 -2.834753
v -7.001085 16.385422 -2.834753
v 6.998915 16.385422 -2.834753
v 7.998915 16.385422 -2.834753
v 26.998917 16.385422 -2.834753
v 27.998917 16.385422 -2.834753
v 41.998913 16.385422 -2.834753
v 42.998917 16.385422 -2.834753
v -44.001087 17.385426 9.165246
v -26.001083 17.385426 9.165246
v -9.001085 17.385426 9.165246
v 8.998915 17.385426 9.165246
v 25.998915 17.385426 9.165246
v 43.998917 17.385426 9.165246
v -43.001087 17.385426 8.165248
v -27.001083 17.385426 8.165248
v -8.001085 17.385426 8.165248
v 7.998915 17.385426 8.165248
v 26.998917 17.385426 8.165248
v 42.998917 17.385426 8.165248
v -49.001087 17.385426 -1.834753
v -45.001087 17.385426 -1.834753
v -44.001087 17.385426 -1.834753
v -26.001083 17.385426 -1.834753
v -24.001085 17.385426 -1.834753
v -23.001083 17.385426 -1.834753
v -18.001083 17.385426 -1.834753
v -17.001083 17.385426 -1.834753
v -14.001084 17.385426 -1.834753
v -13.001084 17.385426 -1.834753
v -9.001085 17.385426 -1.834753
v 8.998915 17.385426 -1.834753
v 12.998915 17.385426 -1.834753
v 13.998915 17.385426 -1.834753
v 16.998917 17.385426 -1.834753
v 17.998917 17.385426 -1.834753
v 22.998917 17.385426 -1.834753
v 23.998917 17.385426 -1.834753
v 25.998915 17.385426 -1.834753
v 43.998917 17.385426 -1.834753
v 44.998913 17.385426 -1.834753
v 48.998917 17.385426 -1.834753
v -49.001087 17.385426 -2.834753
v -45.001087 17.385426 -2.834753
v -44.001087 17.385426 -2.834753
v -43.001087 17.385426 -2.834753
v -27.001083 17.385426 -2.834753
v -26.001083 17.385426 -2.834753
v -24.001085 17.385426 -2.834753
v -23.001083 17.385426 -2.834753
v -18.001083 17.385426 -2.834753
v -17.001083 17.385426 -2.834753
v -14.001084 17.385426 -2.834753
v -13.001084 17.385426 -2.834753
v -9.001085 17.385426 -2.834753
v -8.001085 17.385426 -2.834753
v 7.998915 17.385426 -2.834753
v 8.998915 17.385426 -2.834753
v 12.998915 17.385426 -2.834753
v 13.998915 17.385426 -2.834753
v 16.998917 17.385426 -2.834753
v 17.998917 17.385426 -2.834753
v 22.998917 17.385426 -2.834753
v 23.998917 17.385426 -2.834753
v 25.998915 17.385426 -2.834753
v 26.998917 17.385426 -2.834753
v 42.998917 17.385426 -2.834753
v 43.998917 17.385426 -2.834753
v 44.998913 17.385426 -2.834753
v 48.998917 17.385426 -2.834753
v -45.001087 18.385420 10.165246
v -25.001083 18.385420 10.165246
v -10.001085 18.385420 10.165246
v 9.998916 18.385420 10.165246
v 24.998917 18.385420 10.165246
v 44.998913 18.385420 10.165246
v -44.001087 18.385420 9.165246
v -26.001083 18.385420 9.165246
v -9.001085 18.385420 9.165246
v 8.998915 18.385420 9.165246
v 25.998915 18.385420 9.165246
v 43.998917 18.385420 9.165246
v -45.001087 18.385420 -1.834753
v -44.001087 18.385420 -1.834753
v -26.001083 18.385420 -1.834753
v -25.001083 18.385420 -1.834753
v -10.001085 18.385420 -1.834753
v -9.001085 18.385420 -1.834753
v 8.998915 18.385420 -1.834753
v 9.998916 18.385420 -1.834753
v 24.998917 18.385420 -1.834753
v 25.998915 18.385420 -1.834753
v 43.998917 18.385420 -1.834753
v 44.998913 18.385420 -1.834753
v -46.001083 20.385427 10.165246
v -45.001087 20.385427 10.165246
v -25.001083 20.385427 10.165246
v -24.001085 20.385427 10.165246
v -11.001085 20.385427 10.165246
v -10.001085 20.385427 10.165246
v 9.998916 20.385427 10.165246
v 10.998916 20.385427 10.165246
v 23.998917 20.385427 10.165246
v 24.998917 20.385427 10.165246
v 44.998913 20.385427 10.165246
v 45.998913 20.385427 10.165246
v -49.001087 20.385427 -1.834753
v -47.001083 20.385427 -1.834753
v -46.001083 20.385427 -1.834753
v -24.001085 20.385427 -1.834753
v -21.001083 20.385427 -1.834753
v -20.001083 20.385427 -1.834753
v -16.001085 20.385427 -1.834753
v -15.001084 20.385427 -1.834753
v -12.001085 20.385427 -1.834753
v -11.001085 20.385427 -1.834753
v 10.998916 20.385427 -1.834753
v 11.998916 20.385427 -1.834753
v 14.998916 20.385427 -1.834753
v 15.998916 20.385427 -1.834753
v 19.998917 20.385427 -1.834753
v 20.998915 20.385427 -1.834753
v 23.998917 20.385427 -1.834753
v 45.998913 20.385427 -1.834753
v 46.998913 20.385427 -1.834753
v 48.998917 20.385427 -1.834753
v -49.001087 20.385427 -2.834753
v -47.001083 20.385427 -2.834753
v -46.001083 20.385427 -2.834753
v -45.001087 20.385427 -2.834753
v -25.001083 20.385427 -2.834753
v -24.001085 20.385427 -2.834753
v -21.001083 20.385427 -2.834753
v -20.001083 20.385427 -2.834753
v -16.001085 20.385427 -2.834753
v -15.001084 20.385427 -2.834753
v -12.001085 20.385427 -2.834753
v -11.001085 20.385427 -2.834753
v -10.001085 20.385427 -2.834753
v 9.998916 20.385427 -2.834753
v 10.998916 20.385427 -2.834753
v 11.998916 20.385427 -2.834753
v 14.998916 20.385427 -2.834753
v 15.998916 20.385427 -2.834753
v 19.998917 20.385427 -2.834753
v 20.998915 20.385427 -2.834753
v 23.998917 20.385427 -2.834753
v 24.998917 20.385427 -2.834753
v 44.998913 20.385427 -2.834753
v 45.998913 20.385427 -2.834753
v 46.998913 20.385427 -2.834753
v 48.998917 20.385427 -2.834753
v -45.001087 22.385426 10.165246
v -44.001087 22.385426 10.165246
v -42.001083 22.385426 10.165246
v -41.001083 22.385426 10.165246
v -40.001083 22.385426 10.165246
v -39.001083 22.385426 10.165246
v -37.001083 22.385426 10.165246
v -36.001083 22.385426 10.165246
v -34.001083 22.385426 10.165246
v -33.001083 22.385426 10.165246
v -31.001083 22.385426 10.165246
v -30.001083 22.385426 10.165246
v -29.001085 22.385426 10.165246
v -28.001083 22.385426 10.165246
v -26.001083 22.385426 10.165246
v -25.001083 22.385426 10.165246
v -10.001085 22.385426 10.165246
v -9.001085 22.385426 10.165246
v -7.001085 22.385426 10.165246
v -6.001085 22.385426 10.165246
v -5.001085 22.385426 10.165246
v -4.001085 22.385426 10.165246
v -2.001085 22.385426 10.165246
v -1.001084 22.385426 10.165246
v 0.998915 22.385426 10.165246
v 1.998915 22.385426 10.165246
v 3.998915 22.385426 10.165246
v 4.998915 22.385426 10.165246
v 5.998915 22.385426 10.165246
v 6.998915 22.385426 10.165246
v 8.998915 22.385426 10.165246
v 9.998916 22.385426 10.165246
v 24.998917 22.385426 10.165246
v 25.998915 22.385426 10.165246
v 27.998917 22.385426 10.165246
v 28.998917 22.385426 10.165246
v 29.998917 22.385426 10.165246
v 30.998915 22.385426 10.165246
v 32.998917 22.385426 10.165246
v 33.998917 22.385426 10.165246
v 35.998917 22.385426 10.165246
v 36.998917 22.385426 10.165246
v 38.998917 22.385426 10.165246
v 39.998913 22.385426 10.165246
v 40.998913 22.385426 10.165246
v 41.998913 22.385426 10.165246
v 43.998917 22.385426 10.165246
v 44.998913 22.385426 10.165246
v -45.001087 22.385426 1.165246
v -44.001087 22.385426 1.165246
v -42.001083 22.385426 1.165246
v -41.001083 22.385426 1.165246
v -40.001083 22.385426 1.165246
v -39.001083 22.385426 1.165246
v -37.001083 22.385426 1.165246
v -36.001083 22.385426 1.165246
v -34.001083 22.385426 1.165246
v -33.001083 22.385426 1.165246
v -31.001083 22.385426 1.165246
v -30.001083 22.385426 1.165246
v -29.001085 22.385426 1.165246
v -28.001083 22.385426 1.165246
v -26.001083 22.385426 1.165246
v -25.001083 22.385426 1.165246
v -10.001085 22.385426 1.165246
v -9.001085 22.385426 1.165246
v -7.001085 22.385426 1.165246
v -6.001085 22.385426 1.165246
v -5.001085 22.385426 1.165246
v -4.001085 22.385426 1.165246
v -2.001085 22.385426 1.165246
v -1.001084 22.385426 1.165246
v 0.998915 22.385426 1.165246
v 1.998915 22.385426 1.165246
v 3.998915 22.385426 1.165246
v 4.998915 22.385426 1.165246
v 5.998915 22.385426 1.165246
v 6.998915 22.385426 1.165246
v 8.998915 22.385426 1.165246
v 9.998916 22.385426 1.165246
v 24.998917 22.385426 1.165246
v 25.998915 22.385426 1.165246
v 27.998917 22.385426 1.165246
v 28.998917 22.385426 1.165246
v 29.998917 22.385426 1.165246
v 30.998915 22.385426 1.165246
v 32.998917 22.385426 1.165246
v 33.998917 22.385426 1.165246
v 35.998917 22.385426 1.165246
v 36.998917 22.385426 1.165246
v 38.998917 22.385426 1.165246
v 39.998913 22.385426 1.165246
v 40.998913 22.385426 1.165246
v 41.998913 22.385426 1.165246
v 43.998917 22.385426 1.165246
v 44.998913 22.385426 1.165246
v -47.001083 23.385420 10.165246
v -45.001087 23.385420 10.165246
v -44.001087 23.385420 10.165246
v -42.001083 23.385420 10.165246
v -39.001083 23.385420 10.165246
v -37.001083 23.385420 10.165246
v -33.001083 23.385420 10.165246
v -31.001083 23.385420 10.165246
v -28.001083 23.385420 10.165246
v -26.001083 23.385420 10.165246
v -25.001083 23.385420 10.165246
v -23.001083 23.385420 10.165246
v -12.001085 23.385420 10.165246
v -10.001085 23.385420 10.165246
v -9.001085 23.385420 10.165246
v -7.001085 23.385420 10.165246
v -4.001085 23.385420 10.165246
v -2.001085 23.385420 10.165246
v 1.998915 23.385420 10.165246
v 3.998915 23.385420 10.165246
v 6.998915 23.385420 10.165246
v 8.998915 23.385420 10.165246
v 9.998916 23.385420 10.165246
v 11.998916 23.385420 10.165246
v 22.998917 23.385420 10.165246
v 24.998917 23.385420 10.165246
v 25.998915 23.385420 10.165246
v 27.998917 23.385420 10.165246
v 30.998915 23.385420 10.165246
v 32.998917 23.385420 10.165246
v 36.998917 23.385420 10.165246
v 38.998917 23.385420 10.165246
v 41.998913 23.385420 10.165246
v 43.998917 23.385420 10.165246
v 44.998913 23.385420 10.165246
v 46.998913 23.385420 10.165246
v -44.001087 23.385420 1.165246
v -42.001083 23.385420 1.165246
v -39.001083 23.385420 1.165246
v -37.001083 23.385420 1.165246
v -33.001083 23.385420 1.165246
v -31.001083 23.385420 1.165246
v -28.001083 23.385420 1.165246
v -26.001083 23.385420 1.165246
v -9.001085 23.385420 1.165246
v -7.001085 23.385420 1.165246
v -4.001085 23.385420 1.165246
v -2.001085 23.385420 1.165246
v 1.998915 23.385420 1.165246
v 3.998915 23.385420 1.165246
v 6.998915 23.385420 1.165246
v 8.998915 23.385420 1.165246
v 25.998915 23.385420 1.165246
v 27.998917 23.385420 1.165246
v 30.998915 23.385420 1.165246
v 32.998917 23.385420 1.165246
v 36.998917 23.385420 1.165246
v 38.998917 23.385420 1.165246
v 41.998913 23.385420 1.165246
v 43.998917 23.385420 1.165246
v -49.001087 23.385420 -1.834753
v -47.001083 23.385420 -1.834753
v -23.001083 23.385420 -1.834753
v -22.001083 23.385420 -1.834753
v -21.001083 23.385420 -1.834753
v -18.001083 23.385420 -1.834753
v -17.001083 23.385420 -1.834753
v -14.001084 23.385420 -1.834753
v -13.001084 23.385420 -1.834753
v -12.001085 23.385420 -1.834753
v 11.998916 23.385420 -1.834753
v 12.998915 23.385420 -1.834753
v 13.998915 23.385420 -1.834753
v 16.998917 23.385420 -1.834753
v 17.998917 23.385420 -1.834753
v 20.998915 23.385420 -1.834753
v 21.998917 23.385420 -1.834753
v 22.998917 23.385420 -1.834753
v 46.998913 23.385420 -1.834753
v 48.998917 23.385420 -1.834753
v -49.001087 23.385420 -2.834754
v -47.001083 23.385420 -2.834754
v -45.001087 23.385420 -2.834754
v -25.001083 23.385420 -2.834754
v -23.001083 23.385420 -2.834754
v -22.001083 23.385420 -2.834754
v -21.001083 23.385420 -2.834754
v -18.001083 23.385420 -2.834754
v -17.001083 23.385420 -2.834754
v -14.001084 23.385420 -2.834754
v -13.001084 23.385420 -2.834754
v -12.001085 23.385420 -2.834754
v -10.001085 23.385420 -2.834754
v 9.998916 23.385420 -2.834754
v 11.998916 23.385420 -2.834754
v 12.998915 23.385420 -2.834754
v 13.998915 23.385420 -2.834754
v 16.998917 23.385420 -2.834754
v 17.998917 23.385420 -2.834754
v 20.998915 23.385420 -2.834754
v 21.998917 23.385420 -2.834754
v 22.998917 23.385420 -2.834754
v 24.998917 23.385420 -2.834754
v 44.998913 23.385420 -2.834754
v 46.998913 23.385420 -2.834754
v 48.998917 23.385420 -2.834754
v -48.001087 24.385424 10.165246
v -47.001083 24.385424 10.165246
v -23.001083 24.385424 10.165246
v -22.001083 24.385424 10.165246
v -13.001084 24.385424 10.165246
v -12.001085 24.385424 10.165246
v 11.998916 24.385424 10.165246
v 12.998915 24.385424 10.165246
v 21.998917 24.385424 10.165246
v 22.998917 24.385424 10.165246
v 46.998913 24.385424 10.165246
v 47.998917 24.385424 10.165246
v -48.001087 24.385424 -1.834753
v -47.001083 24.385424 -1.834753
v -23.001083 24.385424 -1.834753
v -22.001083 24.385424 -1.834753
v -13.001084 24.385424 -1.834753
v -12.001085 24.385424 -1.834753
v 11.998916 24.385424 -1.834753
v 12.998915 24.385424 -1.834753
v 21.998917 24.385424 -1.834753
v 22.998917 24.385424 -1.834753
v 46.998913 24.385424 -1.834753
v 47.998917 24.385424 -1.834753
v -49.001087 25.385427 10.165246
v -48.001087 25.385427 10.165246
v -22.001083 25.385427 10.165246
v -13.001084 25.385427 10.165246
v 12.998915 25.385427 10.165246
v 21.998917 25.385427 10.165246
v 47.998917 25.385427 10.165246
v 48.998917 25.385427 10.165246
v -49.001087 25.385427 -1.834754
v -22.001083 25.385427 -1.834754
v -21.001083 25.385427 -1.834754
v -18.001083 25.385427 -1.834754
v -17.001083 25.385427 -1.834754
v 16.998917 25.385427 -1.834754
v 17.998917 25.385427 -1.834754
v 20.998915 25.385427 -1.834754
v 21.998917 25.385427 -1.834754
v 48.998917 25.385427 -1.834754
v -49.001087 25.385427 -2.834754
v -48.001087 25.385427 -2.834754
v -21.001083 25.385427 -2.834754
v -18.001083 25.385427 -2.834754
v -17.001083 25.385427 -2.834754
v -13.001084 25.385427 -2.834754
v 12.998915 25.385427 -2.834754
v 16.998917 25.385427 -2.834754
v 17.998917 25.385427 -2.834754
v 20.998915 25.385427 -2.834754
v 47.998917 25.385427 -2.834754
v 48.998917 25.385427 -2.834754
v -50.001087 26.385422 10.165246
v -49.001087 26.385422 10.165246
v 48.998917 26.385422 10.165246
v 49.998913 26.385422 10.165246
v -50.001087 26.385422 -1.834754
v -49.001087 26.385422 -1.834754
v 48.998917 26.385422 -1.834754
v 49.998913 26.385422 -1.834754
v -49.001087 -29.614573 -1.834749
v -46.001083 -29.614573 -1.834749
v -45.001087 -29.614573 -1.834749
v -42.001083 -29.614573 -1.834749
v -41.001083 -29.614573 -1.834749
v -40.001083 -29.614573 -1.834749
v -30.001083 -29.614573 -1.834749
v -27.001083 -29.614573 -1.834749
v -26.001083 -29.614573 -1.834749
v -22.001083 -29.614573 -1.834749
v -21.001083 -29.614573 -1.834749
v -16.001085 -29.614573 -1.834749
v -15.001084 -29.614573 -1.834749
v -12.001085 -29.614573 -1.834749
v -11.001085 -29.614573 -1.834749
v -8.001085 -29.614573 -1.834749
v -7.001085 -29.614573 -1.834749
v -5.001085 -29.614573 -1.834749
v 4.998915 -29.614573 -1.834749
v 6.998915 -29.614573 -1.834749
v 7.998915 -29.614573 -1.834749
v 10.998916 -29.614573 -1.834749
v 11.998916 -29.614573 -1.834749
v 14.998916 -29.614573 -1.834749
v 15.998916 -29.614573 -1.834749
v 20.998915 -29.614573 -1.834749
v 21.998917 -29.614573 -1.834749
v 25.998915 -29.614573 -1.834749
v 26.998917 -29.614573 -1.834749
v 29.998917 -29.614573 -1.834749
v 39.998913 -29.614573 -1.834749
v 43.998917 -29.614573 -1.834749
v 44.998913 -29.614573 -1.834749
v 49.998913 -29.614573 -1.834749
v -49.001087 -29.614573 -2.834749
v -46.001083 -29.614573 -2.834749
v -45.001087 -29.614573 -2.834749
v -42.001083 -29.614573 -2.834749
v -41.001083 -29.614573 -2.834749
v -40.001083 -29.614573 -2.834749
v -30.001083 -29.614573 -2.834749
v -27.001083 -29.614573 -2.834749
v -26.001083 -29.614573 -2.834749
v -22.001083 -29.614573 -2.834749
v -21.001083 -29.614573 -2.834749
v -16.001085 -29.614573 -2.834749
v -15.001084 -29.614573 -2.834749
v -12.001085 -29.614573 -2.834749
v -11.001085 -29.614573 -2.834749
v -8.001085 -29.614573 -2.834749
v -7.001085 -29.614573 -2.834749
v -5.001085 -29.614573 -2.834749
v 4.998915 -29.614573 -2.834749
v 6.998915 -29.614573 -2.834749
v 7.998915 -29.614573 -2.834749
v 10.998916 -29.614573 -2.834749
v 11.998916 -29.614573 -2.834749
v 14.998916 -29.614573 -2.834749
v 15.998916 -29.614573 -2.834749
v 20.998915 -29.614573 -2.834749
v 21.998917 -29.614573 -2.834749
v 25.998915 -29.614573 -2.834749
v 26.998917 -29.614573 -2.834749
v 29.998917 -29.614573 -2.834749
v 39.998913 -29.614573 -2.834749
v 43.998917 -29.614573 -2.834749
v 44.998913 -29.614573 -2.834749
v 49.998913 -29.614573 -2.834749
v -49.001087 -26.614580 -1.834749
v -43.001087 -26.614580 -1.834749
v -42.001083 -26.614580 -1.834749
v -40.001083 -26.614580 -1.834749
v -30.001083 -26.614580 -1.834749
v -29.001085 -26.614580 -1.834749
v -28.001083 -26.614580 -1.834749
v -24.001085 -26.614580 -1.834749
v -23.001083 -26.614580 -1.834749
v -19.001083 -26.614580 -1.834749
v -18.001083 -26.614580 -1.834749
v -13.001084 -26.614580 -1.834749
v -12.001085 -26.614580 -1.834749
v -7.001085 -26.614580 -1.834749
v -6.001085 -26.614580 -1.834749
v -5.001085 -26.614580 -1.834749
v 4.998915 -26.614580 -1.834749
v 5.998915 -26.614580 -1.834749
v 6.998915 -26.614580 -1.834749
v 11.998916 -26.614580 -1.834749
v 12.998915 -26.614580 -1.834749
v 17.998917 -26.614580 -1.834749
v 18.998917 -26.614580 -1.834749
v 22.998917 -26.614580 -1.834749
v 23.998917 -26.614580 -1.834749
v 27.998917 -26.614580 -1.834749
v 28.998917 -26.614580 -1.834749
v 29.998917 -26.614580 -1.834749
v 39.998913 -26.614580 -1.834749
v 41.998913 -26.614580 -1.834749
v 42.998917 -26.614580 -1.834749
v 48.998917 -26.614580 -1.834749
v -49.001087 -26.614580 -2.834750
v -43.001087 -26.614580 -2.834750
v -42.001083 -26.614580 -2.834750
v -40.001083 -26.614580 -2.834750
v -30.001083 -26.614580 -2.834750
v -29.001085 -26.614580 -2.834750
v -28.001083 -26.614580 -2.834750
v -24.001085 -26.614580 -2.834750
v -23.001083 -26.614580 -2.834750
v -19.001083 -26.614580 -2.834750
v -18.001083 -26.614580 -2.834750
v -13.001084 -26.614580 -2.834750
v -12.001085 -26.614580 -2.834750
v -7.001085 -26.614580 -2.834750
v -6.001085 -26.614580 -2.834750
v -5.001085 -26.614580 -2.834750
v 4.998915 -26.614580 -2.834750
v 5.998915 -26.614580 -2.834750
v 6.998915 -26.614580 -2.834750
v 11.998916 -26.614580 -2.834750
v 12.998915 -26.614580 -2.834750
v 17.998917 -26.614580 -2.834750
v 18.998917 -26.614580 -2.834750
v 22.998917 -26.614580 -2.834750
v 23.998917 -26.614580 -2.834750
v 27.998917 -26.614580 -2.834750
v 28.998917 -26.614580 -2.834750
v 29.998917 -26.614580 -2.834750
v 39.998913 -26.614580 -2.834750
v 41.998913 -26.614580 -2.834750
v 42.998917 -26.614580 -2.834750
v 48.998917 -26.614580 -2.834750
v -40.001083 -25.614576 5.165250
v -38.001083 -25.614576 5.165250
v -37.001083 -25.614576 5.165250
v -33.001083 -25.614576 5.165250
v -32.001083 -25.614576 5.165250
v -30.001083 -25.614576 5.165250
v -5.001085 -25.614576 5.165250
v -3.001085 -25.614576 5.165250
v -2.001085 -25.614576 5.165250
v 1.998915 -25.614576 5.165250
v 2.998915 -25.614576 5.165250
v 4.998915 -25.614576 5.165250
v 29.998917 -25.614576 5.165250
v 31.998917 -25.614576 5.165250
v 32.998917 -25.614576 5.165250
v 36.998917 -25.614576 5.165250
v 37.998917 -25.614576 5.165250
v 39.998913 -25.614576 5.165250
v -40.001083 -25.614576 4.165250
v -38.001083 -25.614576 4.165250
v -37.001083 -25.614576 4.165250
v -33.001083 -25.614576 4.165250
v -32.001083 -25.614576 4.165250
v -30.001083 -25.614576 4.165250
v -5.001085 -25.614576 4.165250
v -3.001085 -25.614576 4.165250
v -2.001085 -25.614576 4.165250
v 1.998915 -25.614576 4.165250
v 2.998915 -25.614576 4.165250
v 4.998915 -25.614576 4.165250
v 29.998917 -25.614576 4.165250
v 31.998917 -25.614576 4.165250
v 32.998917 -25.614576 4.165250
v 36.998917 -25.614576 4.165250
v 37.998917 -25.614576 4.165250
v 39.998913 -25.614576 4.165250
v -40.001083 -23.614578 5.165250
v -38.001083 -23.614578 5.165250
v -37.001083 -23.614578 5.165250
v -33.001083 -23.614578 5.165250
v -32.001083 -23.614578 5.165250
v -30.001083 -23.614578 5.165250
v -5.001085 -23.614578 5.165250
v -3.001085 -23.614578 5.165250
v -2.001085 -23.614578 5.165250
v 1.998915 -23.614578 5.165250
v 2.998915 -23.614578 5.165250
v 4.998915 -23.614578 5.165250
v 29.998917 -23.614578 5.165250
v 31.998917 -23.614578 5.165250
v 32.998917 -23.614578 5.165250
v 36.998917 -23.614578 5.165250
v 37.998917 -23.614578 5.165250
v 39.998913 -23.614578 5.165250
v -40.001083 -23.614578 4.165250
v -38.001083 -23.614578 4.165250
v -37.001083 -23.614578 4.165250
v -33.001083 -23.614578 4.165250
v -32.001083 -23.614578 4.165250
v -30.001083 -23.614578 4.165250
v -5.001085 -23.614578 4.165250
v -3.001085 -23.614578 4.165250
v -2.001085 -23.614578 4.165250
v 1.998915 -23.614578 4.165250
v 2.998915 -23.614578 4.165250
v 4.998915 -23.614578 4.165250
v 29.998917 -23.614578 4.165250
v 31.998917 -23.614578 4.165250
v 32.998917 -23.614578 4.165250
v 36.998917 -23.614578 4.165250
v 37.998917 -23.614578 4.165250
v 39.998913 -23.614578 4.165250
v -49.001087 -23.614578 -1.834750
v -46.001083 -23.614578 -1.834750
v -45.001087 -23.614578 -1.834750
v -40.001083 -23.614578 -1.834750
v -30.001083 -23.614578 -1.834750
v -27.001083 -23.614578 -1.834750
v -26.001083 -23.614578 -1.834750
v -22.001083 -23.614578 -1.834750
v -21.001083 -23.614578 -1.834750
v -18.001083 -23.614578 -1.834750
v -17.001083 -23.614578 -1.834750
v -12.001085 -23.614578 -1.834750
v -11.001085 -23.614578 -1.834750
v -9.001085 -23.614578 -1.834750
v -8.001085 -23.614578 -1.834750
v -5.001085 -23.614578 -1.834750
v 4.998915 -23.614578 -1.834750
v 7.998915 -23.614578 -1.834750
v 8.998915 -23.614578 -1.834750
v 10.998916 -23.614578 -1.834750
v 11.998916 -23.614578 -1.834750
v 16.998917 -23.614578 -1.834750
v 17.998917 -23.614578 -1.834750
v 20.998915 -23.614578 -1.834750
v 21.998917 -23.614578 -1.834750
v 25.998915 -23.614578 -1.834750
v 26.998917 -23.614578 -1.834750
v 29.998917 -23.614578 -1.834750
v 39.998913 -23.614578 -1.834750
v 44.998913 -23.614578 -1.834750
v 45.998913 -23.614578 -1.834750
v 48.998917 -23.614578 -1.834750
v -49.001087 -23.614578 -2.834750
v -46.001083 -23.614578 -2.834750
v -45.001087 -23.614578 -2.834750
v -40.001083 -23.614578 -2.834750
v -30.001083 -23.614578 -2.834750
v -27.001083 -23.614578 -2.834750
v -26.001083 -23.614578 -2.834750
v -22.001083 -23.614578 -2.834750
v -21.001083 -23.614578 -2.834750
v -18.001083 -23.614578 -2.834750
v -17.001083 -23.614578 -2.834750
v -12.001085 -23.614578 -2.834750
v -11.001085 -23.614578 -2.834750
v -9.001085 -23.614578 -2.834750
v -8.001085 -23.614578 -2.834750
v -5.001085 -23.614578 -2.834750
v 4.998915 -23.614578 -2.834750
v 7.998915 -23.614578 -2.834750
v 8.998915 -23.614578 -2.834750
v 10.998916 -23.614578 -2.834750
v 11.998916 -23.614578 -2.834750
v 16.998917 -23.614578 -2.834750
v 17.998917 -23.614578 -2.834750
v 20.998915 -23.614578 -2.834750
v 21.998917 -23.614578 -2.834750
v 25.998915 -23.614578 -2.834750
v 26.998917 -23.614578 -2.834750
v 29.998917 -23.614578 -2.834750
v 39.998913 -23.614578 -2.834750
v 44.998913 -23.614578 -2.834750
v 45.998913 -23.614578 -2.834750
v 48.998917 -23.614578 -2.834750
v -40.001083 -21.614580 5.165250
v -38.001083 -21.614580 5.165250
v -37.001083 -21.614580 5.165250
v -33.001083 -21.614580 5.165250
v -32.001083 -21.614580 5.165250
v -30.001083 -21.614580 5.165250
v -5.001085 -21.614580 5.165250
v -3.001085 -21.614580 5.165250
v -2.001085 -21.614580 5.165250
v 1.998915 -21.614580 5.165250
v 2.998915 -21.614580 5.165250
v 4.998915 -21.614580 5.165250
v 29.998917 -21.614580 5.165250
v 31.998917 -21.614580 5.165250
v 32.998917 -21.614580 5.165250
v 36.998917 -21.614580 5.165250
v 37.998917 -21.614580 5.165250
v 39.998913 -21.614580 5.165250
v -40.001083 -21.614580 4.165250
v -38.001083 -21.614580 4.165250
v -37.001083 -21.614580 4.165250
v -33.001083 -21.614580 4.165250
v -32.001083 -21.614580 4.165250
v -30.001083 -21.614580 4.165250
v -5.001085 -21.614580 4.165250
v -3.001085 -21.614580 4.165250
v -2.001085 -21.614580 4.165250
v 1.998915 -21.614580 4.165250
v 2.998915 -21.614580 4.165250
v 4.998915 -21.614580 4.165250
v 29.998917 -21.614580 4.165250
v 31.998917 -21.614580 4.165250
v 32.998917 -21.614580 4.165250
v 36.998917 -21.614580 4.165250
v 37.998917 -21.614580 4.165250
v 39.998913 -21.614580 4.165250
v -49.001087 -20.614576 -1.834750
v -44.001087 -20.614576 -1.834750
v -43.001087 -20.614576 -1.834750
v -40.001083 -20.614576 -1.834750
v -30.001083 -20.614576 -1.834750
v -29.001085 -20.614576 -1.834750
v -28.001083 -20.614576 -1.834750
v -24.001085 -20.614576 -1.834750
v -23.001083 -20.614576 -1.834750
v -19.001083 -20.614576 -1.834750
v -18.001083 -20.614576 -1.834750
v -14.001084 -20.614576 -1.834750
v -13.001084 -20.614576 -1.834750
v -8.001085 -20.614576 -1.834750
v -7.001085 -20.614576 -1.834750
v -5.001085 -20.614576 -1.834750
v 4.998915 -20.614576 -1.834750
v 6.998915 -20.614576 -1.834750
v 7.998915 -20.614576 -1.834750
v 12.998915 -20.614576 -1.834750
v 13.998915 -20.614576 -1.834750
v 17.998917 -20.614576 -1.834750
v 18.998917 -20.614576 -1.834750
v 22.998917 -20.614576 -1.834750
v 23.998917 -20.614576 -1.834750
v 27.998917 -20.614576 -1.834750
v 28.998917 -20.614576 -1.834750
v 29.998917 -20.614576 -1.834750
v 39.998913 -20.614576 -1.834750
v 42.998917 -20.614576 -1.834750
v 43.998917 -20.614576 -1.834750
v 48.998917 -20.614576 -1.834750
v -49.001087 -20.614576 -2.834750
v -44.001087 -20.614576 -2.834750
v -43.001087 -20.614576 -2.834750
v -40.001083 -20.614576 -2.834750
v -30.001083 -20.614576 -2.834750
v -29.001085 -20.614576 -2.834750
v -28.001083 -20.614576 -2.834750
v -24.001085 -20.614576 -2.834750
v -23.001083 -20.614576 -2.834750
v -19.001083 -20.614576 -2.834750
v -18.001083 -20.614576 -2.834750
v -14.001084 -20.614576 -2.834750
v -13.001084 -20.614576 -2.834750
v -8.001085 -20.614576 -2.834750
v -7.001085 -20.614576 -2.834750
v -5.001085 -20.614576 -2.834750
v 4.998915 -20.614576 -2.834750
v 6.998915 -20.614576 -2.834750
v 7.998915 -20.614576 -2.834750
v 12.998915 -20.614576 -2.834750
v 13.998915 -20.614576 -2.834750
v 17.998917 -20.614576 -2.834750
v 18.998917 -20.614576 -2.834750
v 22.998917 -20.614576 -2.834750
v 23.998917 -20.614576 -2.834750
v 27.998917 -20.614576 -2.834750
v 28.998917 -20.614576 -2.834750
v 29.998917 -20.614576 -2.834750
v 39.998913 -20.614576 -2.834750
v 42.998917 -20.614576 -2.834750
v 43.998917 -20.614576 -2.834750
v 48.998917 -20.614576 -2.834750
v -49.001087 -17.614574 -1.834750
v -47.001083 -17.614574 -1.834750
v -46.001083 -17.614574 -1.834750
v -42.001083 -17.614574 -1.834750
v -41.001083 -17.614574 -1.834750
v -40.001083 -17.614574 -1.834750
v -30.001083 -17.614574 -1.834750
v -27.001083 -17.614574 -1.834750
v -26.001083 -17.614574 -1.834750
v -22.001083 -17.614574 -1.834750
v -14.001084 -17.614574 -1.834750
v -12.001085 -17.614574 -1.834750
v -11.001085 -17.614574 -1.834750
v -5.001085 -17.614574 -1.834750
v 4.998915 -17.614574 -1.834750
v 10.998916 -17.614574 -1.834750
v 11.998916 -17.614574 -1.834750
v 13.998915 -17.614574 -1.834750
v 20.998915 -17.614574 -1.834750
v 25.998915 -17.614574 -1.834750
v 26.998917 -17.614574 -1.834750
v 29.998917 -17.614574 -1.834750
v 39.998913 -17.614574 -1.834750
v 40.998913 -17.614574 -1.834750
v 41.998913 -17.614574 -1.834750
v 45.998913 -17.614574 -1.834750
v 46.998913 -17.614574 -1.834750
v 48.998917 -17.614574 -1.834750
v -49.001087 -17.614574 -2.834750
v -47.001083 -17.614574 -2.834750
v -46.001083 -17.614574 -2.834750
v -42.001083 -17.614574 -2.834750
v -41.001083 -17.614574 -2.834750
v -40.001083 -17.614574 -2.834750
v -30.001083 -17.614574 -2.834750
v -27.001083 -17.614574 -2.834750
v -26.001083 -17.614574 -2.834750
v -22.001083 -17.614574 -2.834750
v -14.001084 -17.614574 -2.834750
v -12.001085 -17.614574 -2.834750
v -11.001085 -17.614574 -2.834750
v -5.001085 -17.614574 -2.834750
v 4.998915 -17.614574 -2.834750
v 10.998916 -17.614574 -2.834750
v 11.998916 -17.614574 -2.834750
v 13.998915 -17.614574 -2.834750
v 20.998915 -17.614574 -2.834750
v 25.998915 -17.614574 -2.834750
v 26.998917 -17.614574 -2.834750
v 29.998917 -17.614574 -2.834750
v 39.998913 -17.614574 -2.834750
v 40.998913 -17.614574 -2.834750
v 41.998913 -17.614574 -2.834750
v 45.998913 -17.614574 -2.834750
v 46.998913 -17.614574 -2.834750
v 48.998917 -17.614574 -2.834750
v -21.001083 -16.614580 0.165250
v -18.001083 -16.614580 0.165250
v -17.001083 -16.614580 0.165250
v -14.001084 -16.614580 0.165250
v 13.998915 -16.614580 0.165250
v 16.998917 -16.614580 0.165250
v 17.998917 -16.614580 0.165250
v 20.998915 -16.614580 0.165250
v -21.001083 -16.614580 -2.834750
v -18.001083 -16.614580 -2.834750
v -17.001083 -16.614580 -2.834750
v -14.001084 -16.614580 -2.834750
v 13.998915 -16.614580 -2.834750
v 16.998917 -16.614580 -2.834750
v 17.998917 -16.614580 -2.834750
v 20.998915 -16.614580 -2.834750
v -21.001083 -16.614580 -3.834750
v -14.001084 -16.614580 -3.834750
v 13.998915 -16.614580 -3.834750
v 20.998915 -16.614580 -3.834750
v -40.001083 -15.614576 5.165249
v -38.001083 -15.614576 5.165249
v -37.001083 -15.614576 5.165249
v -33.001083 -15.614576 5.165249
v -32.001083 -15.614576 5.165249
v -30.001083 -15.614576 5.165249
v -5.001085 -15.614576 5.165249
v -3.001085 -15.614576 5.165249
v -2.001085 -15.614576 5.165249
v 1.998915 -15.614576 5.165249
v 2.998915 -15.614576 5.165249
v 4.998915 -15.614576 5.165249
v 29.998917 -15.614576 5.165249
v 31.998917 -15.614576 5.165249
v 32.998917 -15.614576 5.165249
v 36.998917 -15.614576 5.165249
v 37.998917 -15.614576 5.165249
v 39.998913 -15.614576 5.165249
v -40.001083 -15.614576 4.165249
v -38.001083 -15.614576 4.165249
v -37.001083 -15.614576 4.165249
v -33.001083 -15.614576 4.165249
v -32.001083 -15.614576 4.165249
v -30.001083 -15.614576 4.165249
v -5.001085 -15.614576 4.165249
v -3.001085 -15.614576 4.165249
v -2.001085 -15.614576 4.165249
v 1.998915 -15.614576 4.165249
v 2.998915 -15.614576 4.165249
v 4.998915 -15.614576 4.165249
v 29.998917 -15.614576 4.165249
v 31.998917 -15.614576 4.165249
v 32.998917 -15.614576 4.165249
v 36.998917 -15.614576 4.165249
v 37.998917 -15.614576 4.165249
v 39.998913 -15.614576 4.165249
v -22.001083 -15.614576 0.165249
v -21.001083 -15.614576 0.165249
v -14.001084 -15.614576 0.165249
v -13.001084 -15.614576 0.165249
v 12.998915 -15.614576 0.165249
v 13.998915 -15.614576 0.165249
v 20.998915 -15.614576 0.165249
v 21.998917 -15.614576 0.165249
v -22.001083 -15.614576 -2.834751
v -21.001083 -15.614576 -2.834751
v -14.001084 -15.614576 -2.834751
v -13.001084 -15.614576 -2.834751
v 12.998915 -15.614576 -2.834751
v 13.998915 -15.614576 -2.834751
v 20.998915 -15.614576 -2.834751
v 21.998917 -15.614576 -2.834751
v -22.001083 -15.614576 -3.834750
v -21.001083 -15.614576 -3.834750
v -14.001084 -15.614576 -3.834750
v -13.001084 -15.614576 -3.834750
v 12.998915 -15.614576 -3.834750
v 13.998915 -15.614576 -3.834750
v 20.998915 -15.614576 -3.834750
v 21.998917 -15.614576 -3.834750
v -49.001087 -14.614573 -1.834750
v -44.001087 -14.614573 -1.834750
v -43.001087 -14.614573 -1.834750
v -40.001083 -14.614573 -1.834750
v -30.001083 -14.614573 -1.834750
v -29.001085 -14.614573 -1.834750
v -28.001083 -14.614573 -1.834750
v -24.001085 -14.614573 -1.834750
v -11.001085 -14.614573 -1.834750
v -5.001085 -14.614573 -1.834750
v 4.998915 -14.614573 -1.834750
v 10.998916 -14.614573 -1.834750
v 23.998917 -14.614573 -1.834750
v 27.998917 -14.614573 -1.834750
v 28.998917 -14.614573 -1.834750
v 29.998917 -14.614573 -1.834750
v 39.998913 -14.614573 -1.834750
v 42.998917 -14.614573 -1.834750
v 43.998917 -14.614573 -1.834750
v 48.998917 -14.614573 -1.834750
v -49.001087 -14.614573 -2.834751
v -44.001087 -14.614573 -2.834751
v -43.001087 -14.614573 -2.834751
v -40.001083 -14.614573 -2.834751
v -30.001083 -14.614573 -2.834751
v -29.001085 -14.614573 -2.834751
v -28.001083 -14.614573 -2.834751
v -24.001085 -14.614573 -2.834751
v -11.001085 -14.614573 -2.834751
v -5.001085 -14.614573 -2.834751
v 4.998915 -14.614573 -2.834751
v 10.998916 -14.614573 -2.834751
v 23.998917 -14.614573 -2.834751
v 27.998917 -14.614573 -2.834751
v 28.998917 -14.614573 -2.834751
v 29.998917 -14.614573 -2.834751
v 39.998913 -14.614573 -2.834751
v 42.998917 -14.614573 -2.834751
v 43.998917 -14.614573 -2.834751
v 48.998917 -14.614573 -2.834751
v -40.001083 -13.614578 5.165249
v -38.001083 -13.614578 5.165249
v -37.001083 -13.614578 5.165249
v -33.001083 -13.614578 5.165249
v -32.001083 -13.614578 5.165249
v -30.001083 -13.614578 5.165249
v -5.001085 -13.614578 5.165249
v -3.001085 -13.614578 5.165249
v -2.001085 -13.614578 5.165249
v 1.998915 -13.614578 5.165249
v 2.998915 -13.614578 5.165249
v 4.998915 -13.614578 5.165249
v 29.998917 -13.614578 5.165249
v 31.998917 -13.614578 5.165249
v 32.998917 -13.614578 5.165249
v 36.998917 -13.614578 5.165249
v 37.998917 -13.614578 5.165249
v 39.998913 -13.614578 5.165249
v -40.001083 -13.614578 4.165249
v -38.001083 -13.614578 4.165249
v -37.001083 -13.614578 4.165249
v -33.001083 -13.614578 4.165249
v -32.001083 -13.614578 4.165249
v -30.001083 -13.614578 4.165249
v -5.001085 -13.614578 4.165249
v -3.001085 -13.614578 4.165249
v -2.001085 -13.614578 4.165249
v 1.998915 -13.614578 4.165249
v 2.998915 -13.614578 4.165249
v 4.998915 -13.614578 4.165249
v 29.998917 -13.614578 4.165249
v 31.998917 -13.614578 4.165249
v 32.998917 -13.614578 4.165249
v 36.998917 -13.614578 4.165249
v 37.998917 -13.614578 4.165249
v 39.998913 -13.614578 4.165249
v -40.001083 -11.614580 5.165249
v -38.001083 -11.614580 5.165249
v -37.001083 -11.614580 5.165249
v -33.001083 -11.614580 5.165249
v -32.001083 -11.614580 5.165249
v -30.001083 -11.614580 5.165249
v -5.001085 -11.614580 5.165249
v -3.001085 -11.614580 5.165249
v -2.001085 -11.614580 5.165249
v 1.998915 -11.614580 5.165249
v 2.998915 -11.614580 5.165249
v 4.998915 -11.614580 5.165249
v 29.998917 -11.614580 5.165249
v 31.998917 -11.614580 5.165249
v 32.998917 -11.614580 5.165249
v 36.998917 -11.614580 5.165249
v 37.998917 -11.614580 5.165249
v 39.998913 -11.614580 5.165249
v -40.001083 -11.614580 4.165249
v -38.001083 -11.614580 4.165249
v -37.001083 -11.614580 4.165249
v -33.001083 -11.614580 4.165249
v -32.001083 -11.614580 4.165249
v -30.001083 -11.614580 4.165249
v -5.001085 -11.614580 4.165249
v -3.001085 -11.614580 4.165249
v -2.001085 -11.614580 4.165249
v 1.998915 -11.614580 4.165249
v 2.998915 -11.614580 4.165249
v 4.998915 -11.614580 4.165249
v 29.998917 -11.614580 4.165249
v 31.998917 -11.614580 4.165249
v 32.998917 -11.614580 4.165249
v 36.998917 -11.614580 4.165249
v 37.998917 -11.614580 4.165249
v 39.998913 -11.614580 4.165249
v -22.001083 -11.614580 0.165249
v -18.001083 -11.614580 0.165249
v -17.001083 -11.614580 0.165249
v -13.001084 -11.614580 0.165249
v 12.998915 -11.614580 0.165249
v 16.998917 -11.614580 0.165249
v 17.998917 -11.614580 0.165249
v 21.998917 -11.614580 0.165249
v -49.001087 -11.614580 -1.834751
v -46.001083 -11.614580 -1.834751
v -45.001087 -11.614580 -1.834751
v -42.001083 -11.614580 -1.834751
v -41.001083 -11.614580 -1.834751
v -40.001083 -11.614580 -1.834751
v -30.001083 -11.614580 -1.834751
v -25.001083 -11.614580 -1.834751
v -24.001085 -11.614580 -1.834751
v -23.001083 -11.614580 -1.834751
v -11.001085 -11.614580 -1.834751
v -5.001085 -11.614580 -1.834751
v 4.998915 -11.614580 -1.834751
v 10.998916 -11.614580 -1.834751
v 22.998917 -11.614580 -1.834751
v 23.998917 -11.614580 -1.834751
v 24.998917 -11.614580 -1.834751
v 29.998917 -11.614580 -1.834751
v 39.998913 -11.614580 -1.834751
v 40.998913 -11.614580 -1.834751
v 41.998913 -11.614580 -1.834751
v 44.998913 -11.614580 -1.834751
v 45.998913 -11.614580 -1.834751
v 48.998917 -11.614580 -1.834751
v -49.001087 -11.614580 -2.834751
v -46.001083 -11.614580 -2.834751
v -45.001087 -11.614580 -2.834751
v -42.001083 -11.614580 -2.834751
v -41.001083 -11.614580 -2.834751
v -40.001083 -11.614580 -2.834751
v -30.001083 -11.614580 -2.834751
v -25.001083 -11.614580 -2.834751
v -24.001085 -11.614580 -2.834751
v -23.001083 -11.614580 -2.834751
v -22.001083 -11.614580 -2.834751
v -18.001083 -11.614580 -2.834751
v -17.001083 -11.614580 -2.834751
v -13.001084 -11.614580 -2.834751
v -11.001085 -11.614580 -2.834751
v -5.001085 -11.614580 -2.834751
v 4.998915 -11.614580 -2.834751
v 10.998916 -11.614580 -2.834751
v 12.998915 -11.614580 -2.834751
v 16.998917 -11.614580 -2.834751
v 17.998917 -11.614580 -2.834751
v 21.998917 -11.614580 -2.834751
v 22.998917 -11.614580 -2.834751
v 23.998917 -11.614580 -2.834751
v 24.998917 -11.614580 -2.834751
v 29.998917 -11.614580 -2.834751
v 39.998913 -11.614580 -2.834751
v 40.998913 -11.614580 -2.834751
v 41.998913 -11.614580 -2.834751
v 44.998913 -11.614580 -2.834751
v 45.998913 -11.614580 -2.834751
v 48.998917 -11.614580 -2.834751
v -49.001087 -8.614578 -1.834751
v -45.001087 -8.614578 -1.834751
v -44.001087 -8.614578 -1.834751
v -41.001083 -8.614578 -1.834751
v -30.001083 -8.614578 -1.834751
v -27.001083 -8.614578 -1.834751
v -26.001083 -8.614578 -1.834751
v -23.001083 -8.614578 -1.834751
v -12.001085 -8.614578 -1.834751
v -7.001085 -8.614578 -1.834751
v -6.001085 -8.614578 -1.834751
v -5.001085 -8.614578 -1.834751
v 4.998915 -8.614578 -1.834751
v 5.998915 -8.614578 -1.834751
v 6.998915 -8.614578 -1.834751
v 11.998916 -8.614578 -1.834751
v 22.998917 -8.614578 -1.834751
v 25.998915 -8.614578 -1.834751
v 26.998917 -8.614578 -1.834751
v 29.998917 -8.614578 -1.834751
v 40.998913 -8.614578 -1.834751
v 43.998917 -8.614578 -1.834751
v 44.998913 -8.614578 -1.834751
v 48.998917 -8.614578 -1.834751
v -49.001087 -8.614578 -2.834751
v -45.001087 -8.614578 -2.834751
v -44.001087 -8.614578 -2.834751
v -41.001083 -8.614578 -2.834751
v -30.001083 -8.614578 -2.834751
v -27.001083 -8.614578 -2.834751
v -26.001083 -8.614578 -2.834751
v -23.001083 -8.614578 -2.834751
v -12.001085 -8.614578 -2.834751
v -7.001085 -8.614578 -2.834751
v -6.001085 -8.614578 -2.834751
v -5.001085 -8.614578 -2.834751
v 4.998915 -8.614578 -2.834751
v 5.998915 -8.614578 -2.834751
v 6.998915 -8.614578 -2.834751
v 11.998916 -8.614578 -2.834751
v 22.998917 -8.614578 -2.834751
v 25.998915 -8.614578 -2.834751
v 26.998917 -8.614578 -2.834751
v 29.998917 -8.614578 -2.834751
v 40.998913 -8.614578 -2.834751
v 43.998917 -8.614578 -2.834751
v 44.998913 -8.614578 -2.834751
v 48.998917 -8.614578 -2.834751
v -22.001083 -6.614580 0.165249
v -18.001083 -6.614580 0.165249
v -17.001083 -6.614580 0.165249
v -13.001084 -6.614580 0.165249
v 12.998915 -6.614580 0.165249
v 16.998917 -6.614580 0.165249
v 17.998917 -6.614580 0.165249
v 21.998917 -6.614580 0.165249
v -22.001083 -6.614580 -2.834751
v -18.001083 -6.614580 -2.834751
v -17.001083 -6.614580 -2.834751
v -13.001084 -6.614580 -2.834751
v 12.998915 -6.614580 -2.834751
v 16.998917 -6.614580 -2.834751
v 17.998917 -6.614580 -2.834751
v 21.998917 -6.614580 -2.834751
v -40.001083 -5.614575 5.165249
v -38.001083 -5.614575 5.165249
v -37.001083 -5.614575 5.165249
v -33.001083 -5.614575 5.165249
v -32.001083 -5.614575 5.165249
v -30.001083 -5.614575 5.165249
v -5.001085 -5.614575 5.165249
v -3.001085 -5.614575 5.165249
v -2.001085 -5.614575 5.165249
v 1.998915 -5.614575 5.165249
v 2.998915 -5.614575 5.165249
v 4.998915 -5.614575 5.165249
v 29.998917 -5.614575 5.165249
v 31.998917 -5.614575 5.165249
v 32.998917 -5.614575 5.165249
v 36.998917 -5.614575 5.165249
v 37.998917 -5.614575 5.165249
v 39.998913 -5.614575 5.165249
v -40.001083 -5.614576 4.165249
v -38.001083 -5.614576 4.165249
v -37.001083 -5.614576 4.165249
v -33.001083 -5.614576 4.165249
v -32.001083 -5.614576 4.165249
v -30.001083 -5.614576 4.165249
v -5.001085 -5.614576 4.165249
v -3.001085 -5.614576 4.165249
v -2.001085 -5.614576 4.165249
v 1.998915 -5.614576 4.165249
v 2.998915 -5.614576 4.165249
v 4.998915 -5.614576 4.165249
v 29.998917 -5.614576 4.165249
v 31.998917 -5.614576 4.165249
v 32.998917 -5.614576 4.165249
v 36.998917 -5.614576 4.165249
v 37.998917 -5.614576 4.165249
v 39.998913 -5.614576 4.165249
v -49.001087 -5.614576 -1.834751
v -47.001083 -5.614576 -1.834751
v -46.001083 -5.614576 -1.834751
v -42.001083 -5.614576 -1.834751
v -41.001083 -5.614576 -1.834751
v -40.001083 -5.614576 -1.834751
v -30.001083 -5.614576 -1.834751
v -25.001083 -5.614576 -1.834751
v -24.001085 -5.614576 -1.834751
v -23.001083 -5.614576 -1.834751
v -12.001085 -5.614576 -1.834751
v -9.001085 -5.614576 -1.834751
v -8.001085 -5.614576 -1.834751
v -5.001085 -5.614576 -1.834751
v 4.998915 -5.614576 -1.834751
v 7.998915 -5.614576 -1.834751
v 8.998915 -5.614576 -1.834751
v 11.998916 -5.614576 -1.834751
v 22.998917 -5.614576 -1.834751
v 23.998917 -5.614576 -1.834751
v 24.998917 -5.614576 -1.834751
v 29.998917 -5.614576 -1.834751
v 39.998913 -5.614576 -1.834751
v 40.998913 -5.614576 -1.834751
v 41.998913 -5.614576 -1.834751
v 45.998913 -5.614576 -1.834751
v 46.998913 -5.614576 -1.834751
v 48.998917 -5.614576 -1.834751
v -49.001087 -5.614576 -2.834751
v -47.001083 -5.614576 -2.834751
v -46.001083 -5.614576 -2.834751
v -42.001083 -5.614576 -2.834751
v -41.001083 -5.614576 -2.834751
v -40.001083 -5.614576 -2.834751
v -30.001083 -5.614576 -2.834751
v -25.001083 -5.614576 -2.834751
v -24.001085 -5.614576 -2.834751
v -23.001083 -5.614576 -2.834751
v -12.001085 -5.614576 -2.834751
v -9.001085 -5.614576 -2.834751
v -8.001085 -5.614576 -2.834751
v -5.001085 -5.614576 -2.834751
v 4.998915 -5.614576 -2.834751
v 7.998915 -5.614576 -2.834751
v 8.998915 -5.614576 -2.834751
v 11.998916 -5.614576 -2.834751
v 22.998917 -5.614576 -2.834751
v 23.998917 -5.614576 -2.834751
v 24.998917 -5.614576 -2.834751
v 29.998917 -5.614576 -2.834751
v 39.998913 -5.614576 -2.834751
v 40.998913 -5.614576 -2.834751
v 41.998913 -5.614576 -2.834751
v 45.998913 -5.614576 -2.834751
v 46.998913 -5.614576 -2.834751
v 48.998917 -5.614576 -2.834751
v -40.001083 -3.614578 5.165248
v -38.001083 -3.614578 5.165248
v -37.001083 -3.614578 5.165248
v -33.001083 -3.614578 5.165248
v -32.001083 -3.614578 5.165248
v -30.001083 -3.614578 5.165248
v -5.001085 -3.614578 5.165248
v -3.001085 -3.614578 5.165248
v -2.001085 -3.614578 5.165248
v 1.998915 -3.614578 5.165248
v 2.998915 -3.614578 5.165248
v 4.998915 -3.614578 5.165248
v 29.998917 -3.614578 5.165248
v 31.998917 -3.614578 5.165248
v 32.998917 -3.614578 5.165248
v 36.998917 -3.614578 5.165248
v 37.998917 -3.614578 5.165248
v 39.998913 -3.614578 5.165248
v -40.001083 -3.614578 4.165249
v -38.001083 -3.614578 4.165249
v -37.001083 -3.614578 4.165249
v -33.001083 -3.614578 4.165249
v -32.001083 -3.614578 4.165249
v -30.001083 -3.614578 4.165249
v -5.001085 -3.614578 4.165249
v -3.001085 -3.614578 4.165249
v -2.001085 -3.614578 4.165249
v 1.998915 -3.614578 4.165249
v 2.998915 -3.614578 4.165249
v 4.998915 -3.614578 4.165249
v 29.998917 -3.614578 4.165249
v 31.998917 -3.614578 4.165249
v 32.998917 -3.614578 4.165249
v 36.998917 -3.614578 4.165249
v 37.998917 -3.614578 4.165249
v 39.998913 -3.614578 4.165249
v -49.001087 -2.614574 -1.834751
v -44.001087 -2.614574 -1.834751
v -43.001087 -2.614574 -1.834751
v -40.001083 -2.614574 -1.834751
v -30.001083 -2.614574 -1.834751
v -29.001085 -2.614574 -1.834751
v -28.001083 -2.614574 -1.834751
v -24.001085 -2.614574 -1.834751
v -12.001085 -2.614574 -1.834751
v -8.001085 -2.614574 -1.834751
v -7.001085 -2.614574 -1.834751
v -5.001085 -2.614574 -1.834751
v 4.998915 -2.614574 -1.834751
v 6.998915 -2.614574 -1.834751
v 7.998915 -2.614574 -1.834751
v 11.998916 -2.614574 -1.834751
v 23.998917 -2.614574 -1.834751
v 27.998917 -2.614574 -1.834751
v 28.998917 -2.614574 -1.834751
v 29.998917 -2.614574 -1.834751
v 39.998913 -2.614574 -1.834751
v 42.998917 -2.614574 -1.834751
v 43.998917 -2.614574 -1.834751
v 48.998917 -2.614574 -1.834751
v -49.001087 -2.614574 -2.834752
v -44.001087 -2.614574 -2.834752
v -43.001087 -2.614574 -2.834752
v -40.001083 -2.614574 -2.834752
v -30.001083 -2.614574 -2.834752
v -29.001085 -2.614574 -2.834752
v -28.001083 -2.614574 -2.834752
v -24.001085 -2.614574 -2.834752
v -12.001085 -2.614574 -2.834752
v -8.001085 -2.614574 -2.834752
v -7.001085 -2.614574 -2.834752
v -5.001085 -2.614574 -2.834752
v 4.998915 -2.614574 -2.834752
v 6.998915 -2.614574 -2.834752
v 7.998915 -2.614574 -2.834752
v 11.998916 -2.614574 -2.834752
v 23.998917 -2.614574 -2.834752
v 27.998917 -2.614574 -2.834752
v 28.998917 -2.614574 -2.834752
v 29.998917 -2.614574 -2.834752
v 39.998913 -2.614574 -2.834752
v 42.998917 -2.614574 -2.834752
v 43.998917 -2.614574 -2.834752
v 48.998917 -2.614574 -2.834752
v -40.001083 -1.614579 5.165248
v -38.001083 -1.614579 5.165248
v -37.001083 -1.614579 5.165248
v -33.001083 -1.614579 5.165248
v -32.001083 -1.614579 5.165248
v -30.001083 -1.614579 5.165248
v -5.001085 -1.614579 5.165248
v -3.001085 -1.614579 5.165248
v -2.001085 -1.614579 5.165248
v 1.998915 -1.614579 5.165248
v 2.998915 -1.614579 5.165248
v 4.998915 -1.614579 5.165248
v 29.998917 -1.614579 5.165248
v 31.998917 -1.614579 5.165248
v 32.998917 -1.614579 5.165248
v 36.998917 -1.614579 5.165248
v 37.998917 -1.614579 5.165248
v 39.998913 -1.614579 5.165248
v -40.001083 -1.614580 4.165248
v -38.001083 -1.614580 4.165248
v -37.001083 -1.614580 4.165248
v -33.001083 -1.614580 4.165248
v -32.001083 -1.614580 4.165248
v -30.001083 -1.614580 4.165248
v -5.001085 -1.614580 4.165248
v -3.001085 -1.614580 4.165248
v -2.001085 -1.614580 4.165248
v 1.998915 -1.614580 4.165248
v 2.998915 -1.614580 4.165248
v 4.998915 -1.614580 4.165248
v 29.998917 -1.614580 4.165248
v 31.998917 -1.614580 4.165248
v 32.998917 -1.614580 4.165248
v 36.998917 -1.614580 4.165248
v 37.998917 -1.614580 4.165248
v 39.998913 -1.614580 4.165248
v -22.001083 -1.614580 0.165248
v -18.001083 -1.614580 0.165248
v -17.001083 -1.614580 0.165248
v -13.001084 -1.614580 0.165248
v 12.998915 -1.614580 0.165248
v 16.998917 -1.614580 0.165248
v 17.998917 -1.614580 0.165248
v 21.998917 -1.614580 0.165248
v -22.001083 -1.614580 -2.834752
v -18.001083 -1.614580 -2.834752
v -17.001083 -1.614580 -2.834752
v -13.001084 -1.614580 -2.834752
v 12.998915 -1.614580 -2.834752
v 16.998917 -1.614580 -2.834752
v 17.998917 -1.614580 -2.834752
v 21.998917 -1.614580 -2.834752
v -23.001083 0.385428 0.165248
v -22.001083 0.385428 0.165248
v -13.001084 0.385428 0.165248
v -12.001085 0.385428 0.165248
v 11.998916 0.385428 0.165248
v 12.998915 0.385428 0.165248
v 21.998917 0.385428 0.165248
v 22.998917 0.385428 0.165248
v -49.001087 0.385428 -1.834752
v -46.001083 0.385428 -1.834752
v -45.001087 0.385428 -1.834752
v -42.001083 0.385428 -1.834752
v -41.001083 0.385428 -1.834752
v -40.001083 0.385428 -1.834752
v -30.001083 0.385428 -1.834752
v -26.001083 0.385428 -1.834752
v -25.001083 0.385428 -1.834752
v -23.001083 0.385428 -1.834752
v -12.001085 0.385428 -1.834752
v -11.001085 0.385428 -1.834752
v -5.001085 0.385428 -1.834752
v 4.998915 0.385428 -1.834752
v 10.998916 0.385428 -1.834752
v 11.998916 0.385428 -1.834752
v 22.998917 0.385428 -1.834752
v 24.998917 0.385428 -1.834752
v 25.998915 0.385428 -1.834752
v 29.998917 0.385428 -1.834752
v 39.998913 0.385428 -1.834752
v 40.998913 0.385428 -1.834752
v 41.998913 0.385428 -1.834752
v 44.998913 0.385428 -1.834752
v 45.998913 0.385428 -1.834752
v 48.998917 0.385428 -1.834752
v -49.001087 0.385428 -2.834752
v -46.001083 0.385428 -2.834752
v -45.001087 0.385428 -2.834752
v -42.001083 0.385428 -2.834752
v -41.001083 0.385428 -2.834752
v -40.001083 0.385428 -2.834752
v -30.001083 0.385428 -2.834752
v -26.001083 0.385428 -2.834752
v -25.001083 0.385428 -2.834752
v -23.001083 0.385428 -2.834752
v -22.001083 0.385428 -2.834752
v -13.001084 0.385428 -2.834752
v -12.001085 0.385428 -2.834752
v -11.001085 0.385428 -2.834752
v -5.001085 0.385428 -2.834752
v 4.998915 0.385428 -2.834752
v 10.998916 0.385428 -2.834752
v 11.998916 0.385428 -2.834752
v 12.998915 0.385428 -2.834752
v 21.998917 0.385428 -2.834752
v 22.998917 0.385428 -2.834752
v 24.998917 0.385428 -2.834752
v 25.998915 0.385428 -2.834752
v 29.998917 0.385428 -2.834752
v 39.998913 0.385428 -2.834752
v 40.998913 0.385428 -2.834752
v 41.998913 0.385428 -2.834752
v 44.998913 0.385428 -2.834752
v 45.998913 0.385428 -2.834752
v 48.998917 0.385428 -2.834752
v -22.001083 2.385426 0.165248
v -21.001083 2.385426 0.165248
v -14.001084 2.385426 0.165248
v -13.001084 2.385426 0.165248
v 12.998915 2.385426 0.165248
v 13.998915 2.385426 0.165248
v 20.998915 2.385426 0.165248
v 21.998917 2.385426 0.165248
v -22.001083 2.385426 -1.834752
v -21.001083 2.385426 -1.834752
v -14.001084 2.385426 -1.834752
v -13.001084 2.385426 -1.834752
v 12.998915 2.385426 -1.834752
v 13.998915 2.385426 -1.834752
v 20.998915 2.385426 -1.834752
v 21.998917 2.385426 -1.834752
v -49.001087 3.385420 -1.834752
v -47.001083 3.385420 -1.834752
v -46.001083 3.385420 -1.834752
v -43.001087 3.385420 -1.834752
v -42.001083 3.385420 -1.834752
v -40.001083 3.385420 -1.834752
v -30.001083 3.385420 -1.834752
v -27.001083 3.385420 -1.834752
v -26.001083 3.385420 -1.834752
v -21.001083 3.385420 -1.834752
v -14.001084 3.385420 -1.834752
v -9.001085 3.385420 -1.834752
v -8.001085 3.385420 -1.834752
v -5.001085 3.385420 -1.834752
v 4.998915 3.385420 -1.834752
v 7.998915 3.385420 -1.834752
v 8.998915 3.385420 -1.834752
v 13.998915 3.385420 -1.834752
v 20.998915 3.385420 -1.834752
v 25.998915 3.385420 -1.834752
v 26.998917 3.385420 -1.834752
v 29.998917 3.385420 -1.834752
v 39.998913 3.385420 -1.834752
v 41.998913 3.385420 -1.834752
v 42.998917 3.385420 -1.834752
v 45.998913 3.385420 -1.834752
v 46.998913 3.385420 -1.834752
v 48.998917 3.385420 -1.834752
v -49.001087 3.385420 -2.834752
v -47.001083 3.385420 -2.834752
v -46.001083 3.385420 -2.834752
v -43.001087 3.385420 -2.834752
v -42.001083 3.385420 -2.834752
v -40.001083 3.385420 -2.834752
v -30.001083 3.385420 -2.834752
v -27.001083 3.385420 -2.834752
v -26.001083 3.385420 -2.834752
v -21.001083 3.385420 -2.834752
v -14.001084 3.385420 -2.834752
v -9.001085 3.385420 -2.834752
v -8.001085 3.385420 -2.834752
v -5.001085 3.385420 -2.834752
v 4.998915 3.385420 -2.834752
v 7.998915 3.385420 -2.834752
v 8.998915 3.385420 -2.834752
v 13.998915 3.385420 -2.834752
v 20.998915 3.385420 -2.834752
v 25.998915 3.385420 -2.834752
v 26.998917 3.385420 -2.834752
v 29.998917 3.385420 -2.834752
v 39.998913 3.385420 -2.834752
v 41.998913 3.385420 -2.834752
v 42.998917 3.385420 -2.834752
v 45.998913 3.385420 -2.834752
v 46.998913 3.385420 -2.834752
v 48.998917 3.385420 -2.834752
v -40.001083 4.385425 5.165248
v -38.001083 4.385425 5.165248
v -37.001083 4.385425 5.165248
v -33.001083 4.385425 5.165248
v -32.001083 4.385425 5.165248
v -30.001083 4.385425 5.165248
v -5.001085 4.385425 5.165248
v -3.001085 4.385425 5.165248
v -2.001085 4.385425 5.165248
v 1.998915 4.385425 5.165248
v 2.998915 4.385425 5.165248
v 4.998915 4.385425 5.165248
v 29.998917 4.385425 5.165248
v 31.998917 4.385425 5.165248
v 32.998917 4.385425 5.165248
v 36.998917 4.385425 5.165248
v 37.998917 4.385425 5.165248
v 39.998913 4.385425 5.165248
v -40.001083 4.385425 4.165248
v -38.001083 4.385425 4.165248
v -37.001083 4.385425 4.165248
v -33.001083 4.385425 4.165248
v -32.001083 4.385425 4.165248
v -30.001083 4.385425 4.165248
v -5.001085 4.385425 4.165248
v -3.001085 4.385425 4.165248
v -2.001085 4.385425 4.165248
v 1.998915 4.385425 4.165248
v 2.998915 4.385425 4.165248
v 4.998915 4.385425 4.165248
v 29.998917 4.385425 4.165248
v 31.998917 4.385425 4.165248
v 32.998917 4.385425 4.165248
v 36.998917 4.385425 4.165248
v 37.998917 4.385425 4.165248
v 39.998913 4.385425 4.165248
v -21.001083 4.385424 0.165248
v -20.001083 4.385424 0.165248
v -15.001084 4.385424 0.165248
v -14.001084 4.385424 0.165248
v 13.998915 4.385424 0.165248
v 14.998916 4.385424 0.165248
v 19.998917 4.385424 0.165248
v 20.998915 4.385424 0.165248
v -21.001083 4.385424 -2.834752
v -20.001083 4.385424 -2.834752
v -15.001084 4.385424 -2.834752
v -14.001084 4.385424 -2.834752
v 13.998915 4.385424 -2.834752
v 14.998916 4.385424 -2.834752
v 19.998917 4.385424 -2.834752
v 20.998915 4.385424 -2.834752
v -40.001083 6.385422 5.165248
v -38.001083 6.385422 5.165248
v -37.001083 6.385422 5.165248
v -33.001083 6.385422 5.165248
v -32.001083 6.385422 5.165248
v -30.001083 6.385422 5.165248
v -5.001085 6.385422 5.165248
v -3.001085 6.385422 5.165248
v -2.001085 6.385422 5.165248
v 1.998915 6.385422 5.165248
v 2.998915 6.385422 5.165248
v 4.998915 6.385422 5.165248
v 29.998917 6.385422 5.165248
v 31.998917 6.385422 5.165248
v 32.998917 6.385422 5.165248
v 36.998917 6.385422 5.165248
v 37.998917 6.385422 5.165248
v 39.998913 6.385422 5.165248
v -40.001083 6.385422 4.165248
v -38.001083 6.385422 4.165248
v -37.001083 6.385422 4.165248
v -33.001083 6.385422 4.165248
v -32.001083 6.385422 4.165248
v -30.001083 6.385422 4.165248
v -5.001085 6.385422 4.165248
v -3.001085 6.385422 4.165248
v -2.001085 6.385422 4.165248
v 1.998915 6.385422 4.165248
v 2.998915 6.385422 4.165248
v 4.998915 6.385422 4.165248
v 29.998917 6.385422 4.165248
v 31.998917 6.385422 4.165248
v 32.998917 6.385422 4.165248
v 36.998917 6.385422 4.165248
v 37.998917 6.385422 4.165248
v 39.998913 6.385422 4.165248
v -20.001083 6.385422 0.165248
v -19.001083 6.385422 0.165248
v -16.001085 6.385422 0.165248
v -15.001084 6.385422 0.165248
v 14.998916 6.385422 0.165248
v 15.998916 6.385422 0.165248
v 18.998917 6.385422 0.165248
v 19.998917 6.385422 0.165248
v -49.001087 6.385422 -1.834752
v -45.001087 6.385422 -1.834752
v -44.001087 6.385422 -1.834752
v -40.001083 6.385422 -1.834752
v -30.001083 6.385422 -1.834752
v -24.001085 6.385422 -1.834752
v -23.001083 6.385422 -1.834752
v -20.001083 6.385422 -1.834752
v -15.001084 6.385422 -1.834752
v -12.001085 6.385422 -1.834752
v -11.001085 6.385422 -1.834752
v -5.001085 6.385422 -1.834752
v 4.998915 6.385422 -1.834752
v 10.998916 6.385422 -1.834752
v 11.998916 6.385422 -1.834752
v 14.998916 6.385422 -1.834752
v 19.998917 6.385422 -1.834752
v 22.998917 6.385422 -1.834752
v 23.998917 6.385422 -1.834752
v 29.998917 6.385422 -1.834752
v 39.998913 6.385422 -1.834752
v 43.998917 6.385422 -1.834752
v 44.998913 6.385422 -1.834752
v 48.998917 6.385422 -1.834752
v -49.001087 6.385422 -2.834752
v -45.001087 6.385422 -2.834752
v -44.001087 6.385422 -2.834752
v -40.001083 6.385422 -2.834752
v -30.001083 6.385422 -2.834752
v -24.001085 6.385422 -2.834752
v -23.001083 6.385422 -2.834752
v -20.001083 6.385422 -2.834752
v -19.001083 6.385422 -2.834752
v -16.001085 6.385422 -2.834752
v -15.001084 6.385422 -2.834752
v -12.001085 6.385422 -2.834752
v -11.001085 6.385422 -2.834752
v -5.001085 6.385422 -2.834752
v 4.998915 6.385422 -2.834752
v 10.998916 6.385422 -2.834752
v 11.998916 6.385422 -2.834752
v 14.998916 6.385422 -2.834752
v 15.998916 6.385422 -2.834752
v 18.998917 6.385422 -2.834752
v 19.998917 6.385422 -2.834752
v 22.998917 6.385422 -2.834752
v 23.998917 6.385422 -2.834752
v 29.998917 6.385422 -2.834752
v 39.998913 6.385422 -2.834752
v 43.998917 6.385422 -2.834752
v 44.998913 6.385422 -2.834752
v 48.998917 6.385422 -2.834752
v -19.001083 7.385426 0.165248
v -18.001083 7.385426 0.165248
v -17.001083 7.385426 0.165248
v -16.001085 7.385426 0.165248
v 15.998916 7.385426 0.165248
v 16.998917 7.385426 0.165248
v 17.998917 7.385426 0.165248
v 18.998917 7.385426 0.165248
v -19.001083 7.385426 -2.834752
v -18.001083 7.385426 -2.834752
v -17.001083 7.385426 -2.834752
v -16.001085 7.385426 -2.834752
v 15.998916 7.385426 -2.834752
v 16.998917 7.385426 -2.834752
v 17.998917 7.385426 -2.834752
v 18.998917 7.385426 -2.834752
v -40.001083 8.385420 5.165247
v -38.001083 8.385420 5.165247
v -37.001083 8.385420 5.165247
v -33.001083 8.385420 5.165247
v -32.001083 8.385420 5.165247
v -30.001083 8.385420 5.165247
v -5.001085 8.385420 5.165247
v -3.001085 8.385420 5.165247
v -2.001085 8.385420 5.165247
v 1.998915 8.385420 5.165247
v 2.998915 8.385420 5.165247
v 4.998915 8.385420 5.165247
v 29.998917 8.385420 5.165247
v 31.998917 8.385420 5.165247
v 32.998917 8.385420 5.165247
v 36.998917 8.385420 5.165247
v 37.998917 8.385420 5.165247
v 39.998913 8.385420 5.165247
v -40.001083 8.385420 4.165248
v -38.001083 8.385420 4.165248
v -37.001083 8.385420 4.165248
v -33.001083 8.385420 4.165248
v -32.001083 8.385420 4.165248
v -30.001083 8.385420 4.165248
v -5.001085 8.385420 4.165248
v -3.001085 8.385420 4.165248
v -2.001085 8.385420 4.165248
v 1.998915 8.385420 4.165248
v 2.998915 8.385420 4.165248
v 4.998915 8.385420 4.165248
v 29.998917 8.385420 4.165248
v 31.998917 8.385420 4.165248
v 32.998917 8.385420 4.165248
v 36.998917 8.385420 4.165248
v 37.998917 8.385420 4.165248
v 39.998913 8.385420 4.165248
v -18.001083 8.385420 0.165248
v -17.001083 8.385420 0.165248
v 16.998917 8.385420 0.165248
v 17.998917 8.385420 0.165248
v -18.001083 8.385420 -1.834752
v -17.001083 8.385420 -1.834752
v 16.998917 8.385420 -1.834752
v 17.998917 8.385420 -1.834752
v -49.001087 9.385424 -1.834752
v -47.001083 9.385424 -1.834752
v -46.001083 9.385424 -1.834752
v -43.001087 9.385424 -1.834752
v -42.001083 9.385424 -1.834752
v -40.001083 9.385424 -1.834752
v -30.001083 9.385424 -1.834752
v -27.001083 9.385424 -1.834752
v -26.001083 9.385424 -1.834752
v -21.001083 9.385424 -1.834752
v -20.001083 9.385424 -1.834752
v -14.001084 9.385424 -1.834752
v -13.001084 9.385424 -1.834752
v -8.001085 9.385424 -1.834752
v -7.001085 9.385424 -1.834752
v -5.001085 9.385424 -1.834752
v 4.998915 9.385424 -1.834752
v 6.998915 9.385424 -1.834752
v 7.998915 9.385424 -1.834752
v 12.998915 9.385424 -1.834752
v 13.998915 9.385424 -1.834752
v 19.998917 9.385424 -1.834752
v 20.998915 9.385424 -1.834752
v 25.998915 9.385424 -1.834752
v 26.998917 9.385424 -1.834752
v 29.998917 9.385424 -1.834752
v 39.998913 9.385424 -1.834752
v 41.998913 9.385424 -1.834752
v 42.998917 9.385424 -1.834752
v 45.998913 9.385424 -1.834752
v 46.998913 9.385424 -1.834752
v 48.998917 9.385424 -1.834752
v -49.001087 9.385424 -2.834753
v -47.001083 9.385424 -2.834753
v -46.001083 9.385424 -2.834753
v -43.001087 9.385424 -2.834753
v -42.001083 9.385424 -2.834753
v -40.001083 9.385424 -2.834753
v -30.001083 9.385424 -2.834753
v -27.001083 9.385424 -2.834753
v -26.001083 9.385424 -2.834753
v -21.001083 9.385424 -2.834753
v -20.001083 9.385424 -2.834753
v -14.001084 9.385424 -2.834753
v -13.001084 9.385424 -2.834753
v -8.001085 9.385424 -2.834753
v -7.001085 9.385424 -2.834753
v -5.001085 9.385424 -2.834753
v 4.998915 9.385424 -2.834753
v 6.998915 9.385424 -2.834753
v 7.998915 9.385424 -2.834753
v 12.998915 9.385424 -2.834753
v 13.998915 9.385424 -2.834753
v 19.998917 9.385424 -2.834753
v 20.998915 9.385424 -2.834753
v 25.998915 9.385424 -2.834753
v 26.998917 9.385424 -2.834753
v 29.998917 9.385424 -2.834753
v 39.998913 9.385424 -2.834753
v 41.998913 9.385424 -2.834753
v 42.998917 9.385424 -2.834753
v 45.998913 9.385424 -2.834753
v 46.998913 9.385424 -2.834753
v 48.998917 9.385424 -2.834753
v -49.001087 12.385426 -1.834752
v -46.001083 12.385426 -1.834752
v -45.001087 12.385426 -1.834752
v -42.001083 12.385426 -1.834752
v -41.001083 12.385426 -1.834752
v -40.001083 12.385426 -1.834752
v -30.001083 12.385426 -1.834752
v -24.001085 12.385426 -1.834752
v -23.001083 12.385426 -1.834752
v -20.001083 12.385426 -1.834752
v -19.001083 12.385426 -1.834752
v -12.001085 12.385426 -1.834752
v -11.001085 12.385426 -1.834752
v -5.001085 12.385426 -1.834752
v 4.998915 12.385426 -1.834752
v 10.998916 12.385426 -1.834752
v 11.998916 12.385426 -1.834752
v 18.998917 12.385426 -1.834752
v 19.998917 12.385426 -1.834752
v 22.998917 12.385426 -1.834752
v 23.998917 12.385426 -1.834752
v 29.998917 12.385426 -1.834752
v 39.998913 12.385426 -1.834752
v 40.998913 12.385426 -1.834752
v 41.998913 12.385426 -1.834752
v 44.998913 12.385426 -1.834752
v 45.998913 12.385426 -1.834752
v 48.998917 12.385426 -1.834752
v -49.001087 12.385426 -2.834753
v -46.001083 12.385426 -2.834753
v -45.001087 12.385426 -2.834753
v -42.001083 12.385426 -2.834753
v -41.001083 12.385426 -2.834753
v -40.001083 12.385426 -2.834753
v -30.001083 12.385426 -2.834753
v -24.001085 12.385426 -2.834753
v -23.001083 12.385426 -2.834753
v -20.001083 12.385426 -2.834753
v -19.001083 12.385426 -2.834753
v -12.001085 12.385426 -2.834753
v -11.001085 12.385426 -2.834753
v -5.001085 12.385426 -2.834753
v 4.998915 12.385426 -2.834753
v 10.998916 12.385426 -2.834753
v 11.998916 12.385426 -2.834753
v 18.998917 12.385426 -2.834753
v 19.998917 12.385426 -2.834753
v 22.998917 12.385426 -2.834753
v 23.998917 12.385426 -2.834753
v 29.998917 12.385426 -2.834753
v 39.998913 12.385426 -2.834753
v 40.998913 12.385426 -2.834753
v 41.998913 12.385426 -2.834753
v 44.998913 12.385426 -2.834753
v 45.998913 12.385426 -2.834753
v 48.998917 12.385426 -2.834753
v -49.001087 15.385427 -1.834753
v -45.001087 15.385427 -1.834753
v -44.001087 15.385427 -1.834753
v -42.001083 15.385427 -1.834753
v -28.001083 15.385427 -1.834753
v -24.001085 15.385427 -1.834753
v -23.001083 15.385427 -1.834753
v -18.001083 15.385427 -1.834753
v -17.001083 15.385427 -1.834753
v -14.001084 15.385427 -1.834753
v -13.001084 15.385427 -1.834753
v -7.001085 15.385427 -1.834753
v 6.998915 15.385427 -1.834753
v 12.998915 15.385427 -1.834753
v 13.998915 15.385427 -1.834753
v 16.998917 15.385427 -1.834753
v 17.998917 15.385427 -1.834753
v 22.998917 15.385427 -1.834753
v 23.998917 15.385427 -1.834753
v 27.998917 15.385427 -1.834753
v 41.998913 15.385427 -1.834753
v 43.998917 15.385427 -1.834753
v 44.998913 15.385427 -1.834753
v 48.998917 15.385427 -1.834753
v -49.001087 15.385427 -2.834753
v -45.001087 15.385427 -2.834753
v -44.001087 15.385427 -2.834753
v -42.001083 15.385427 -2.834753
v -28.001083 15.385427 -2.834753
v -24.001085 15.385427 -2.834753
v -23.001083 15.385427 -2.834753
v -18.001083 15.385427 -2.834753
v -17.001083 15.385427 -2.834753
v -14.001084 15.385427 -2.834753
v -13.001084 15.385427 -2.834753
v -7.001085 15.385427 -2.834753
v 6.998915 15.385427 -2.834753
v 12.998915 15.385427 -2.834753
v 13.998915 15.385427 -2.834753
v 16.998917 15.385427 -2.834753
v 17.998917 15.385427 -2.834753
v 22.998917 15.385427 -2.834753
v 23.998917 15.385427 -2.834753
v 27.998917 15.385427 -2.834753
v 41.998913 15.385427 -2.834753
v 43.998917 15.385427 -2.834753
v 44.998913 15.385427 -2.834753
v 48.998917 15.385427 -2.834753
v -49.001087 18.385420 -1.834753
v -47.001083 18.385420 -1.834753
v -46.001083 18.385420 -1.834753
v -45.001087 18.385420 -1.834753
v -25.001083 18.385420 -1.834753
v -21.001083 18.385420 -1.834753
v -20.001083 18.385420 -1.834753
v -16.001085 18.385420 -1.834753
v -15.001084 18.385420 -1.834753
v -12.001085 18.385420 -1.834753
v -11.001085 18.385420 -1.834753
v -10.001085 18.385420 -1.834753
v 9.998916 18.385420 -1.834753
v 10.998916 18.385420 -1.834753
v 11.998916 18.385420 -1.834753
v 14.998916 18.385420 -1.834753
v 15.998916 18.385420 -1.834753
v 19.998917 18.385420 -1.834753
v 20.998915 18.385420 -1.834753
v 24.998917 18.385420 -1.834753
v 44.998913 18.385420 -1.834753
v 45.998913 18.385420 -1.834753
v 46.998913 18.385420 -1.834753
v 48.998917 18.385420 -1.834753
v -49.001087 18.385420 -2.834753
v -47.001083 18.385420 -2.834753
v -46.001083 18.385420 -2.834753
v -45.001087 18.385420 -2.834753
v -25.001083 18.385420 -2.834753
v -21.001083 18.385420 -2.834753
v -20.001083 18.385420 -2.834753
v -16.001085 18.385420 -2.834753
v -15.001084 18.385420 -2.834753
v -12.001085 18.385420 -2.834753
v -11.001085 18.385420 -2.834753
v -10.001085 18.385420 -2.834753
v 9.998916 18.385420 -2.834753
v 10.998916 18.385420 -2.834753
v 11.998916 18.385420 -2.834753
v 14.998916 18.385420 -2.834753
v 15.998916 18.385420 -2.834753
v 19.998917 18.385420 -2.834753
v 20.998915 18.385420 -2.834753
v 24.998917 18.385420 -2.834753
v 44.998913 18.385420 -2.834753
v 45.998913 18.385420 -2.834753
v 46.998913 18.385420 -2.834753
v 48.998917 18.385420 -2.834753
v -44.001087 19.385424 10.165246
v -42.001083 19.385424 10.165246
v -39.001083 19.385424 10.165246
v -37.001083 19.385424 10.165246
v -33.001083 19.385424 10.165246
v -31.001083 19.385424 10.165246
v -28.001083 19.385424 10.165246
v -26.001083 19.385424 10.165246
v -9.001085 19.385424 10.165246
v -7.001085 19.385424 10.165246
v -4.001085 19.385424 10.165246
v -2.001085 19.385424 10.165246
v 1.998915 19.385424 10.165246
v 3.998915 19.385424 10.165246
v 6.998915 19.385424 10.165246
v 8.998915 19.385424 10.165246
v 25.998915 19.385424 10.165246
v 27.998917 19.385424 10.165246
v 30.998915 19.385424 10.165246
v 32.998917 19.385424 10.165246
v 36.998917 19.385424 10.165246
v 38.998917 19.385424 10.165246
v 41.998913 19.385424 10.165246
v 43.998917 19.385424 10.165246
v -44.001087 19.385424 1.165247
v -42.001083 19.385424 1.165247
v -39.001083 19.385424 1.165247
v -37.001083 19.385424 1.165247
v -33.001083 19.385424 1.165247
v -31.001083 19.385424 1.165247
v -28.001083 19.385424 1.165247
v -26.001083 19.385424 1.165247
v -9.001085 19.385424 1.165247
v -7.001085 19.385424 1.165247
v -4.001085 19.385424 1.165247
v -2.001085 19.385424 1.165247
v 1.998915 19.385424 1.165247
v 3.998915 19.385424 1.165247
v 6.998915 19.385424 1.165247
v 8.998915 19.385424 1.165247
v 25.998915 19.385424 1.165247
v 27.998917 19.385424 1.165247
v 30.998915 19.385424 1.165247
v 32.998917 19.385424 1.165247
v 36.998917 19.385424 1.165247
v 38.998917 19.385424 1.165247
v 41.998913 19.385424 1.165247
v 43.998917 19.385424 1.165247
v -45.001087 20.385427 10.165246
v -44.001087 20.385427 10.165246
v -42.001083 20.385427 10.165246
v -41.001083 20.385427 10.165246
v -40.001083 20.385427 10.165246
v -39.001083 20.385427 10.165246
v -37.001083 20.385427 10.165246
v -36.001083 20.385427 10.165246
v -34.001083 20.385427 10.165246
v -33.001083 20.385427 10.165246
v -31.001083 20.385427 10.165246
v -30.001083 20.385427 10.165246
v -29.001085 20.385427 10.165246
v -28.001083 20.385427 10.165246
v -26.001083 20.385427 10.165246
v -25.001083 20.385427 10.165246
v -10.001085 20.385427 10.165246
v -9.001085 20.385427 10.165246
v -7.001085 20.385427 10.165246
v -6.001085 20.385427 10.165246
v -5.001085 20.385427 10.165246
v -4.001085 20.385427 10.165246
v -2.001085 20.385427 10.165246
v -1.001084 20.385427 10.165246
v 0.998915 20.385427 10.165246
v 1.998915 20.385427 10.165246
v 3.998915 20.385427 10.165246
v 4.998915 20.385427 10.165246
v 5.998915 20.385427 10.165246
v 6.998915 20.385427 10.165246
v 8.998915 20.385427 10.165246
v 9.998916 20.385427 10.165246
v 24.998917 20.385427 10.165246
v 25.998915 20.385427 10.165246
v 27.998917 20.385427 10.165246
v 28.998917 20.385427 10.165246
v 29.998917 20.385427 10.165246
v 30.998915 20.385427 10.165246
v 32.998917 20.385427 10.165246
v 33.998917 20.385427 10.165246
v 35.998917 20.385427 10.165246
v 36.998917 20.385427 10.165246
v 38.998917 20.385427 10.165246
v 39.998913 20.385427 10.165246
v 40.998913 20.385427 10.165246
v 41.998913 20.385427 10.165246
v 43.998917 20.385427 10.165246
v 44.998913 20.385427 10.165246
v -45.001087 20.385427 1.165247
v -44.001087 20.385427 1.165247
v -42.001083 20.385427 1.165247
v -41.001083 20.385427 1.165247
v -40.001083 20.385427 1.165247
v -39.001083 20.385427 1.165247
v -37.001083 20.385427 1.165247
v -36.001083 20.385427 1.165247
v -34.001083 20.385427 1.165247
v -33.001083 20.385427 1.165247
v -31.001083 20.385427 1.165247
v -30.001083 20.385427 1.165247
v -29.001085 20.385427 1.165247
v -28.001083 20.385427 1.165247
v -26.001083 20.385427 1.165247
v -25.001083 20.385427 1.165247
v -10.001085 20.385427 1.165247
v -9.001085 20.385427 1.165247
v -7.001085 20.385427 1.165247
v -6.001085 20.385427 1.165247
v -5.001085 20.385427 1.165247
v -4.001085 20.385427 1.165247
v -2.001085 20.385427 1.165247
v -1.001084 20.385427 1.165247
v 0.998915 20.385427 1.165247
v 1.998915 20.385427 1.165247
v 3.998915 20.385427 1.165247
v 4.998915 20.385427 1.165247
v 5.998915 20.385427 1.165247
v 6.998915 20.385427 1.165247
v 8.998915 20.385427 1.165247
v 9.998916 20.385427 1.165247
v 24.998917 20.385427 1.165247
v 25.998915 20.385427 1.165247
v 27.998917 20.385427 1.165247
v 28.998917 20.385427 1.165247
v 29.998917 20.385427 1.165247
v 30.998915 20.385427 1.165247
v 32.998917 20.385427 1.165247
v 33.998917 20.385427 1.165247
v 35.998917 20.385427 1.165247
v 36.998917 20.385427 1.165247
v 38.998917 20.385427 1.165247
v 39.998913 20.385427 1.165247
v 40.998913 20.385427 1.165247
v 41.998913 20.385427 1.165247
v 43.998917 20.385427 1.165247
v 44.998913 20.385427 1.165247
v -49.001087 21.385422 -1.834753
v -46.001083 21.385422 -1.834753
v -24.001085 21.385422 -1.834753
v -22.001083 21.385422 -1.834753
v -21.001083 21.385422 -1.834753
v -18.001083 21.385422 -1.834753
v -17.001083 21.385422 -1.834753
v -14.001084 21.385422 -1.834753
v -13.001084 21.385422 -1.834753
v -11.001085 21.385422 -1.834753
v 10.998916 21.385422 -1.834753
v 12.998915 21.385422 -1.834753
v 13.998915 21.385422 -1.834753
v 16.998917 21.385422 -1.834753
v 17.998917 21.385422 -1.834753
v 20.998915 21.385422 -1.834753
v 21.998917 21.385422 -1.834753
v 23.998917 21.385422 -1.834753
v 45.998913 21.385422 -1.834753
v 48.998917 21.385422 -1.834753
v -49.001087 21.385422 -2.834753
v -46.001083 21.385422 -2.834753
v -24.001085 21.385422 -2.834753
v -22.001083 21.385422 -2.834753
v -21.001083 21.385422 -2.834753
v -18.001083 21.385422 -2.834753
v -17.001083 21.385422 -2.834753
v -14.001084 21.385422 -2.834753
v -13.001084 21.385422 -2.834753
v -11.001085 21.385422 -2.834753
v 10.998916 21.385422 -2.834753
v 12.998915 21.385422 -2.834753
v 13.998915 21.385422 -2.834753
v 16.998917 21.385422 -2.834753
v 17.998917 21.385422 -2.834753
v 20.998915 21.385422 -2.834753
v 21.998917 21.385422 -2.834753
v 23.998917 21.385422 -2.834753
v 45.998913 21.385422 -2.834753
v 48.998917 21.385422 -2.834753
v -46.001083 22.385426 10.165246
v -45.001087 22.385426 10.165246
v -25.001083 22.385426 10.165246
v -24.001085 22.385426 10.165246
v -11.001085 22.385426 10.165246
v -10.001085 22.385426 10.165246
v 9.998916 22.385426 10.165246
v 10.998916 22.385426 10.165246
v 23.998917 22.385426 10.165246
v 24.998917 22.385426 10.165246
v 44.998913 22.385426 10.165246
v 45.998913 22.385426 10.165246
v -46.001083 22.385426 -2.834754
v -45.001087 22.385426 -2.834754
v -25.001083 22.385426 -2.834754
v -24.001085 22.385426 -2.834754
v -11.001085 22.385426 -2.834754
v -10.001085 22.385426 -2.834754
v 9.998916 22.385426 -2.834754
v 10.998916 22.385426 -2.834754
v 23.998917 22.385426 -2.834754
v 24.998917 22.385426 -2.834754
v 44.998913 22.385426 -2.834754
v 45.998913 22.385426 -2.834754
v -49.001087 24.385424 -1.834753
v -48.001087 24.385424 -1.834753
v -21.001083 24.385424 -1.834753
v -18.001083 24.385424 -1.834753
v -17.001083 24.385424 -1.834753
v -13.001084 24.385424 -1.834753
v 12.998915 24.385424 -1.834753
v 16.998917 24.385424 -1.834753
v 17.998917 24.385424 -1.834753
v 20.998915 24.385424 -1.834753
v 47.998917 24.385424 -1.834753
v 48.998917 24.385424 -1.834753
v -49.001087 24.385424 -2.834754
v -48.001087 24.385424 -2.834754
v -21.001083 24.385424 -2.834754
v -18.001083 24.385424 -2.834754
v -17.001083 24.385424 -2.834754
v -13.001084 24.385424 -2.834754
v 12.998915 24.385424 -2.834754
v 16.998917 24.385424 -2.834754
v 17.998917 24.385424 -2.834754
v 20.998915 24.385424 -2.834754
v 47.998917 24.385424 -2.834754
v 48.998917 24.385424 -2.834754
v -50.001087 28.385420 10.165246
v 49.998913 28.385420 10.165246
v -50.001087 28.385420 -2.834754
v 49.998913 28.385420 -2.834754
v -50.001087 31.385433 -2.834754
v 49.998913 31.385433 -2.834754
v -50.001087 31.385433 -3.834754
v 49.998913 31.385433 -3.834754
vn -1.0000 -0.0000 -0.0000
vn -1.0000 0.0001 -0.0000
vn 1.0000 -0.0000 -0.0000
vn 1.0000 0.0001 -0.0000
vn -0.0000 -0.0000 1.0000
vn -0.0000 -0.0000 -1.0000
vn -0.0000 -1.0000 -0.0000
vn -0.0000 1.0000 -0.0000
vn -0.0000 1.0000 -0.0001
vt 0.763672 0.500000
vt 0.732422 0.500000
vt 0.646484 0.500000
vt 0.220703 0.500000
vt 0.228516 0.500000
vt 0.232422 0.500000
s 1
usemtl palette.003
f 5/1/1 2/1/1 1/1/1
f 6/2/1 3/2/1 2/2/1
f 6/1/1 2/1/1 5/1/1
f 7/3/1 5/3/1 4/3/1
f 7/3/1 6/3/1 5/3/1
f 8/2/1 3/2/1 6/2/1
f 8/3/1 6/3/1 7/3/1
f 9/2/1 3/2/1 8/2/1
f 10/2/1 3/2/1 9/2/1
f 13/3/1 12/3/1 11/3/1
f 14/3/1 12/3/1 13/3/1
f 18/3/1 16/3/1 15/3/1
f 18/3/1 17/3/1 16/3/1
f 19/3/1 17/3/1 18/3/1
f 22/1/1 21/1/1 20/1/1
f 23/1/1 21/1/1 22/1/1
f 26/1/1 25/1/1 24/1/1
f 27/1/1 25/1/1 26/1/1
f 30/1/1 29/1/1 28/1/1
f 31/1/1 29/1/1 30/1/1
f 34/1/1 33/1/1 32/1/1
f 35/1/1 33/1/1 34/1/1
f 38/1/1 37/1/1 36/1/1
f 39/1/1 37/1/1 38/1/1
f 42/3/1 41/3/1 40/3/1
f 43/3/1 41/3/1 42/3/1
f 46/1/1 45/1/1 44/1/1
f 47/1/1 45/1/1 46/1/1
f 50/1/1 49/1/1 48/1/1
f 51/1/1 49/1/1 50/1/1
f 54/1/1 53/1/1 52/1/1
f 55/1/1 53/1/1 54/1/1
f 58/1/1 57/1/1 56/1/1
f 59/1/1 57/1/1 58/1/1
f 62/1/1 61/1/1 60/1/1
f 63/1/1 61/1/1 62/1/1
f 66/3/2 65/3/1 64/3/1
f 68/3/1 66/3/2 64/3/1
f 68/3/1 67/3/1 66/3/2
f 69/3/1 67/3/1 68/3/1
f 72/1/1 71/1/1 70/1/1
f 73/1/1 71/1/1 72/1/1
f 76/1/1 75/1/1 74/1/1
f 77/1/1 75/1/1 76/1/1
f 80/1/1 79/1/1 78/1/1
f 81/1/1 79/1/1 80/1/1
f 85/4/1 83/4/2 82/4/1
f 85/4/1 84/4/1 83/4/2
f 86/4/1 84/4/1 85/4/1
f 87/3/1 86/3/1 85/3/1
f 88/3/1 86/3/1 87/3/1
f 91/3/1 90/3/1 89/3/1
f 92/3/1 90/3/1 91/3/1
f 95/1/1 94/1/1 93/1/1
f 96/1/1 94/1/1 95/1/1
f 99/1/1 98/1/1 97/1/1
f 100/1/1 98/1/1 99/1/1
f 103/1/1 102/1/1 101/1/1
f 104/1/1 102/1/1 103/1/1
f 107/5/1 106/5/1 105/5/1
f 108/5/1 106/5/1 107/5/1
f 111/1/1 110/1/1 109/1/1
f 112/1/1 110/1/1 111/1/1
f 115/1/1 114/1/1 113/1/1
f 116/1/1 114/1/1 115/1/1
f 119/1/1 118/1/1 117/1/1
f 120/1/1 118/1/1 119/1/1
f 123/5/1 122/5/1 121/5/1
f 124/5/1 122/5/1 123/5/1
f 127/1/1 126/1/1 125/1/1
f 128/1/1 126/1/1 127/1/1
f 131/1/1 130/1/1 129/1/1
f 132/1/1 130/1/1 131/1/1
f 135/1/1 134/1/1 133/1/1
f 136/1/1 134/1/1 135/1/1
f 139/1/1 138/1/1 137/1/1
f 140/1/1 138/1/1 139/1/1
f 143/1/1 142/1/1 141/1/1
f 144/1/1 142/1/1 143/1/1
f 147/1/1 146/1/1 145/1/1
f 148/1/1 146/1/1 147/1/1
f 152/5/1 150/5/1 149/5/1
f 152/5/1 151/5/1 150/5/1
f 153/5/1 151/5/1 152/5/1
f 156/3/1 155/3/1 154/3/1
f 157/3/1 155/3/1 156/3/1
f 160/3/1 159/3/1 158/3/1
f 161/3/1 159/3/1 160/3/1
f 164/1/1 163/1/1 162/1/1
f 165/1/1 163/1/1 164/1/1
f 168/4/1 167/4/1 166/4/1
f 169/4/1 167/4/1 168/4/1
f 172/3/1 171/3/1 170/3/1
f 173/3/1 171/3/1 172/3/1
f 176/3/1 175/3/1 174/3/1
f 178/3/1 176/3/1 174/3/1
f 178/3/1 177/3/1 176/3/1
f 179/3/1 177/3/1 178/3/1
f 180/3/1 178/3/1 174/3/1
f 182/3/1 180/3/1 174/3/1
f 182/3/1 181/3/1 180/3/1
f 183/3/1 181/3/1 182/3/1
f 184/3/1 181/3/1 183/3/1
f 186/1/1 184/1/1 183/1/1
f 187/1/1 184/1/1 186/1/1
f 188/1/1 184/1/1 187/1/1
f 189/3/1 186/3/1 185/3/1
f 189/3/1 187/3/1 186/3/1
f 190/3/1 187/3/1 189/3/1
f 191/3/1 187/3/1 190/3/1
f 194/1/1 192/1/1 191/1/1
f 194/1/1 191/1/1 190/1/1
f 195/1/1 192/1/1 194/1/1
f 196/3/1 194/3/1 193/3/1
f 196/3/1 195/3/1 194/3/1
f 197/3/1 195/3/1 196/3/1
f 198/3/1 195/3/1 197/3/1
f 199/3/1 195/3/1 198/3/1
f 201/1/1 198/1/1 197/1/1
f 202/1/1 198/1/1 201/1/1
f 204/3/1 201/3/1 200/3/1
f 204/3/1 203/3/1 202/3/1
f 204/3/1 202/3/1 201/3/1
f 205/3/1 203/3/1 204/3/1
f 206/3/1 204/3/1 200/3/1
f 208/3/1 206/3/1 200/3/1
f 208/3/1 207/3/1 206/3/1
f 209/3/1 207/3/1 208/3/1
f 210/3/1 207/3/1 209/3/1
f 211/3/1 207/3/1 210/3/1
f 213/1/1 210/1/1 209/1/1
f 214/1/1 210/1/1 213/1/1
f 216/3/1 213/3/1 212/3/1
f 216/3/1 215/3/1 214/3/1
f 216/3/1 214/3/1 213/3/1
f 217/3/1 215/3/1 216/3/1
f 218/3/1 215/3/1 217/3/1
f 220/1/1 218/1/1 217/1/1
f 221/1/1 218/1/1 220/1/1
f 222/1/1 218/1/1 221/1/1
f 223/3/1 220/3/1 219/3/1
f 223/3/1 221/3/1 220/3/1
f 224/3/1 221/3/1 223/3/1
f 225/3/1 221/3/1 224/3/1
f 228/1/1 226/1/1 225/1/1
f 228/1/1 225/1/1 224/1/1
f 229/1/1 226/1/1 228/1/1
f 230/3/1 228/3/1 227/3/1
f 230/3/1 229/3/1 228/3/1
f 231/3/1 229/3/1 230/3/1
f 232/3/1 230/3/1 227/3/1
f 233/3/1 230/3/1 232/3/1
f 234/3/1 230/3/1 233/3/1
f 237/1/1 235/1/1 234/1/1
f 237/1/1 234/1/1 233/1/1
f 238/1/1 235/1/1 237/1/1
f 239/3/1 237/3/1 236/3/1
f 239/3/1 238/3/1 237/3/1
f 240/3/1 238/3/1 239/3/1
f 241/3/1 238/3/1 240/3/1
f 242/3/1 238/3/1 241/3/1
f 244/1/1 241/1/1 240/1/1
f 245/1/1 241/1/1 244/1/1
f 247/3/1 244/3/1 243/3/1
f 247/3/1 246/3/1 245/3/1
f 247/3/1 245/3/1 244/3/1
f 248/3/1 246/3/1 247/3/1
f 249/3/1 246/3/1 248/3/1
f 251/1/1 249/1/1 248/1/1
f 252/1/1 249/1/1 251/1/1
f 253/1/1 249/1/1 252/1/1
f 254/3/1 251/3/1 250/3/1
f 254/3/1 252/3/1 251/3/1
f 256/3/1 254/3/1 250/3/1
f 256/3/1 255/3/1 254/3/1
f 257/3/1 255/3/1 256/3/1
f 258/3/1 256/3/1 250/3/1
f 260/3/1 258/3/1 250/3/1
f 260/3/1 259/3/1 258/3/1
f 261/3/1 259/3/1 260/3/1
f 262/3/1 259/3/1 261/3/1
f 264/1/1 262/1/1 261/1/1
f 265/1/1 262/1/1 264/1/1
f 266/1/1 262/1/1 265/1/1
f 267/3/1 264/3/1 263/3/1
f 267/3/1 265/3/1 264/3/1
f 268/3/1 265/3/1 267/3/1
f 269/3/1 265/3/1 268/3/1
f 272/1/1 270/1/1 269/1/1
f 272/1/1 269/1/1 268/1/1
f 273/1/1 270/1/1 272/1/1
f 274/3/1 272/3/1 271/3/1
f 274/3/1 273/3/1 272/3/1
f 275/3/1 273/3/1 274/3/1
f 276/3/1 273/3/1 275/3/1
f 277/3/1 273/3/1 276/3/1
f 279/1/1 276/1/1 275/1/1
f 280/1/1 276/1/1 279/1/1
f 282/3/1 279/3/1 278/3/1
f 282/3/1 281/3/1 280/3/1
f 282/3/1 280/3/1 279/3/1
f 283/3/1 281/3/1 282/3/1
f 284/3/1 282/3/1 278/3/1
f 286/3/1 284/3/1 278/3/1
f 286/3/1 285/3/1 284/3/1
f 287/3/1 285/3/1 286/3/1
f 290/3/1 289/3/1 288/3/1
f 291/3/1 289/3/1 290/3/1
f 294/3/1 293/3/1 292/3/1
f 295/3/1 293/3/1 294/3/1
f 298/3/1 297/3/1 296/3/1
f 299/3/1 297/3/1 298/3/1
f 302/3/1 301/3/1 300/3/1
f 303/3/1 301/3/1 302/3/1
f 306/3/1 305/3/1 304/3/1
f 307/3/1 305/3/1 306/3/1
f 310/3/1 309/3/1 308/3/1
f 311/3/1 309/3/1 310/3/1
f 314/3/1 313/3/1 312/3/1
f 315/3/1 313/3/1 314/3/1
f 318/3/1 317/3/1 316/3/1
f 319/3/1 317/3/1 318/3/1
f 322/3/1 321/3/1 320/3/1
f 323/3/1 321/3/1 322/3/1
f 326/3/1 325/3/1 324/3/1
f 327/3/1 325/3/1 326/3/1
f 330/3/1 329/3/1 328/3/1
f 331/3/1 329/3/1 330/3/1
f 334/3/1 333/3/1 332/3/1
f 335/3/1 333/3/1 334/3/1
f 338/3/1 337/3/1 336/3/1
f 339/3/1 337/3/1 338/3/1
f 342/3/1 341/3/1 340/3/1
f 343/3/1 341/3/1 342/3/1
f 346/3/1 345/3/1 344/3/1
f 347/3/1 345/3/1 346/3/1
f 350/3/1 349/3/1 348/3/1
f 351/3/1 349/3/1 350/3/1
f 354/3/1 353/3/1 352/3/1
f 355/3/1 353/3/1 354/3/1
f 358/3/1 357/3/1 356/3/1
f 359/3/1 357/3/1 358/3/1
f 362/3/1 361/3/1 360/3/1
f 363/3/1 361/3/1 362/3/1
f 366/3/1 365/3/1 364/3/1
f 367/3/1 365/3/1 366/3/1
f 370/3/1 369/3/1 368/3/1
f 371/3/1 369/3/1 370/3/1
f 374/3/1 373/3/1 372/3/1
f 375/3/1 373/3/1 374/3/1
f 378/3/1 377/3/1 376/3/1
f 379/3/1 377/3/1 378/3/1
f 382/3/1 381/3/1 380/3/1
f 383/3/1 381/3/1 382/3/1
f 386/3/1 385/3/1 384/3/1
f 387/3/1 385/3/1 386/3/1
f 390/3/1 389/3/1 388/3/1
f 391/3/1 389/3/1 390/3/1
f 394/3/1 393/3/1 392/3/1
f 395/3/1 393/3/1 394/3/1
f 398/3/1 397/3/1 396/3/1
f 399/3/1 397/3/1 398/3/1
f 402/3/1 401/3/1 400/3/1
f 403/3/1 401/3/1 402/3/1
f 406/3/1 405/3/1 404/3/1
f 407/3/1 405/3/1 406/3/1
f 410/1/1 409/1/1 408/1/1
f 411/1/1 409/1/1 410/1/1
f 414/1/1 413/1/1 412/1/1
f 415/1/1 413/1/1 414/1/1
f 418/1/1 417/1/1 416/1/1
f 419/1/1 417/1/1 418/1/1
f 422/1/1 421/1/1 420/1/1
f 423/1/1 421/1/1 422/1/1
f 426/1/1 425/1/1 424/1/1
f 427/1/1 425/1/1 426/1/1
f 430/1/1 429/1/1 428/1/1
f 431/1/1 429/1/1 430/1/1
f 434/1/1 433/1/1 432/1/1
f 435/1/1 433/1/1 434/1/1
f 438/1/1 437/1/1 436/1/1
f 439/1/1 437/1/1 438/1/1
f 442/1/1 441/1/1 440/1/1
f 443/1/1 441/1/1 442/1/1
f 446/1/1 445/1/1 444/1/1
f 447/1/1 445/1/1 446/1/1
f 450/1/1 449/1/1 448/1/1
f 451/1/1 449/1/1 450/1/1
f 454/3/1 453/3/1 452/3/1
f 455/3/1 453/3/1 454/3/1
f 458/3/1 457/3/1 456/3/1
f 459/3/1 457/3/1 458/3/1
f 462/1/1 461/1/1 460/1/1
f 463/1/1 461/1/1 462/1/1
f 466/1/1 465/1/1 464/1/1
f 467/1/1 465/1/1 466/1/1
f 470/3/1 469/3/1 468/3/1
f 471/3/1 469/3/1 470/3/1
f 474/1/1 473/1/1 472/1/1
f 475/1/1 473/1/1 474/1/1
f 478/1/1 477/1/1 476/1/1
f 479/1/1 477/1/1 478/1/1
f 482/1/1 481/1/1 480/1/1
f 483/1/1 481/1/1 482/1/1
f 486/1/1 485/1/1 484/1/1
f 487/1/1 485/1/1 486/1/1
f 490/1/1 489/1/1 488/1/1
f 491/1/1 489/1/1 490/1/1
f 494/1/1 493/1/1 492/1/1
f 495/1/1 493/1/1 494/1/1
f 498/1/1 497/1/1 496/1/1
f 499/1/1 497/1/1 498/1/1
f 502/6/1 501/6/1 500/6/1
f 504/6/1 502/6/1 500/6/1
f 504/6/1 503/6/1 502/6/1
f 505/6/1 503/6/1 504/6/1
f 506/6/1 504/6/1 500/6/1
f 508/6/1 506/6/1 500/6/1
f 508/6/1 507/6/1 506/6/1
f 509/6/1 507/6/1 508/6/1
f 510/6/1 508/6/1 500/6/1
f 512/6/1 510/6/1 500/6/1
f 512/6/1 511/6/1 510/6/1
f 513/6/1 511/6/1 512/6/1
f 514/6/1 512/6/1 500/6/1
f 515/6/1 512/6/1 514/6/1
f 518/1/1 517/1/1 516/1/1
f 519/1/1 517/1/1 518/1/1
f 522/1/1 521/1/1 520/1/1
f 523/1/1 521/1/1 522/1/1
f 527/2/1 525/2/1 524/2/1
f 528/2/1 525/2/1 527/2/1
f 529/6/1 527/6/1 526/6/1
f 529/6/1 528/6/1 527/6/1
f 530/6/1 528/6/1 529/6/1
f 533/6/1 532/6/1 531/6/1
f 534/6/1 532/6/1 533/6/1
f 535/6/1 532/6/1 534/6/1
f 538/1/1 537/1/1 536/1/1
f 539/1/1 537/1/1 538/1/1
f 542/6/1 541/6/1 540/6/1
f 543/6/1 541/6/1 542/6/1
f 546/6/1 545/6/1 544/6/1
f 548/6/1 546/6/1 544/6/1
f 548/6/1 547/6/1 546/6/1
f 549/6/1 547/6/1 548/6/1
f 552/1/1 551/1/1 550/1/1
f 553/1/1 551/1/1 552/1/1
f 556/1/1 555/1/1 554/1/1
f 557/1/1 555/1/1 556/1/1
f 560/6/1 559/6/1 558/6/1
f 561/6/1 559/6/1 560/6/1
f 562/6/1 560/6/1 558/6/1
f 563/6/1 560/6/1 562/6/1
f 566/1/1 565/1/1 564/1/1
f 567/1/1 565/1/1 566/1/1
f 570/1/1 569/1/1 568/1/1
f 571/1/1 569/1/1 570/1/1
f 574/1/1 573/1/1 572/1/1
f 575/1/1 573/1/1 574/1/1
f 578/6/1 577/6/1 576/6/1
f 579/6/1 577/6/1 578/6/1
f 582/1/1 581/1/1 580/1/1
f 583/1/1 581/1/1 582/1/1
f 586/6/1 585/6/1 584/6/1
f 587/6/1 585/6/1 586/6/1
f 590/6/1 589/6/1 588/6/1
f 591/6/1 589/6/1 590/6/1
f 594/6/1 593/6/1 592/6/1
f 595/6/1 593/6/1 594/6/1
f 598/6/1 597/6/1 596/6/1
f 599/6/1 597/6/1 598/6/1
f 602/6/1 601/6/1 600/6/1
f 603/6/1 601/6/1 602/6/1
f 604/6/1 601/6/1 603/6/1
f 607/1/1 606/1/1 605/1/1
f 608/1/1 606/1/1 607/1/1
f 611/1/1 610/1/1 609/1/1
f 612/1/1 610/1/1 611/1/1
f 615/1/1 614/1/1 613/1/1
f 616/1/1 614/1/1 615/1/1
f 619/2/1 618/2/1 617/2/1
f 620/2/1 618/2/1 619/2/1
f 623/1/1 622/1/1 621/1/1
f 624/1/1 622/1/1 623/1/1
f 628/6/1 626/6/1 625/6/1
f 629/2/1 627/2/1 626/2/1
f 629/6/1 626/6/1 628/6/1
f 630/2/1 627/2/1 629/2/1
f 633/1/1 632/1/1 631/1/1
f 634/1/1 632/1/1 633/1/1
f 638/6/1 636/6/1 635/6/1
f 639/2/1 637/2/1 636/2/1
f 639/6/1 636/6/1 638/6/1
f 640/2/1 637/2/1 639/2/1
f 643/1/1 642/1/1 641/1/1
f 644/1/1 642/1/1 643/1/1
f 648/6/1 646/6/1 645/6/1
f 649/2/1 647/2/1 646/2/1
f 649/6/1 646/6/1 648/6/1
f 650/2/1 647/2/1 649/2/1
f 654/6/1 652/6/1 651/6/1
f 655/2/1 653/2/1 652/2/1
f 655/6/1 652/6/1 654/6/1
f 656/2/1 653/2/1 655/2/1
f 659/1/1 658/1/1 657/1/1
f 660/1/1 658/1/1 659/1/1
f 663/1/1 662/1/1 661/1/1
f 664/1/1 662/1/1 663/1/1
f 667/1/1 666/1/1 665/1/1
f 668/1/1 666/1/1 667/1/1
f 671/1/1 670/1/1 669/1/1
f 672/1/1 670/1/1 671/1/1
f 676/6/1 674/6/1 673/6/1
f 677/2/1 675/2/1 674/2/1
f 677/6/1 674/6/1 676/6/1
f 679/2/1 675/2/1 677/2/1
f 680/6/1 679/6/1 678/6/1
f 681/2/1 675/2/1 679/2/1
f 681/6/1 679/6/1 680/6/1
f 683/2/1 675/2/1 681/2/1
f 684/6/1 683/6/1 682/6/1
f 685/2/1 675/2/1 683/2/1
f 685/6/1 683/6/1 684/6/1
f 687/2/1 675/2/1 685/2/1
f 688/6/1 687/6/1 686/6/1
f 689/2/1 675/2/1 687/2/1
f 689/6/1 687/6/1 688/6/1
f 690/2/1 675/2/1 689/2/1
f 694/3/1 692/3/2 691/3/1
f 694/3/1 693/3/1 692/3/2
f 695/3/1 693/3/1 694/3/1
f 698/1/1 697/1/1 696/1/1
f 699/1/1 697/1/1 698/1/1
f 702/1/1 701/1/1 700/1/1
f 703/1/1 701/1/1 702/1/1
f 706/1/1 705/1/1 704/1/1
f 707/1/1 705/1/1 706/1/1
f 710/1/1 709/1/1 708/1/1
f 711/1/1 709/1/1 710/1/1
f 714/1/1 713/1/1 712/1/1
f 715/1/1 713/1/1 714/1/1
f 718/1/1 717/1/1 716/1/1
f 719/1/1 717/1/1 718/1/1
f 722/1/1 721/1/1 720/1/1
f 723/1/1 721/1/1 722/1/1
f 726/3/1 725/3/1 724/3/1
f 727/3/1 725/3/1 726/3/1
f 730/3/1 729/3/1 728/3/1
f 732/3/1 730/3/1 728/3/1
f 732/3/1 731/3/1 730/3/1
f 733/3/1 731/3/1 732/3/1
f 737/4/1 735/4/1 734/4/1
f 737/4/1 736/4/1 735/4/1
f 738/4/1 736/4/1 737/4/1
f 739/3/1 738/3/1 737/3/1
f 740/3/1 738/3/1 739/3/1
f 743/3/1 742/3/1 741/3/1
f 744/3/1 742/3/1 743/3/1
f 747/1/1 746/1/1 745/1/1
f 748/1/1 746/1/1 747/1/1
f 751/1/1 750/1/1 749/1/1
f 752/1/1 750/1/1 751/1/1
f 755/1/1 754/1/1 753/1/1
f 756/1/1 754/1/1 755/1/1
f 759/5/1 758/5/1 757/5/1
f 760/5/1 758/5/1 759/5/1
f 763/1/1 762/1/1 761/1/1
f 764/1/1 762/1/1 763/1/1
f 767/1/1 766/1/1 765/1/1
f 768/1/1 766/1/1 767/1/1
f 771/1/1 770/1/1 769/1/1
f 772/1/1 770/1/1 771/1/1
f 775/1/1 774/1/1 773/1/1
f 776/1/1 774/1/1 775/1/1
f 779/5/1 778/5/1 777/5/1
f 780/5/1 778/5/1 779/5/1
f 783/1/1 782/1/1 781/1/1
f 784/1/1 782/1/1 783/1/1
f 787/1/1 786/1/1 785/1/1
f 788/1/1 786/1/1 787/1/1
f 792/5/1 790/5/1 789/5/1
f 792/5/1 791/5/1 790/5/1
f 793/5/1 791/5/1 792/5/1
f 796/3/1 795/3/1 794/3/1
f 797/3/1 795/3/1 796/3/1
f 800/3/1 799/3/1 798/3/1
f 801/3/1 799/3/1 800/3/1
f 804/4/1 803/4/1 802/4/1
f 805/4/1 803/4/1 804/4/1
f 808/3/1 807/3/1 806/3/1
f 809/3/1 807/3/1 808/3/1
f 812/3/1 811/3/1 810/3/1
f 814/3/1 812/3/1 810/3/1
f 814/3/1 813/3/1 812/3/1
f 815/3/1 813/3/1 814/3/1
f 816/3/1 814/3/1 810/3/1
f 818/3/1 816/3/1 810/3/1
f 818/3/1 817/3/1 816/3/1
f 819/3/1 817/3/1 818/3/1
f 820/3/1 817/3/1 819/3/1
f 822/1/1 820/1/1 819/1/1
f 823/1/1 820/1/1 822/1/1
f 824/1/1 820/1/1 823/1/1
f 825/3/1 822/3/1 821/3/1
f 825/3/1 823/3/1 822/3/1
f 826/3/1 823/3/1 825/3/1
f 827/3/1 823/3/1 826/3/1
f 830/1/1 828/1/1 827/1/1
f 830/1/1 827/1/1 826/1/1
f 831/1/1 828/1/1 830/1/1
f 832/3/1 830/3/1 829/3/1
f 832/3/1 831/3/1 830/3/1
f 833/3/1 831/3/1 832/3/1
f 834/3/1 831/3/1 833/3/1
f 835/3/1 831/3/1 834/3/1
f 837/1/1 834/1/1 833/1/1
f 838/1/1 834/1/1 837/1/1
f 840/3/1 837/3/1 836/3/1
f 840/3/1 839/3/1 838/3/1
f 840/3/1 838/3/1 837/3/1
f 841/3/1 839/3/1 840/3/1
f 842/3/1 840/3/1 836/3/1
f 844/3/1 842/3/1 836/3/1
f 844/3/1 843/3/1 842/3/1
f 845/3/1 843/3/1 844/3/1
f 846/3/1 843/3/1 845/3/1
f 847/3/1 843/3/1 846/3/1
f 849/1/1 846/1/1 845/1/1
f 850/1/1 846/1/1 849/1/1
f 852/3/1 849/3/1 848/3/1
f 852/3/1 851/3/1 850/3/1
f 852/3/1 850/3/1 849/3/1
f 853/3/1 851/3/1 852/3/1
f 854/3/1 851/3/1 853/3/1
f 856/1/1 854/1/1 853/1/1
f 857/1/1 854/1/1 856/1/1
f 858/1/1 854/1/1 857/1/1
f 859/3/1 856/3/1 855/3/1
f 859/3/1 857/3/1 856/3/1
f 860/3/1 857/3/1 859/3/1
f 861/3/1 857/3/1 860/3/1
f 864/1/1 862/1/1 861/1/1
f 864/1/1 861/1/1 860/1/1
f 865/1/1 862/1/1 864/1/1
f 866/3/1 864/3/1 863/3/1
f 866/3/1 865/3/1 864/3/1
f 867/3/1 865/3/1 866/3/1
f 868/3/1 866/3/1 863/3/1
f 870/3/1 868/3/1 863/3/1
f 870/3/1 869/3/1 868/3/1
f 871/3/1 869/3/1 870/3/1
f 872/3/1 870/3/1 863/3/1
f 873/3/1 870/3/1 872/3/1
f 874/3/1 870/3/1 873/3/1
f 877/1/1 875/1/1 874/1/1
f 877/1/1 874/1/1 873/1/1
f 878/1/1 875/1/1 877/1/1
f 879/3/1 877/3/1 876/3/1
f 879/3/1 878/3/1 877/3/1
f 880/3/1 878/3/1 879/3/1
f 881/3/1 878/3/1 880/3/1
f 882/3/1 878/3/1 881/3/1
f 884/1/1 881/1/1 880/1/1
f 885/1/1 881/1/1 884/1/1
f 887/3/1 884/3/1 883/3/1
f 887/3/1 886/3/1 885/3/1
f 887/3/1 885/3/1 884/3/1
f 888/3/1 886/3/1 887/3/1
f 889/3/1 886/3/1 888/3/1
f 891/1/1 889/1/1 888/1/1
f 892/1/1 889/1/1 891/1/1
f 893/1/1 889/1/1 892/1/1
f 894/3/1 891/3/1 890/3/1
f 894/3/1 892/3/1 891/3/1
f 896/3/1 894/3/1 890/3/1
f 896/3/1 895/3/1 894/3/1
f 897/3/1 895/3/1 896/3/1
f 898/3/1 896/3/1 890/3/1
f 900/3/1 898/3/1 890/3/1
f 900/3/1 899/3/1 898/3/1
f 901/3/1 899/3/1 900/3/1
f 902/3/1 899/3/1 901/3/1
f 904/1/1 902/1/1 901/1/1
f 905/1/1 902/1/1 904/1/1
f 906/1/1 902/1/1 905/1/1
f 907/3/1 904/3/1 903/3/1
f 907/3/1 905/3/1 904/3/1
f 908/3/1 905/3/1 907/3/1
f 909/3/1 905/3/1 908/3/1
f 912/1/1 910/1/1 909/1/1
f 912/1/1 909/1/1 908/1/1
f 913/1/1 910/1/1 912/1/1
f 914/3/1 912/3/1 911/3/1
f 914/3/1 913/3/1 912/3/1
f 915/3/1 913/3/1 914/3/1
f 916/3/1 913/3/1 915/3/1
f 917/3/1 913/3/1 916/3/1
f 919/1/1 916/1/1 915/1/1
f 920/1/1 916/1/1 919/1/1
f 922/3/1 919/3/1 918/3/1
f 922/3/1 921/3/1 920/3/1
f 922/3/1 920/3/1 919/3/1
f 923/3/1 921/3/1 922/3/1
f 924/3/1 922/3/1 918/3/1
f 926/3/1 924/3/1 918/3/1
f 926/3/1 925/3/1 924/3/1
f 927/3/1 925/3/1 926/3/1
f 930/3/1 929/3/1 928/3/1
f 931/3/1 929/3/1 930/3/1
f 934/3/1 933/3/1 932/3/1
f 935/3/1 933/3/1 934/3/1
f 938/3/1 937/3/1 936/3/1
f 939/3/1 937/3/1 938/3/1
f 942/3/1 941/3/1 940/3/1
f 943/3/1 941/3/1 942/3/1
f 946/3/1 945/3/1 944/3/1
f 947/3/1 945/3/1 946/3/1
f 950/3/1 949/3/1 948/3/1
f 951/3/1 949/3/1 950/3/1
f 954/3/1 953/3/1 952/3/1
f 955/3/1 953/3/1 954/3/1
f 958/3/1 957/3/1 956/3/1
f 959/3/1 957/3/1 958/3/1
f 962/3/1 961/3/1 960/3/1
f 963/3/1 961/3/1 962/3/1
f 966/3/1 965/3/1 964/3/1
f 967/3/1 965/3/1 966/3/1
f 970/3/1 969/3/1 968/3/1
f 971/3/1 969/3/1 970/3/1
f 974/3/1 973/3/1 972/3/1
f 975/3/1 973/3/1 974/3/1
f 978/3/1 977/3/1 976/3/1
f 979/3/1 977/3/1 978/3/1
f 982/3/1 981/3/1 980/3/1
f 983/3/1 981/3/1 982/3/1
f 986/3/1 985/3/1 984/3/1
f 987/3/1 985/3/1 986/3/1
f 990/3/1 989/3/1 988/3/1
f 991/3/1 989/3/1 990/3/1
f 994/3/1 993/3/1 992/3/1
f 995/3/1 993/3/1 994/3/1
f 998/3/1 997/3/1 996/3/1
f 999/3/1 997/3/1 998/3/1
f 1002/3/1 1001/3/1 1000/3/1
f 1003/3/1 1001/3/1 1002/3/1
f 1006/3/1 1005/3/1 1004/3/1
f 1007/3/1 1005/3/1 1006/3/1
f 1010/3/1 1009/3/1 1008/3/1
f 1011/3/1 1009/3/1 1010/3/1
f 1014/3/1 1013/3/1 1012/3/1
f 1015/3/1 1013/3/1 1014/3/1
f 1018/3/1 1017/3/1 1016/3/1
f 1019/3/1 1017/3/1 1018/3/1
f 1022/3/1 1021/3/1 1020/3/1
f 1023/3/1 1021/3/1 1022/3/1
f 1026/3/1 1025/3/1 1024/3/1
f 1027/3/1 1025/3/1 1026/3/1
f 1030/3/1 1029/3/1 1028/3/1
f 1031/3/1 1029/3/1 1030/3/1
f 1034/3/1 1033/3/1 1032/3/1
f 1035/3/1 1033/3/1 1034/3/1
f 1038/3/1 1037/3/1 1036/3/1
f 1039/3/1 1037/3/1 1038/3/1
f 1042/3/1 1041/3/1 1040/3/1
f 1043/3/1 1041/3/1 1042/3/1
f 1046/3/1 1045/3/1 1044/3/1
f 1047/3/1 1045/3/1 1046/3/1
f 1050/1/1 1049/1/1 1048/1/1
f 1051/1/1 1049/1/1 1050/1/1
f 1054/1/1 1053/1/1 1052/1/1
f 1055/1/1 1053/1/1 1054/1/1
f 1058/1/1 1057/1/1 1056/1/1
f 1059/1/1 1057/1/1 1058/1/1
f 1062/1/1 1061/1/1 1060/1/1
f 1063/1/1 1061/1/1 1062/1/1
f 1066/1/1 1065/1/1 1064/1/1
f 1067/1/1 1065/1/1 1066/1/1
f 1070/1/1 1069/1/1 1068/1/1
f 1071/1/1 1069/1/1 1070/1/1
f 1074/1/1 1073/1/1 1072/1/1
f 1075/1/1 1073/1/1 1074/1/1
f 1078/1/1 1077/1/1 1076/1/1
f 1079/1/1 1077/1/1 1078/1/1
f 1082/1/1 1081/1/1 1080/1/1
f 1083/1/1 1081/1/1 1082/1/1
f 1086/3/1 1085/3/1 1084/3/1
f 1087/3/1 1085/3/1 1086/3/1
f 1090/3/1 1089/3/1 1088/3/1
f 1091/3/1 1089/3/1 1090/3/1
f 1094/3/1 1093/3/1 1092/3/1
f 1095/3/1 1093/3/1 1094/3/1
f 1098/1/1 1097/1/1 1096/1/1
f 1099/1/1 1097/1/1 1098/1/1
f 1102/1/1 1101/1/1 1100/1/1
f 1103/1/1 1101/1/1 1102/1/1
f 1106/1/1 1105/1/1 1104/1/1
f 1107/1/1 1105/1/1 1106/1/1
f 1110/1/1 1109/1/1 1108/1/1
f 1111/1/1 1109/1/1 1110/1/1
f 1114/1/1 1113/1/1 1112/1/1
f 1115/1/1 1113/1/1 1114/1/1
f 1118/1/1 1117/1/1 1116/1/1
f 1119/1/1 1117/1/1 1118/1/1
f 1122/1/1 1121/1/1 1120/1/1
f 1123/1/1 1121/1/1 1122/1/1
f 1126/1/1 1125/1/1 1124/1/1
f 1127/1/1 1125/1/1 1126/1/1
f 1130/1/1 1129/1/1 1128/1/1
f 1131/1/1 1129/1/1 1130/1/1
f 1134/1/1 1133/1/1 1132/1/1
f 1135/1/1 1133/1/1 1134/1/1
f 1138/6/1 1137/6/1 1136/6/1
f 1140/6/1 1138/6/1 1136/6/1
f 1140/6/1 1139/6/1 1138/6/1
f 1141/6/1 1139/6/1 1140/6/1
f 1142/6/1 1140/6/1 1136/6/1
f 1144/6/1 1142/6/1 1136/6/1
f 1144/6/1 1143/6/1 1142/6/1
f 1145/6/1 1143/6/1 1144/6/1
f 1146/6/1 1144/6/1 1136/6/1
f 1148/6/1 1146/6/1 1136/6/1
f 1148/6/1 1147/6/1 1146/6/1
f 1149/6/1 1147/6/1 1148/6/1
f 1150/6/1 1148/6/1 1136/6/1
f 1151/6/1 1148/6/1 1150/6/1
f 1154/1/1 1153/1/1 1152/1/1
f 1155/1/1 1153/1/1 1154/1/1
f 1158/6/1 1157/6/1 1156/6/1
f 1159/6/1 1157/6/1 1158/6/1
f 1162/6/1 1161/6/1 1160/6/1
f 1163/6/1 1161/6/1 1162/6/1
f 1164/6/1 1161/6/1 1163/6/1
f 1167/1/1 1166/1/1 1165/1/1
f 1168/1/1 1166/1/1 1167/1/1
f 1171/1/1 1170/1/1 1169/1/1
f 1172/1/1 1170/1/1 1171/1/1
f 1175/1/1 1174/1/1 1173/1/1
f 1176/1/1 1174/1/1 1175/1/1
f 1180/6/1 1178/6/1 1177/6/1
f 1180/6/1 1179/6/1 1178/6/1
f 1181/6/1 1179/6/1 1180/6/1
f 1184/6/1 1183/6/1 1182/6/1
f 1186/6/1 1184/6/1 1182/6/1
f 1186/6/1 1185/6/1 1184/6/1
f 1187/6/1 1185/6/1 1186/6/1
f 1190/1/1 1189/1/1 1188/1/1
f 1191/1/1 1189/1/1 1190/1/1
f 1194/6/1 1193/6/1 1192/6/1
f 1195/6/1 1193/6/1 1194/6/1
f 1196/6/1 1194/6/1 1192/6/1
f 1197/6/1 1194/6/1 1196/6/1
f 1200/1/1 1199/1/1 1198/1/1
f 1201/1/1 1199/1/1 1200/1/1
f 1204/6/1 1203/6/1 1202/6/1
f 1205/6/1 1203/6/1 1204/6/1
f 1208/1/1 1207/1/1 1206/1/1
f 1209/1/1 1207/1/1 1208/1/1
f 1212/6/1 1211/6/1 1210/6/1
f 1213/6/1 1211/6/1 1212/6/1
f 1216/6/1 1215/6/1 1214/6/1
f 1217/6/1 1215/6/1 1216/6/1
f 1220/6/1 1219/6/1 1218/6/1
f 1221/6/1 1219/6/1 1220/6/1
f 1224/6/1 1223/6/1 1222/6/1
f 1225/6/1 1223/6/1 1224/6/1
f 1228/6/1 1227/6/1 1226/6/1
f 1229/6/1 1227/6/1 1228/6/1
f 1230/6/1 1227/6/1 1229/6/1
f 1233/1/1 1232/1/1 1231/1/1
f 1234/1/1 1232/1/1 1233/1/1
f 1237/1/1 1236/1/1 1235/1/1
f 1238/1/1 1236/1/1 1237/1/1
f 1241/1/1 1240/1/1 1239/1/1
f 1242/1/1 1240/1/1 1241/1/1
f 1245/1/1 1244/1/1 1243/1/1
f 1246/1/1 1244/1/1 1245/1/1
f 1249/1/1 1248/1/1 1247/1/1
f 1250/1/1 1248/1/1 1249/1/1
f 1253/2/1 1252/2/1 1251/2/1
f 1254/2/1 1252/2/1 1253/2/1
f 1258/6/1 1256/6/1 1255/6/1
f 1259/2/1 1257/2/1 1256/2/1
f 1259/6/1 1256/6/1 1258/6/1
f 1260/2/1 1257/2/1 1259/2/1
f 1263/1/1 1262/1/1 1261/1/1
f 1264/1/1 1262/1/1 1263/1/1
f 1268/6/1 1266/6/1 1265/6/1
f 1269/2/1 1267/2/1 1266/2/1
f 1269/6/1 1266/6/1 1268/6/1
f 1270/2/1 1267/2/1 1269/2/1
f 1273/1/1 1272/1/1 1271/1/1
f 1274/1/1 1272/1/1 1273/1/1
f 1277/1/1 1276/1/1 1275/1/1
f 1278/1/1 1276/1/1 1277/1/1
f 1281/1/1 1280/1/1 1279/1/1
f 1282/1/1 1280/1/1 1281/1/1
f 1285/1/1 1284/1/1 1283/1/1
f 1286/1/1 1284/1/1 1285/1/1
f 1290/6/1 1288/6/1 1287/6/1
f 1291/2/1 1289/2/1 1288/2/1
f 1291/6/1 1288/6/1 1290/6/1
f 1292/2/1 1289/2/1 1291/2/1
f 1296/6/1 1294/6/1 1293/6/1
f 1297/2/1 1295/2/1 1294/2/1
f 1297/6/1 1294/6/1 1296/6/1
f 1298/2/1 1295/2/1 1297/2/1
f 1301/1/1 1300/1/1 1299/1/1
f 1302/1/1 1300/1/1 1301/1/1
f 1305/1/1 1304/1/1 1303/1/1
f 1306/1/1 1304/1/1 1305/1/1
f 1310/6/1 1308/6/1 1307/6/1
f 1311/2/1 1309/2/1 1308/2/1
f 1311/6/1 1308/6/1 1310/6/1
f 1313/2/1 1309/2/1 1311/2/1
f 1314/6/1 1313/6/1 1312/6/1
f 1315/2/1 1309/2/1 1313/2/1
f 1315/6/1 1313/6/1 1314/6/1
f 1317/2/1 1309/2/1 1315/2/1
f 1318/6/1 1317/6/1 1316/6/1
f 1319/2/1 1309/2/1 1317/2/1
f 1319/6/1 1317/6/1 1318/6/1
f 1321/2/1 1309/2/1 1319/2/1
f 1322/6/1 1321/6/1 1320/6/1
f 1323/2/1 1309/2/1 1321/2/1
f 1323/6/1 1321/6/1 1322/6/1
f 1324/2/1 1309/2/1 1323/2/1
f 1327/3/1 1326/3/1 1325/3/1
f 1328/3/1 1326/3/1 1327/3/1
f 1331/1/1 1330/1/1 1329/1/1
f 1332/1/1 1330/1/1 1331/1/1
f 1335/1/1 1334/1/1 1333/1/1
f 1336/1/1 1334/1/1 1335/1/1
f 1339/1/1 1338/1/1 1337/1/1
f 1340/1/1 1338/1/1 1339/1/1
f 1343/1/1 1342/1/1 1341/1/1
f 1344/1/1 1342/1/1 1343/1/1
f 1347/1/1 1346/1/1 1345/1/1
f 1348/1/1 1346/1/1 1347/1/1
f 1351/3/1 1350/3/1 1349/3/1
f 1352/3/1 1350/3/1 1351/3/1
f 1355/1/1 1354/1/1 1353/1/1
f 1356/1/1 1354/1/1 1355/1/1
f 1359/1/1 1358/1/1 1357/1/1
f 1360/1/1 1358/1/1 1359/1/1
f 1363/3/1 1362/3/1 1361/3/1
f 1365/3/1 1363/3/1 1361/3/1
f 1365/3/1 1364/3/1 1363/3/1
f 1366/3/1 1364/3/1 1365/3/1
f 1369/1/1 1368/1/1 1367/1/1
f 1370/1/1 1368/1/1 1369/1/1
f 1374/4/1 1372/4/1 1371/4/1
f 1374/4/1 1373/4/1 1372/4/1
f 1375/4/1 1373/4/1 1374/4/1
f 1376/3/1 1375/3/1 1374/3/1
f 1377/3/1 1375/3/1 1376/3/1
f 1380/3/1 1379/3/1 1378/3/1
f 1381/3/1 1379/3/1 1380/3/1
f 1384/1/1 1383/1/1 1382/1/1
f 1385/1/1 1383/1/1 1384/1/1
f 1388/1/1 1387/1/1 1386/1/1
f 1389/1/1 1387/1/1 1388/1/1
f 1392/1/1 1391/1/1 1390/1/1
f 1393/1/1 1391/1/1 1392/1/1
f 1396/1/1 1395/1/1 1394/1/1
f 1397/1/1 1395/1/1 1396/1/1
f 1400/1/1 1399/1/1 1398/1/1
f 1401/1/1 1399/1/1 1400/1/1
f 1404/1/1 1403/1/1 1402/1/1
f 1405/1/1 1403/1/1 1404/1/1
f 1408/5/1 1407/5/1 1406/5/1
f 1409/5/1 1407/5/1 1408/5/1
f 1412/5/1 1411/5/1 1410/5/1
f 1413/5/1 1411/5/1 1412/5/1
f 1416/1/1 1415/1/1 1414/1/1
f 1417/1/1 1415/1/1 1416/1/1
f 1420/1/1 1419/1/1 1418/1/1
f 1421/1/1 1419/1/1 1420/1/1
f 1424/1/1 1423/1/1 1422/1/1
f 1425/1/1 1423/1/1 1424/1/1
f 1428/1/1 1427/1/1 1426/1/1
f 1429/1/1 1427/1/1 1428/1/1
f 1433/5/1 1431/5/1 1430/5/1
f 1433/5/1 1432/5/1 1431/5/1
f 1434/5/1 1432/5/1 1433/5/1
f 1437/3/1 1436/3/1 1435/3/1
f 1438/3/1 1436/3/1 1437/3/1
f 1441/3/1 1440/3/1 1439/3/1
f 1442/3/1 1440/3/1 1441/3/1
f 1445/4/1 1444/4/1 1443/4/1
f 1446/4/1 1444/4/1 1445/4/1
f 1449/3/1 1448/3/1 1447/3/1
f 1450/3/1 1448/3/1 1449/3/1
f 1453/3/1 1452/3/1 1451/3/1
f 1455/3/1 1453/3/1 1451/3/1
f 1455/3/1 1454/3/1 1453/3/1
f 1456/3/1 1454/3/1 1455/3/1
f 1457/3/1 1455/3/1 1451/3/1
f 1459/3/1 1457/3/1 1451/3/1
f 1459/3/1 1458/3/1 1457/3/1
f 1460/3/1 1458/3/1 1459/3/1
f 1461/3/1 1458/3/1 1460/3/1
f 1463/1/1 1461/1/1 1460/1/1
f 1464/1/1 1461/1/1 1463/1/1
f 1465/1/1 1461/1/1 1464/1/1
f 1466/3/1 1463/3/1 1462/3/1
f 1466/3/1 1464/3/1 1463/3/1
f 1467/3/1 1464/3/1 1466/3/1
f 1468/3/1 1464/3/1 1467/3/1
f 1471/1/1 1469/1/1 1468/1/1
f 1471/1/1 1468/1/1 1467/1/1
f 1472/1/1 1469/1/1 1471/1/1
f 1473/3/1 1471/3/1 1470/3/1
f 1473/3/1 1472/3/1 1471/3/1
f 1474/3/1 1472/3/1 1473/3/1
f 1475/3/1 1472/3/1 1474/3/1
f 1476/3/1 1472/3/1 1475/3/1
f 1478/1/1 1475/1/1 1474/1/1
f 1479/1/1 1475/1/1 1478/1/1
f 1481/3/1 1478/3/1 1477/3/1
f 1481/3/1 1480/3/1 1479/3/1
f 1481/3/1 1479/3/1 1478/3/1
f 1482/3/1 1480/3/1 1481/3/1
f 1483/3/1 1481/3/1 1477/3/1
f 1485/3/1 1483/3/1 1477/3/1
f 1485/3/1 1484/3/1 1483/3/1
f 1486/3/1 1484/3/1 1485/3/1
f 1487/3/1 1484/3/1 1486/3/1
f 1488/3/1 1484/3/1 1487/3/1
f 1490/1/1 1487/1/1 1486/1/1
f 1491/1/1 1487/1/1 1490/1/1
f 1493/3/1 1490/3/1 1489/3/1
f 1493/3/1 1492/3/1 1491/3/1
f 1493/3/1 1491/3/1 1490/3/1
f 1494/3/1 1492/3/1 1493/3/1
f 1495/3/1 1492/3/1 1494/3/1
f 1497/1/1 1495/1/1 1494/1/1
f 1498/1/1 1495/1/1 1497/1/1
f 1499/1/1 1495/1/1 1498/1/1
f 1500/3/1 1497/3/1 1496/3/1
f 1500/3/1 1498/3/1 1497/3/1
f 1501/3/1 1498/3/1 1500/3/1
f 1502/3/1 1498/3/1 1501/3/1
f 1505/1/1 1503/1/1 1502/1/1
f 1505/1/1 1502/1/1 1501/1/1
f 1506/1/1 1503/1/1 1505/1/1
f 1507/3/1 1505/3/1 1504/3/1
f 1507/3/1 1506/3/1 1505/3/1
f 1508/3/1 1506/3/1 1507/3/1
f 1509/3/1 1507/3/1 1504/3/1
f 1511/3/1 1509/3/1 1504/3/1
f 1511/3/1 1510/3/1 1509/3/1
f 1512/3/1 1510/3/1 1511/3/1
f 1513/3/1 1511/3/1 1504/3/1
f 1514/3/1 1511/3/1 1513/3/1
f 1515/3/1 1511/3/1 1514/3/1
f 1518/1/1 1516/1/1 1515/1/1
f 1518/1/1 1515/1/1 1514/1/1
f 1519/1/1 1516/1/1 1518/1/1
f 1520/3/1 1518/3/1 1517/3/1
f 1520/3/1 1519/3/1 1518/3/1
f 1521/3/1 1519/3/1 1520/3/1
f 1522/3/1 1519/3/1 1521/3/1
f 1523/3/1 1519/3/1 1522/3/1
f 1525/1/1 1522/1/1 1521/1/1
f 1526/1/1 1522/1/1 1525/1/1
f 1528/3/1 1525/3/1 1524/3/1
f 1528/3/1 1527/3/1 1526/3/1
f 1528/3/1 1526/3/1 1525/3/1
f 1529/3/1 1527/3/1 1528/3/1
f 1530/3/1 1527/3/1 1529/3/1
f 1532/1/1 1530/1/1 1529/1/1
f 1533/1/1 1530/1/1 1532/1/1
f 1534/1/1 1530/1/1 1533/1/1
f 1535/3/1 1532/3/1 1531/3/1
f 1535/3/1 1533/3/1 1532/3/1
f 1537/3/1 1535/3/1 1531/3/1
f 1537/3/1 1536/3/1 1535/3/1
f 1538/3/1 1536/3/1 1537/3/1
f 1539/3/1 1537/3/1 1531/3/1
f 1541/3/1 1539/3/1 1531/3/1
f 1541/3/1 1540/3/1 1539/3/1
f 1542/3/1 1540/3/1 1541/3/1
f 1543/3/1 1540/3/1 1542/3/1
f 1545/1/1 1543/1/1 1542/1/1
f 1546/1/1 1543/1/1 1545/1/1
f 1547/1/1 1543/1/1 1546/1/1
f 1548/3/1 1545/3/1 1544/3/1
f 1548/3/1 1546/3/1 1545/3/1
f 1549/3/1 1546/3/1 1548/3/1
f 1550/3/1 1546/3/1 1549/3/1
f 1553/1/1 1551/1/1 1550/1/1
f 1553/1/1 1550/1/1 1549/1/1
f 1554/1/1 1551/1/1 1553/1/1
f 1555/3/1 1553/3/1 1552/3/1
f 1555/3/1 1554/3/1 1553/3/1
f 1556/3/1 1554/3/1 1555/3/1
f 1557/3/1 1554/3/1 1556/3/1
f 1558/3/1 1554/3/1 1557/3/1
f 1560/1/1 1557/1/1 1556/1/1
f 1561/1/1 1557/1/1 1560/1/1
f 1563/3/1 1560/3/1 1559/3/1
f 1563/3/1 1562/3/1 1561/3/1
f 1563/3/1 1561/3/1 1560/3/1
f 1564/3/1 1562/3/1 1563/3/1
f 1565/3/1 1563/3/1 1559/3/1
f 1567/3/1 1565/3/1 1559/3/1
f 1567/3/1 1566/3/1 1565/3/1
f 1568/3/1 1566/3/1 1567/3/1
f 1571/3/1 1570/3/1 1569/3/1
f 1572/3/1 1570/3/1 1571/3/1
f 1575/3/1 1574/3/1 1573/3/1
f 1576/3/1 1574/3/1 1575/3/1
f 1579/3/1 1578/3/1 1577/3/1
f 1580/3/1 1578/3/1 1579/3/1
f 1583/3/1 1582/3/1 1581/3/1
f 1584/3/1 1582/3/1 1583/3/1
f 1587/3/1 1586/3/1 1585/3/1
f 1588/3/1 1586/3/1 1587/3/1
f 1591/3/1 1590/3/1 1589/3/1
f 1592/3/1 1590/3/1 1591/3/1
f 1595/3/1 1594/3/1 1593/3/1
f 1596/3/1 1594/3/1 1595/3/1
f 1599/3/1 1598/3/1 1597/3/1
f 1600/3/1 1598/3/1 1599/3/1
f 1603/3/1 1602/3/1 1601/3/1
f 1604/3/1 1602/3/1 1603/3/1
f 1607/3/1 1606/3/1 1605/3/1
f 1608/3/1 1606/3/1 1607/3/1
f 1611/3/1 1610/3/1 1609/3/1
f 1612/3/1 1610/3/1 1611/3/1
f 1615/3/1 1614/3/1 1613/3/1
f 1616/3/1 1614/3/1 1615/3/1
f 1619/3/1 1618/3/1 1617/3/1
f 1620/3/1 1618/3/1 1619/3/1
f 1623/3/1 1622/3/1 1621/3/1
f 1624/3/1 1622/3/1 1623/3/1
f 1627/3/1 1626/3/1 1625/3/1
f 1628/3/1 1626/3/1 1627/3/1
f 1631/3/1 1630/3/1 1629/3/1
f 1632/3/1 1630/3/1 1631/3/1
f 1635/3/1 1634/3/1 1633/3/1
f 1636/3/1 1634/3/1 1635/3/1
f 1639/3/1 1638/3/1 1637/3/1
f 1640/3/1 1638/3/1 1639/3/1
f 1643/3/1 1642/3/1 1641/3/1
f 1644/3/1 1642/3/1 1643/3/1
f 1647/3/1 1646/3/1 1645/3/1
f 1648/3/1 1646/3/1 1647/3/1
f 1651/3/1 1650/3/1 1649/3/1
f 1652/3/1 1650/3/1 1651/3/1
f 1655/3/1 1654/3/1 1653/3/1
f 1656/3/1 1654/3/1 1655/3/1
f 1659/3/1 1658/3/1 1657/3/1
f 1660/3/1 1658/3/1 1659/3/1
f 1663/3/1 1662/3/1 1661/3/1
f 1664/3/1 1662/3/1 1663/3/1
f 1667/3/1 1666/3/1 1665/3/1
f 1668/3/1 1666/3/1 1667/3/1
f 1671/3/1 1670/3/1 1669/3/1
f 1672/3/1 1670/3/1 1671/3/1
f 1675/3/1 1674/3/1 1673/3/1
f 1676/3/1 1674/3/1 1675/3/1
f 1679/3/1 1678/3/1 1677/3/1
f 1680/3/1 1678/3/1 1679/3/1
f 1683/3/1 1682/3/1 1681/3/1
f 1684/3/1 1682/3/1 1683/3/1
f 1687/3/1 1686/3/1 1685/3/1
f 1688/3/1 1686/3/1 1687/3/1
f 1691/1/1 1690/1/1 1689/1/1
f 1692/1/1 1690/1/1 1691/1/1
f 1695/1/1 1694/1/1 1693/1/1
f 1696/1/1 1694/1/1 1695/1/1
f 1699/1/1 1698/1/1 1697/1/1
f 1700/1/1 1698/1/1 1699/1/1
f 1703/1/1 1702/1/1 1701/1/1
f 1704/1/1 1702/1/1 1703/1/1
f 1707/1/1 1706/1/1 1705/1/1
f 1708/1/1 1706/1/1 1707/1/1
f 1711/1/1 1710/1/1 1709/1/1
f 1712/1/1 1710/1/1 1711/1/1
f 1715/1/1 1714/1/1 1713/1/1
f 1716/1/1 1714/1/1 1715/1/1
f 1719/1/1 1718/1/1 1717/1/1
f 1720/1/1 1718/1/1 1719/1/1
f 1723/1/1 1722/1/1 1721/1/1
f 1724/1/1 1722/1/1 1723/1/1
f 1727/1/1 1726/1/1 1725/1/1
f 1728/1/1 1726/1/1 1727/1/1
f 1731/1/1 1730/1/1 1729/1/1
f 1732/1/1 1730/1/1 1731/1/1
f 1735/1/1 1734/1/1 1733/1/1
f 1736/1/1 1734/1/1 1735/1/1
f 1739/1/1 1738/1/1 1737/1/1
f 1740/1/1 1738/1/1 1739/1/1
f 1743/1/1 1742/1/1 1741/1/1
f 1744/1/1 1742/1/1 1743/1/1
f 1747/1/1 1746/1/1 1745/1/1
f 1748/1/1 1746/1/1 1747/1/1
f 1751/3/1 1750/3/1 1749/3/1
f 1752/3/1 1750/3/1 1751/3/1
f 1755/3/1 1754/3/1 1753/3/1
f 1756/3/1 1754/3/1 1755/3/1
f 1759/1/1 1758/1/1 1757/1/1
f 1760/1/1 1758/1/1 1759/1/1
f 1763/1/1 1762/1/1 1761/1/1
f 1764/1/1 1762/1/1 1763/1/1
f 1767/1/1 1766/1/1 1765/1/1
f 1768/1/1 1766/1/1 1767/1/1
f 1771/1/1 1770/1/1 1769/1/1
f 1772/1/1 1770/1/1 1771/1/1
f 1775/3/1 1774/3/1 1773/3/1
f 1776/3/1 1774/3/1 1775/3/1
f 1779/1/1 1778/1/1 1777/1/1
f 1780/1/1 1778/1/1 1779/1/1
f 1783/1/1 1782/1/1 1781/1/1
f 1784/1/1 1782/1/1 1783/1/1
f 1787/1/1 1786/1/1 1785/1/1
f 1788/1/1 1786/1/1 1787/1/1
f 1791/1/1 1790/1/1 1789/1/1
f 1792/1/1 1790/1/1 1791/1/1
f 1795/1/1 1794/1/1 1793/1/1
f 1796/1/1 1794/1/1 1795/1/1
f 1799/1/1 1798/1/1 1797/1/1
f 1800/1/1 1798/1/1 1799/1/1
f 1803/1/1 1802/1/1 1801/1/1
f 1804/1/1 1802/1/1 1803/1/1
f 1807/1/1 1806/1/1 1805/1/1
f 1808/1/1 1806/1/1 1807/1/1
f 1811/1/1 1810/1/1 1809/1/1
f 1812/1/1 1810/1/1 1811/1/1
f 1815/1/1 1814/1/1 1813/1/1
f 1816/1/1 1814/1/1 1815/1/1
f 1819/1/1 1818/1/1 1817/1/1
f 1820/1/1 1818/1/1 1819/1/1
f 1823/1/1 1822/1/1 1821/1/1
f 1824/1/1 1822/1/1 1823/1/1
f 1827/1/1 1826/1/1 1825/1/1
f 1828/1/1 1826/1/1 1827/1/1
f 1831/1/1 1830/1/1 1829/1/1
f 1832/1/1 1830/1/1 1831/1/1
f 1835/1/1 1834/1/1 1833/1/1
f 1836/1/1 1834/1/1 1835/1/1
f 1839/1/1 1838/1/1 1837/1/1
f 1840/1/1 1838/1/1 1839/1/1
f 1843/1/1 1842/1/1 1841/1/1
f 1844/1/1 1842/1/1 1843/1/1
f 1847/1/1 1846/1/1 1845/1/1
f 1848/1/1 1846/1/1 1847/1/1
f 1851/1/1 1850/1/1 1849/1/1
f 1852/1/1 1850/1/1 1851/1/1
f 1855/1/1 1854/1/1 1853/1/1
f 1856/1/1 1854/1/1 1855/1/1
f 1859/1/1 1858/1/1 1857/1/1
f 1860/1/1 1858/1/1 1859/1/1
f 1863/1/1 1862/1/1 1861/1/1
f 1864/1/1 1862/1/1 1863/1/1
f 1867/1/1 1866/1/1 1865/1/1
f 1868/1/1 1866/1/1 1867/1/1
f 1869/1/3 1870/1/3 1871/1/3
f 1871/1/3 1870/1/3 1872/1/3
f 1873/1/3 1874/1/3 1875/1/3
f 1875/1/3 1874/1/3 1876/1/3
f 1877/1/3 1878/1/3 1879/1/3
f 1879/1/3 1878/1/3 1880/1/3
f 1881/1/3 1882/1/3 1883/1/3
f 1883/1/3 1882/1/3 1884/1/3
f 1885/1/3 1886/1/3 1887/1/3
f 1887/1/3 1886/1/3 1888/1/3
f 1889/1/3 1890/1/3 1891/1/3
f 1891/1/3 1890/1/3 1892/1/3
f 1893/1/3 1894/1/3 1895/1/3
f 1895/1/3 1894/1/3 1896/1/3
f 1897/1/3 1898/1/3 1899/1/3
f 1899/1/3 1898/1/3 1900/1/3
f 1901/1/3 1902/1/3 1903/1/3
f 1903/1/3 1902/1/3 1904/1/3
f 1905/1/3 1906/1/3 1907/1/3
f 1907/1/3 1906/1/3 1908/1/3
f 1909/1/3 1910/1/3 1911/1/3
f 1911/1/3 1910/1/3 1912/1/3
f 1913/1/3 1914/1/3 1915/1/3
f 1915/1/3 1914/1/3 1916/1/3
f 1917/1/3 1918/1/3 1919/1/3
f 1919/1/3 1918/1/3 1920/1/3
f 1921/1/3 1922/1/3 1923/1/3
f 1923/1/3 1922/1/3 1924/1/3
f 1925/1/3 1926/1/3 1927/1/3
f 1927/1/3 1926/1/3 1928/1/3
f 1929/1/3 1930/1/3 1931/1/3
f 1931/1/3 1930/1/3 1932/1/3
f 1933/1/3 1934/1/3 1935/1/3
f 1935/1/3 1934/1/3 1936/1/3
f 1937/1/3 1938/1/3 1939/1/3
f 1939/1/3 1938/1/3 1940/1/3
f 1941/1/3 1942/1/3 1943/1/3
f 1943/1/3 1942/1/3 1944/1/3
f 1945/1/3 1946/1/3 1947/1/3
f 1947/1/3 1946/1/3 1948/1/3
f 1949/1/3 1950/1/3 1951/1/3
f 1951/1/3 1950/1/3 1952/1/3
f 1953/1/3 1954/1/3 1955/1/3
f 1955/1/3 1954/1/3 1956/1/3
f 1957/1/3 1958/1/3 1959/1/3
f 1959/1/3 1958/1/3 1960/1/3
f 1961/1/3 1962/1/3 1963/1/3
f 1963/1/3 1962/1/3 1964/1/3
f 1965/1/3 1966/1/3 1967/1/3
f 1967/1/3 1966/1/3 1968/1/3
f 1969/1/3 1970/1/3 1971/1/3
f 1971/1/3 1970/1/3 1972/1/3
f 1973/1/3 1974/1/3 1975/1/3
f 1975/1/3 1974/1/3 1976/1/3
f 1977/1/3 1978/1/3 1979/1/3
f 1979/1/3 1978/1/3 1980/1/3
f 1981/1/3 1982/1/3 1983/1/3
f 1983/1/3 1982/1/3 1984/1/3
f 1985/3/3 1986/3/3 1987/3/3
f 1987/3/3 1986/3/3 1988/3/3
f 1989/1/3 1990/1/3 1991/1/3
f 1991/1/3 1990/1/3 1992/1/3
f 1993/1/3 1994/1/3 1995/1/3
f 1995/1/3 1994/1/3 1996/1/3
f 1997/1/3 1998/1/3 1999/1/3
f 1999/1/3 1998/1/3 2000/1/3
f 2001/3/3 2002/3/3 2003/3/3
f 2003/3/3 2002/3/3 2004/3/3
f 2005/3/3 2006/3/3 2007/3/3
f 2007/3/3 2006/3/3 2008/3/3
f 2009/1/3 2010/1/3 2011/1/3
f 2011/1/3 2010/1/3 2012/1/3
f 2013/1/3 2014/1/3 2015/1/3
f 2015/1/3 2014/1/3 2016/1/3
f 2017/1/3 2018/1/3 2019/1/3
f 2019/1/3 2018/1/3 2020/1/3
f 2021/1/3 2022/1/3 2023/1/3
f 2023/1/3 2022/1/3 2024/1/3
f 2025/1/3 2026/1/3 2027/1/3
f 2027/1/3 2026/1/3 2028/1/3
f 2029/1/3 2030/1/3 2031/1/3
f 2031/1/3 2030/1/3 2032/1/3
f 2033/1/3 2034/1/3 2035/1/3
f 2035/1/3 2034/1/3 2036/1/3
f 2037/1/3 2038/1/3 2039/1/3
f 2039/1/3 2038/1/3 2040/1/3
f 2041/1/3 2042/1/3 2043/1/3
f 2043/1/3 2042/1/3 2044/1/3
f 2045/1/3 2046/1/3 2047/1/3
f 2047/1/3 2046/1/3 2048/1/3
f 2049/1/3 2050/1/3 2051/1/3
f 2051/1/3 2050/1/3 2052/1/3
f 2053/1/3 2054/1/3 2055/1/3
f 2055/1/3 2054/1/3 2056/1/3
f 2057/3/3 2058/3/3 2059/3/3
f 2059/3/3 2058/3/3 2060/3/3
f 2061/3/3 2062/3/3 2063/3/3
f 2063/3/3 2062/3/3 2064/3/3
f 2065/3/3 2066/3/3 2067/3/3
f 2067/3/3 2066/3/3 2068/3/3
f 2069/3/3 2070/3/3 2071/3/3
f 2071/3/3 2070/3/3 2072/3/3
f 2073/3/3 2074/3/3 2075/3/3
f 2075/3/3 2074/3/3 2076/3/3
f 2077/3/3 2078/3/3 2079/3/3
f 2079/3/3 2078/3/3 2080/3/3
f 2081/3/3 2082/3/3 2083/3/3
f 2083/3/3 2082/3/3 2084/3/3
f 2085/3/3 2086/3/3 2087/3/3
f 2087/3/3 2086/3/3 2088/3/3
f 2089/3/3 2090/3/3 2091/3/3
f 2091/3/3 2090/3/3 2092/3/3
f 2093/3/3 2094/3/3 2095/3/3
f 2095/3/3 2094/3/3 2096/3/3
f 2097/3/3 2098/3/3 2099/3/3
f 2099/3/3 2098/3/3 2100/3/3
f 2101/3/3 2102/3/3 2103/3/3
f 2103/3/3 2102/3/3 2104/3/3
f 2105/3/3 2106/3/3 2107/3/3
f 2107/3/3 2106/3/3 2108/3/3
f 2109/3/3 2110/3/3 2111/3/3
f 2111/3/3 2110/3/3 2112/3/3
f 2113/3/3 2114/3/3 2115/3/3
f 2115/3/3 2114/3/3 2116/3/3
f 2117/3/3 2118/3/3 2119/3/3
f 2119/3/3 2118/3/3 2120/3/3
f 2121/3/3 2122/3/3 2123/3/3
f 2123/3/3 2122/3/3 2124/3/3
f 2125/3/3 2126/3/3 2127/3/3
f 2127/3/3 2126/3/3 2128/3/3
f 2129/3/3 2130/3/3 2131/3/3
f 2131/3/3 2130/3/3 2132/3/3
f 2133/3/3 2134/3/3 2135/3/3
f 2135/3/3 2134/3/3 2136/3/3
f 2137/3/3 2138/3/3 2139/3/3
f 2139/3/3 2138/3/3 2140/3/3
f 2141/3/3 2142/3/3 2143/3/3
f 2143/3/3 2142/3/3 2144/3/3
f 2145/3/3 2146/3/3 2147/3/3
f 2147/3/3 2146/3/3 2148/3/3
f 2149/3/3 2150/3/3 2151/3/3
f 2151/3/3 2150/3/3 2152/3/3
f 2153/3/3 2154/3/3 2155/3/3
f 2155/3/3 2154/3/3 2156/3/3
f 2157/3/3 2158/3/3 2159/3/3
f 2159/3/3 2158/3/3 2160/3/3
f 2161/3/3 2162/3/3 2163/3/3
f 2163/3/3 2162/3/3 2164/3/3
f 2165/3/3 2166/3/3 2167/3/3
f 2167/3/3 2166/3/3 2168/3/3
f 2169/3/3 2170/3/3 2171/3/3
f 2171/3/3 2170/3/3 2172/3/3
f 2173/3/3 2174/3/3 2175/3/3
f 2175/3/3 2174/3/3 2176/3/3
f 2177/3/3 2178/3/3 2179/3/3
f 2177/3/3 2179/3/3 2181/3/3
f 2179/3/3 2180/3/3 2181/3/3
f 2181/3/3 2180/3/3 2182/3/3
f 2177/3/3 2181/3/3 2183/3/3
f 2177/3/3 2183/3/3 2185/3/3
f 2183/3/3 2184/3/3 2185/3/3
f 2185/3/3 2184/3/3 2186/3/3
f 2186/3/3 2184/3/3 2187/3/3
f 2186/1/3 2187/1/3 2189/1/3
f 2189/1/3 2187/1/3 2190/1/3
f 2190/1/3 2187/1/3 2191/1/3
f 2188/3/3 2189/3/3 2192/3/3
f 2189/3/3 2190/3/3 2192/3/3
f 2192/3/3 2190/3/3 2193/3/3
f 2193/3/3 2190/3/3 2194/3/3
f 2194/1/3 2195/1/3 2197/1/3
f 2193/1/3 2194/1/3 2197/1/3
f 2197/1/3 2195/1/3 2198/1/3
f 2196/3/3 2197/3/3 2199/3/3
f 2197/3/3 2198/3/3 2199/3/3
f 2199/3/3 2198/3/3 2200/3/3
f 2200/3/3 2198/3/3 2201/3/3
f 2201/3/3 2198/3/3 2202/3/3
f 2200/1/3 2201/1/3 2204/1/3
f 2204/1/3 2201/1/3 2205/1/3
f 2203/3/3 2204/3/3 2207/3/3
f 2205/3/3 2206/3/3 2207/3/3
f 2204/3/3 2205/3/3 2207/3/3
f 2207/3/3 2206/3/3 2208/3/3
f 2203/3/3 2207/3/3 2209/3/3
f 2203/3/3 2209/3/3 2211/3/3
f 2209/3/3 2210/3/3 2211/3/3
f 2211/3/3 2210/3/3 2212/3/3
f 2212/3/3 2210/3/3 2213/3/3
f 2213/3/3 2210/3/3 2214/3/3
f 2212/1/3 2213/1/3 2216/1/3
f 2216/1/3 2213/1/3 2217/1/3
f 2215/3/3 2216/3/3 2219/3/3
f 2217/3/3 2218/3/3 2219/3/3
f 2216/3/3 2217/3/3 2219/3/3
f 2219/3/3 2218/3/3 2220/3/3
f 2220/3/3 2218/3/3 2221/3/3
f 2220/1/3 2221/1/3 2223/1/3
f 2223/1/3 2221/1/3 2224/1/3
f 2224/1/3 2221/1/3 2225/1/3
f 2222/3/3 2223/3/3 2226/3/3
f 2223/3/3 2224/3/3 2226/3/3
f 2226/3/3 2224/3/3 2227/3/3
f 2227/3/3 2224/3/3 2228/3/3
f 2228/1/3 2229/1/3 2231/1/3
f 2227/1/3 2228/1/3 2231/1/3
f 2231/1/3 2229/1/3 2232/1/3
f 2230/3/3 2231/3/3 2233/3/3
f 2231/3/3 2232/3/3 2233/3/3
f 2233/3/3 2232/3/3 2234/3/3
f 2230/3/3 2233/3/3 2235/3/3
f 2230/3/3 2235/3/3 2237/3/3
f 2235/3/3 2236/3/3 2237/3/3
f 2237/3/3 2236/3/3 2238/3/3
f 2230/3/3 2237/3/3 2239/3/3
f 2239/3/3 2237/3/3 2240/3/3
f 2240/3/3 2237/3/3 2241/3/3
f 2241/1/3 2242/1/3 2244/1/3
f 2240/1/3 2241/1/3 2244/1/3
f 2244/1/3 2242/1/3 2245/1/3
f 2243/3/3 2244/3/3 2246/3/3
f 2244/3/3 2245/3/3 2246/3/3
f 2246/3/3 2245/3/3 2247/3/3
f 2247/3/3 2245/3/3 2248/3/3
f 2248/3/3 2245/3/3 2249/3/3
f 2247/1/3 2248/1/3 2251/1/3
f 2251/1/3 2248/1/3 2252/1/3
f 2250/3/3 2251/3/3 2254/3/3
f 2252/3/3 2253/3/3 2254/3/3
f 2251/3/3 2252/3/3 2254/3/3
f 2254/3/3 2253/3/3 2255/3/3
f 2255/3/3 2253/3/3 2256/3/3
f 2255/1/3 2256/1/3 2258/1/3
f 2258/1/3 2256/1/3 2259/1/3
f 2259/1/3 2256/1/3 2260/1/3
f 2257/3/3 2258/3/3 2261/3/3
f 2258/3/3 2259/3/3 2261/3/3
f 2257/3/3 2261/3/3 2263/3/3
f 2261/3/3 2262/3/3 2263/3/3
f 2263/3/3 2262/3/3 2264/3/3
f 2257/3/3 2263/3/3 2265/3/3
f 2257/3/3 2265/3/3 2267/3/3
f 2265/3/3 2266/3/3 2267/3/3
f 2267/3/3 2266/3/3 2268/3/3
f 2268/3/3 2266/3/3 2269/3/3
f 2268/1/3 2269/1/3 2271/1/3
f 2271/1/3 2269/1/3 2272/1/3
f 2272/1/3 2269/1/3 2273/1/3
f 2270/3/3 2271/3/3 2274/3/3
f 2271/3/3 2272/3/3 2274/3/3
f 2274/3/3 2272/3/3 2275/3/3
f 2275/3/3 2272/3/3 2276/3/3
f 2276/1/3 2277/1/3 2279/1/3
f 2275/1/3 2276/1/3 2279/1/3
f 2279/1/3 2277/1/3 2280/1/3
f 2278/3/3 2279/3/3 2281/3/3
f 2279/3/3 2280/3/3 2281/3/3
f 2281/3/3 2280/3/3 2282/3/3
f 2282/3/3 2280/3/3 2283/3/3
f 2283/3/3 2280/3/3 2284/3/3
f 2282/1/3 2283/1/3 2286/1/3
f 2286/1/3 2283/1/3 2287/1/3
f 2285/3/3 2286/3/3 2289/3/3
f 2287/3/3 2288/3/3 2289/3/3
f 2286/3/3 2287/3/3 2289/3/3
f 2289/3/3 2288/3/3 2290/3/3
f 2285/3/3 2289/3/3 2291/3/3
f 2285/3/3 2291/3/3 2293/3/3
f 2291/3/3 2292/3/3 2293/3/3
f 2293/3/3 2292/3/3 2294/3/3
f 2295/4/3 2296/4/3 2297/4/3
f 2297/4/3 2296/4/3 2298/4/3
f 2299/3/3 2300/3/3 2301/3/3
f 2301/3/3 2300/3/3 2302/3/3
f 2303/1/3 2304/1/3 2305/1/3
f 2305/1/3 2304/1/3 2306/1/3
f 2307/1/3 2308/1/3 2309/1/3
f 2309/1/3 2308/1/3 2310/1/3
f 2311/1/3 2312/1/3 2313/1/3
f 2313/1/3 2312/1/3 2314/1/3
f 2315/1/3 2316/1/3 2317/1/3
f 2317/1/3 2316/1/3 2318/1/3
f 2319/5/3 2320/5/3 2322/5/3
f 2320/5/3 2321/5/3 2322/5/3
f 2322/5/3 2321/5/3 2323/5/3
f 2324/3/3 2325/3/3 2326/3/3
f 2326/3/3 2325/3/3 2327/3/3
f 2328/3/3 2329/3/3 2330/3/3
f 2330/3/3 2329/3/3 2331/3/3
f 2332/5/3 2333/5/3 2334/5/3
f 2334/5/3 2333/5/3 2335/5/3
f 2336/1/3 2337/1/3 2338/1/3
f 2338/1/3 2337/1/3 2339/1/3
f 2340/1/3 2341/1/3 2342/1/3
f 2342/1/3 2341/1/3 2343/1/3
f 2344/1/3 2345/1/3 2346/1/3
f 2346/1/3 2345/1/3 2347/1/3
f 2348/1/3 2349/1/3 2350/1/3
f 2350/1/3 2349/1/3 2351/1/3
f 2352/1/3 2353/1/3 2354/1/3
f 2354/1/3 2353/1/3 2355/1/3
f 2356/1/3 2357/1/3 2358/1/3
f 2358/1/3 2357/1/3 2359/1/3
f 2360/5/3 2361/5/3 2362/5/3
f 2362/5/3 2361/5/3 2363/5/3
f 2364/1/3 2365/1/3 2366/1/3
f 2366/1/3 2365/1/3 2367/1/3
f 2368/4/3 2369/4/3 2371/4/3
f 2369/4/3 2370/4/3 2371/4/3
f 2371/4/3 2370/4/3 2372/4/3
f 2371/3/3 2372/3/3 2373/3/3
f 2373/3/3 2372/3/3 2374/3/3
f 2375/3/3 2376/3/3 2377/3/3
f 2377/3/3 2376/3/3 2378/3/3
f 2379/1/3 2380/1/3 2381/1/3
f 2381/1/3 2380/1/3 2382/1/3
f 2383/1/3 2384/1/3 2385/1/3
f 2385/1/3 2384/1/3 2386/1/3
f 2387/3/3 2388/3/3 2389/3/3
f 2387/3/3 2389/3/3 2391/3/3
f 2389/3/3 2390/3/3 2391/3/3
f 2391/3/3 2390/3/3 2392/3/3
f 2393/1/3 2394/1/3 2395/1/3
f 2395/1/3 2394/1/3 2396/1/3
f 2397/1/3 2398/1/3 2399/1/3
f 2399/1/3 2398/1/3 2400/1/3
f 2401/1/3 2402/1/3 2403/1/3
f 2403/1/3 2402/1/3 2404/1/3
f 2405/1/3 2406/1/3 2407/1/3
f 2407/1/3 2406/1/3 2408/1/3
f 2409/1/3 2410/1/3 2411/1/3
f 2411/1/3 2410/1/3 2412/1/3
f 2413/3/3 2414/3/3 2415/3/3
f 2415/3/3 2414/3/3 2416/3/3
f 2417/6/3 2418/6/3 2420/6/3
f 2418/2/3 2419/2/3 2421/2/3
f 2420/6/3 2418/6/3 2421/6/3
f 2421/2/3 2419/2/3 2423/2/3
f 2422/6/3 2423/6/3 2424/6/3
f 2423/2/3 2419/2/3 2425/2/3
f 2424/6/3 2423/6/3 2425/6/3
f 2425/2/3 2419/2/3 2427/2/3
f 2426/6/3 2427/6/3 2428/6/3
f 2427/2/3 2419/2/3 2429/2/3
f 2428/6/3 2427/6/3 2429/6/3
f 2429/2/3 2419/2/3 2431/2/3
f 2430/6/3 2431/6/3 2432/6/3
f 2431/2/3 2419/2/3 2433/2/3
f 2432/6/3 2431/6/3 2433/6/3
f 2433/2/3 2419/2/3 2434/2/3
f 2435/3/3 2436/3/3 2437/3/3
f 2437/3/3 2436/3/3 2438/3/3
f 2439/1/3 2440/1/3 2441/1/3
f 2441/1/3 2440/1/3 2442/1/3
f 2443/1/3 2444/1/3 2445/1/3
f 2445/1/3 2444/1/3 2446/1/3
f 2447/6/3 2448/6/3 2450/6/3
f 2448/2/3 2449/2/3 2451/2/3
f 2450/6/3 2448/6/3 2451/6/3
f 2451/2/3 2449/2/3 2452/2/3
f 2453/6/3 2454/6/3 2456/6/3
f 2454/2/3 2455/2/3 2457/2/3
f 2456/6/3 2454/6/3 2457/6/3
f 2457/2/3 2455/2/3 2458/2/3
f 2459/1/3 2460/1/3 2461/1/3
f 2461/1/3 2460/1/3 2462/1/3
f 2463/1/3 2464/1/3 2465/1/3
f 2465/1/3 2464/1/3 2466/1/3
f 2467/6/3 2468/6/3 2470/6/3
f 2468/2/3 2469/2/3 2471/2/3
f 2470/6/3 2468/6/3 2471/6/3
f 2471/2/3 2469/2/3 2472/2/3
f 2473/1/3 2474/1/3 2475/1/3
f 2475/1/3 2474/1/3 2476/1/3
f 2477/1/3 2478/1/3 2479/1/3
f 2479/1/3 2478/1/3 2480/1/3
f 2481/6/3 2482/6/3 2484/6/3
f 2482/2/3 2483/2/3 2485/2/3
f 2484/6/3 2482/6/3 2485/6/3
f 2485/2/3 2483/2/3 2486/2/3
f 2487/1/3 2488/1/3 2489/1/3
f 2489/1/3 2488/1/3 2490/1/3
f 2491/1/3 2492/1/3 2493/1/3
f 2493/1/3 2492/1/3 2494/1/3
f 2495/1/3 2496/1/3 2497/1/3
f 2497/1/3 2496/1/3 2498/1/3
f 2499/2/3 2500/2/3 2501/2/3
f 2501/2/3 2500/2/3 2502/2/3
f 2503/1/3 2504/1/3 2505/1/3
f 2505/1/3 2504/1/3 2506/1/3
f 2507/6/3 2508/6/3 2509/6/3
f 2509/6/3 2508/6/3 2510/6/3
f 2511/6/3 2512/6/3 2513/6/3
f 2513/6/3 2512/6/3 2514/6/3
f 2515/6/3 2516/6/3 2517/6/3
f 2517/6/3 2516/6/3 2518/6/3
f 2519/6/3 2520/6/3 2521/6/3
f 2521/6/3 2520/6/3 2522/6/3
f 2523/6/3 2524/6/3 2525/6/3
f 2525/6/3 2524/6/3 2526/6/3
f 2526/6/3 2524/6/3 2527/6/3
f 2528/1/3 2529/1/3 2530/1/3
f 2530/1/3 2529/1/3 2531/1/3
f 2532/1/3 2533/1/3 2534/1/3
f 2534/1/3 2533/1/3 2535/1/3
f 2536/1/3 2537/1/3 2538/1/3
f 2538/1/3 2537/1/3 2539/1/3
f 2540/6/3 2541/6/3 2542/6/3
f 2542/6/3 2541/6/3 2543/6/3
f 2544/1/3 2545/1/3 2546/1/3
f 2546/1/3 2545/1/3 2547/1/3
f 2548/6/3 2549/6/3 2550/6/3
f 2550/6/3 2549/6/3 2551/6/3
f 2548/6/3 2550/6/3 2552/6/3
f 2552/6/3 2550/6/3 2553/6/3
f 2554/1/3 2555/1/3 2556/1/3
f 2556/1/3 2555/1/3 2557/1/3
f 2558/6/3 2559/6/3 2561/6/3
f 2559/6/3 2560/6/3 2561/6/3
f 2561/6/3 2560/6/3 2562/6/3
f 2563/6/3 2564/6/3 2565/6/3
f 2563/6/3 2565/6/3 2567/6/3
f 2565/6/3 2566/6/3 2567/6/3
f 2567/6/3 2566/6/3 2568/6/3
f 2569/1/3 2570/1/3 2571/1/3
f 2571/1/3 2570/1/3 2572/1/3
f 2573/6/3 2574/6/3 2575/6/3
f 2575/6/3 2574/6/3 2576/6/3
f 2577/6/3 2578/6/3 2579/6/3
f 2579/6/3 2578/6/3 2580/6/3
f 2580/6/3 2578/6/3 2581/6/3
f 2582/1/3 2583/1/3 2584/1/3
f 2584/1/3 2583/1/3 2585/1/3
f 2586/1/3 2587/1/3 2588/1/3
f 2588/1/3 2587/1/3 2589/1/3
f 2590/1/3 2591/1/3 2592/1/3
f 2592/1/3 2591/1/3 2593/1/3
f 2594/1/3 2595/1/3 2596/1/3
f 2596/1/3 2595/1/3 2597/1/3
f 2598/6/3 2599/6/3 2600/6/3
f 2598/6/3 2600/6/3 2602/6/3
f 2600/6/3 2601/6/3 2602/6/3
f 2602/6/3 2601/6/3 2603/6/3
f 2598/6/3 2602/6/3 2604/6/3
f 2598/6/3 2604/6/3 2606/6/3
f 2604/6/3 2605/6/3 2606/6/3
f 2606/6/3 2605/6/3 2607/6/3
f 2598/6/3 2606/6/3 2608/6/3
f 2598/6/3 2608/6/3 2610/6/3
f 2608/6/3 2609/6/3 2610/6/3
f 2610/6/3 2609/6/3 2611/6/3
f 2598/6/3 2610/6/3 2612/6/3
f 2612/6/3 2610/6/3 2613/6/3
f 2614/1/3 2615/1/3 2616/1/3
f 2616/1/3 2615/1/3 2617/1/3
f 2618/1/3 2619/1/3 2620/1/3
f 2620/1/3 2619/1/3 2621/1/3
f 2622/1/3 2623/1/3 2624/1/3
f 2624/1/3 2623/1/3 2625/1/3
f 2626/1/3 2627/1/3 2628/1/3
f 2628/1/3 2627/1/3 2629/1/3
f 2630/1/3 2631/1/3 2632/1/3
f 2632/1/3 2631/1/3 2633/1/3
f 2634/1/3 2635/1/3 2636/1/3
f 2636/1/3 2635/1/3 2637/1/3
f 2638/1/3 2639/1/3 2640/1/3
f 2640/1/3 2639/1/3 2641/1/3
f 2642/1/3 2643/1/3 2644/1/3
f 2644/1/3 2643/1/3 2645/1/3
f 2646/1/3 2647/1/3 2648/1/3
f 2648/1/3 2647/1/3 2649/1/3
f 2650/3/3 2651/3/3 2652/3/3
f 2652/3/3 2651/3/3 2653/3/3
f 2654/3/3 2655/3/3 2656/3/3
f 2656/3/3 2655/3/3 2657/3/3
f 2658/3/3 2659/3/3 2660/3/3
f 2660/3/3 2659/3/3 2661/3/3
f 2662/1/3 2663/1/3 2664/1/3
f 2664/1/3 2663/1/3 2665/1/3
f 2666/1/3 2667/1/3 2668/1/3
f 2668/1/3 2667/1/3 2669/1/3
f 2670/1/3 2671/1/3 2672/1/3
f 2672/1/3 2671/1/3 2673/1/3
f 2674/1/3 2675/1/3 2676/1/3
f 2676/1/3 2675/1/3 2677/1/3
f 2678/1/3 2679/1/3 2680/1/3
f 2680/1/3 2679/1/3 2681/1/3
f 2682/1/3 2683/1/3 2684/1/3
f 2684/1/3 2683/1/3 2685/1/3
f 2686/1/3 2687/1/3 2688/1/3
f 2688/1/3 2687/1/3 2689/1/3
f 2690/1/3 2691/1/3 2692/1/3
f 2692/1/3 2691/1/3 2693/1/3
f 2694/1/3 2695/1/3 2696/1/3
f 2696/1/3 2695/1/3 2697/1/3
f 2698/3/3 2699/3/3 2700/3/3
f 2700/3/3 2699/3/3 2701/3/3
f 2702/3/3 2703/3/3 2704/3/3
f 2704/3/3 2703/3/3 2705/3/3
f 2706/3/3 2707/3/3 2708/3/3
f 2708/3/3 2707/3/3 2709/3/3
f 2710/3/3 2711/3/3 2712/3/3
f 2712/3/3 2711/3/3 2713/3/3
f 2714/3/3 2715/3/3 2716/3/3
f 2716/3/3 2715/3/3 2717/3/3
f 2718/3/3 2719/3/3 2720/3/3
f 2720/3/3 2719/3/3 2721/3/3
f 2722/3/3 2723/3/3 2724/3/3
f 2724/3/3 2723/3/3 2725/3/3
f 2726/3/3 2727/3/3 2728/3/3
f 2728/3/3 2727/3/3 2729/3/3
f 2730/3/3 2731/3/3 2732/3/3
f 2732/3/3 2731/3/3 2733/3/3
f 2734/3/3 2735/3/3 2736/3/3
f 2736/3/3 2735/3/3 2737/3/3
f 2738/3/3 2739/3/3 2740/3/3
f 2740/3/3 2739/3/3 2741/3/3
f 2742/3/3 2743/3/3 2744/3/3
f 2744/3/3 2743/3/3 2745/3/3
f 2746/3/3 2747/3/3 2748/3/3
f 2748/3/3 2747/3/3 2749/3/3
f 2750/3/3 2751/3/3 2752/3/3
f 2752/3/3 2751/3/3 2753/3/3
f 2754/3/3 2755/3/3 2756/3/3
f 2756/3/3 2755/3/3 2757/3/3
f 2758/3/3 2759/3/3 2760/3/3
f 2760/3/3 2759/3/3 2761/3/3
f 2762/3/3 2763/3/3 2764/3/3
f 2764/3/3 2763/3/3 2765/3/3
f 2766/3/3 2767/3/3 2768/3/3
f 2768/3/3 2767/3/3 2769/3/3
f 2770/3/3 2771/3/3 2772/3/3
f 2772/3/3 2771/3/3 2773/3/3
f 2774/3/3 2775/3/3 2776/3/3
f 2776/3/3 2775/3/3 2777/3/3
f 2778/3/3 2779/3/3 2780/3/3
f 2780/3/3 2779/3/3 2781/3/3
f 2782/3/3 2783/3/3 2784/3/3
f 2784/3/3 2783/3/3 2785/3/3
f 2786/3/3 2787/3/3 2788/3/3
f 2788/3/3 2787/3/3 2789/3/3
f 2790/3/3 2791/3/3 2792/3/3
f 2792/3/3 2791/3/3 2793/3/3
f 2794/3/3 2795/3/3 2796/3/3
f 2796/3/3 2795/3/3 2797/3/3
f 2798/3/3 2799/3/3 2800/3/3
f 2800/3/3 2799/3/3 2801/3/3
f 2802/3/3 2803/3/3 2804/3/3
f 2804/3/3 2803/3/3 2805/3/3
f 2806/3/3 2807/3/3 2808/3/3
f 2808/3/3 2807/3/3 2809/3/3
f 2810/3/3 2811/3/3 2812/3/3
f 2812/3/3 2811/3/3 2813/3/3
f 2814/3/3 2815/3/3 2816/3/3
f 2816/3/3 2815/3/3 2817/3/3
f 2818/3/3 2819/3/3 2820/3/3
f 2818/3/3 2820/3/3 2822/3/3
f 2820/3/3 2821/3/3 2822/3/3
f 2822/3/3 2821/3/3 2823/3/3
f 2818/3/3 2822/3/3 2824/3/3
f 2818/3/3 2824/3/3 2826/3/3
f 2824/3/3 2825/3/3 2826/3/3
f 2826/3/3 2825/3/3 2827/3/3
f 2827/3/3 2825/3/3 2828/3/3
f 2827/1/3 2828/1/3 2830/1/3
f 2830/1/3 2828/1/3 2831/1/3
f 2831/1/3 2828/1/3 2832/1/3
f 2829/3/3 2830/3/3 2833/3/3
f 2830/3/3 2831/3/3 2833/3/3
f 2833/3/3 2831/3/3 2834/3/3
f 2834/3/3 2831/3/3 2835/3/3
f 2835/1/3 2836/1/3 2838/1/3
f 2834/1/3 2835/1/3 2838/1/3
f 2838/1/3 2836/1/3 2839/1/3
f 2837/3/3 2838/3/3 2840/3/3
f 2838/3/3 2839/3/3 2840/3/3
f 2840/3/3 2839/3/3 2841/3/3
f 2841/3/3 2839/3/3 2842/3/3
f 2842/3/3 2839/3/3 2843/3/3
f 2841/1/3 2842/1/3 2845/1/3
f 2845/1/3 2842/1/3 2846/1/3
f 2844/3/3 2845/3/3 2848/3/3
f 2846/3/3 2847/3/3 2848/3/3
f 2845/3/3 2846/3/3 2848/3/3
f 2848/3/3 2847/3/3 2849/3/3
f 2844/3/3 2848/3/3 2850/3/3
f 2844/3/3 2850/3/3 2852/3/3
f 2850/3/3 2851/3/3 2852/3/3
f 2852/3/3 2851/3/3 2853/3/3
f 2853/3/3 2851/3/3 2854/3/3
f 2854/3/3 2851/3/3 2855/3/3
f 2853/1/3 2854/1/3 2857/1/3
f 2857/1/3 2854/1/3 2858/1/3
f 2856/3/3 2857/3/3 2860/3/3
f 2858/3/3 2859/3/3 2860/3/3
f 2857/3/3 2858/3/3 2860/3/3
f 2860/3/3 2859/3/3 2861/3/3
f 2861/3/3 2859/3/3 2862/3/3
f 2861/1/3 2862/1/3 2864/1/3
f 2864/1/3 2862/1/3 2865/1/3
f 2865/1/3 2862/1/3 2866/1/3
f 2863/3/3 2864/3/3 2867/3/3
f 2864/3/3 2865/3/3 2867/3/3
f 2867/3/3 2865/3/3 2868/3/3
f 2868/3/3 2865/3/3 2869/3/3
f 2869/1/3 2870/1/3 2872/1/3
f 2868/1/3 2869/1/3 2872/1/3
f 2872/1/3 2870/1/3 2873/1/3
f 2871/3/3 2872/3/3 2874/3/3
f 2872/3/3 2873/3/3 2874/3/3
f 2874/3/3 2873/3/3 2875/3/3
f 2871/3/3 2874/3/3 2876/3/3
f 2871/3/3 2876/3/3 2878/3/3
f 2876/3/3 2877/3/3 2878/3/3
f 2878/3/3 2877/3/3 2879/3/3
f 2871/3/3 2878/3/3 2880/3/3
f 2880/3/3 2878/3/3 2881/3/3
f 2881/3/3 2878/3/3 2882/3/3
f 2882/1/3 2883/1/3 2885/1/3
f 2881/1/3 2882/1/3 2885/1/3
f 2885/1/3 2883/1/3 2886/1/3
f 2884/3/3 2885/3/3 2887/3/3
f 2885/3/3 2886/3/3 2887/3/3
f 2887/3/3 2886/3/3 2888/3/3
f 2888/3/3 2886/3/3 2889/3/3
f 2889/3/3 2886/3/3 2890/3/3
f 2888/1/3 2889/1/3 2892/1/3
f 2892/1/3 2889/1/3 2893/1/3
f 2891/3/3 2892/3/3 2895/3/3
f 2893/3/3 2894/3/3 2895/3/3
f 2892/3/3 2893/3/3 2895/3/3
f 2895/3/3 2894/3/3 2896/3/3
f 2896/3/3 2894/3/3 2897/3/3
f 2896/1/3 2897/1/3 2899/1/3
f 2899/1/3 2897/1/3 2900/1/3
f 2900/1/3 2897/1/3 2901/1/3
f 2898/3/3 2899/3/3 2902/3/3
f 2899/3/3 2900/3/3 2902/3/3
f 2898/3/3 2902/3/3 2904/3/3
f 2902/3/3 2903/3/3 2904/3/3
f 2904/3/3 2903/3/3 2905/3/3
f 2898/3/3 2904/3/3 2906/3/3
f 2898/3/3 2906/3/3 2908/3/3
f 2906/3/3 2907/3/3 2908/3/3
f 2908/3/3 2907/3/3 2909/3/3
f 2909/3/3 2907/3/3 2910/3/3
f 2909/1/3 2910/1/3 2912/1/3
f 2912/1/3 2910/1/3 2913/1/3
f 2913/1/3 2910/1/3 2914/1/3
f 2911/3/3 2912/3/3 2915/3/3
f 2912/3/3 2913/3/3 2915/3/3
f 2915/3/3 2913/3/3 2916/3/3
f 2916/3/3 2913/3/3 2917/3/3
f 2917/1/3 2918/1/3 2920/1/3
f 2916/1/3 2917/1/3 2920/1/3
f 2920/1/3 2918/1/3 2921/1/3
f 2919/3/3 2920/3/3 2922/3/3
f 2920/3/3 2921/3/3 2922/3/3
f 2922/3/3 2921/3/3 2923/3/3
f 2923/3/3 2921/3/3 2924/3/3
f 2924/3/3 2921/3/3 2925/3/3
f 2923/1/3 2924/1/3 2927/1/3
f 2927/1/3 2924/1/3 2928/1/3
f 2926/3/3 2927/3/3 2930/3/3
f 2928/3/3 2929/3/3 2930/3/3
f 2927/3/3 2928/3/3 2930/3/3
f 2930/3/3 2929/3/3 2931/3/3
f 2926/3/3 2930/3/3 2932/3/3
f 2926/3/3 2932/3/3 2934/3/3
f 2932/3/3 2933/3/3 2934/3/3
f 2934/3/3 2933/3/3 2935/3/3
f 2936/4/3 2937/4/3 2938/4/3
f 2938/4/3 2937/4/3 2939/4/3
f 2940/3/3 2941/3/3 2942/3/3
f 2942/3/3 2941/3/3 2943/3/3
f 2944/1/3 2945/1/3 2946/1/3
f 2946/1/3 2945/1/3 2947/1/3
f 2948/1/3 2949/1/3 2950/1/3
f 2950/1/3 2949/1/3 2951/1/3
f 2952/5/3 2953/5/3 2955/5/3
f 2953/5/3 2954/5/3 2955/5/3
f 2955/5/3 2954/5/3 2956/5/3
f 2957/3/3 2958/3/3 2959/3/3
f 2959/3/3 2958/3/3 2960/3/3
f 2961/3/3 2962/3/3 2963/3/3
f 2963/3/3 2962/3/3 2964/3/3
f 2965/1/3 2966/1/3 2967/1/3
f 2967/1/3 2966/1/3 2968/1/3
f 2969/1/3 2970/1/3 2971/1/3
f 2971/1/3 2970/1/3 2972/1/3
f 2973/1/3 2974/1/3 2975/1/3
f 2975/1/3 2974/1/3 2976/1/3
f 2977/1/3 2978/1/3 2979/1/3
f 2979/1/3 2978/1/3 2980/1/3
f 2981/5/3 2982/5/3 2983/5/3
f 2983/5/3 2982/5/3 2984/5/3
f 2985/1/3 2986/1/3 2987/1/3
f 2987/1/3 2986/1/3 2988/1/3
f 2989/1/3 2990/1/3 2991/1/3
f 2991/1/3 2990/1/3 2992/1/3
f 2993/1/3 2994/1/3 2995/1/3
f 2995/1/3 2994/1/3 2996/1/3
f 2997/5/3 2998/5/3 2999/5/3
f 2999/5/3 2998/5/3 3000/5/3
f 3001/4/3 3002/4/3 3004/4/3
f 3002/4/3 3003/4/3 3004/4/3
f 3004/4/3 3003/4/3 3005/4/3
f 3004/3/3 3005/3/3 3006/3/3
f 3006/3/3 3005/3/3 3007/3/3
f 3008/3/3 3009/3/3 3010/3/3
f 3010/3/3 3009/3/3 3011/3/3
f 3012/3/3 3013/3/3 3014/3/3
f 3012/3/3 3014/3/3 3016/3/3
f 3014/3/3 3015/3/3 3016/3/3
f 3016/3/3 3015/3/3 3017/3/3
f 3018/1/3 3019/1/3 3020/1/3
f 3020/1/3 3019/1/3 3021/1/3
f 3022/1/3 3023/1/3 3024/1/3
f 3024/1/3 3023/1/3 3025/1/3
f 3026/1/3 3027/1/3 3028/1/3
f 3028/1/3 3027/1/3 3029/1/3
f 3030/1/3 3031/1/3 3032/1/3
f 3032/1/3 3031/1/3 3033/1/3
f 3034/1/3 3035/1/3 3036/1/3
f 3036/1/3 3035/1/3 3037/1/3
f 3038/1/3 3039/1/3 3040/1/3
f 3040/1/3 3039/1/3 3041/1/3
f 3042/1/3 3043/1/3 3044/1/3
f 3044/1/3 3043/1/3 3045/1/3
f 3046/3/3 3047/3/3 3048/3/3
f 3048/3/3 3047/3/3 3049/3/3
f 3050/1/3 3051/1/3 3052/1/3
f 3052/1/3 3051/1/3 3053/1/3
f 3054/6/3 3055/6/3 3057/6/3
f 3055/2/3 3056/2/3 3058/2/3
f 3057/6/3 3055/6/3 3058/6/3
f 3058/2/3 3056/2/3 3060/2/3
f 3059/6/3 3060/6/3 3061/6/3
f 3060/2/3 3056/2/3 3062/2/3
f 3061/6/3 3060/6/3 3062/6/3
f 3062/2/3 3056/2/3 3064/2/3
f 3063/6/3 3064/6/3 3065/6/3
f 3064/2/3 3056/2/3 3066/2/3
f 3065/6/3 3064/6/3 3066/6/3
f 3066/2/3 3056/2/3 3068/2/3
f 3067/6/3 3068/6/3 3069/6/3
f 3068/2/3 3056/2/3 3070/2/3
f 3069/6/3 3068/6/3 3070/6/3
f 3070/2/3 3056/2/3 3071/2/3
f 3072/3/3 3073/3/3 3075/3/3
f 3073/3/3 3074/3/3 3075/3/3
f 3075/3/3 3074/3/3 3076/3/3
f 3077/1/3 3078/1/3 3079/1/3
f 3079/1/3 3078/1/3 3080/1/3
f 3081/6/3 3082/6/3 3084/6/3
f 3082/2/3 3083/2/3 3085/2/3
f 3084/6/3 3082/6/3 3085/6/3
f 3085/2/3 3083/2/3 3086/2/3
f 3087/6/3 3088/6/3 3090/6/3
f 3088/2/3 3089/2/3 3091/2/3
f 3090/6/3 3088/6/3 3091/6/3
f 3091/2/3 3089/2/3 3092/2/3
f 3093/1/3 3094/1/3 3095/1/3
f 3095/1/3 3094/1/3 3096/1/3
f 3097/1/3 3098/1/3 3099/1/3
f 3099/1/3 3098/1/3 3100/1/3
f 3101/1/3 3102/1/3 3103/1/3
f 3103/1/3 3102/1/3 3104/1/3
f 3105/6/3 3106/6/3 3108/6/3
f 3106/2/3 3107/2/3 3109/2/3
f 3108/6/3 3106/6/3 3109/6/3
f 3109/2/3 3107/2/3 3110/2/3
f 3111/1/3 3112/1/3 3113/1/3
f 3113/1/3 3112/1/3 3114/1/3
f 3115/6/3 3116/6/3 3118/6/3
f 3116/2/3 3117/2/3 3119/2/3
f 3118/6/3 3116/6/3 3119/6/3
f 3119/2/3 3117/2/3 3120/2/3
f 3121/1/3 3122/1/3 3123/1/3
f 3123/1/3 3122/1/3 3124/1/3
f 3125/2/3 3126/2/3 3127/2/3
f 3127/2/3 3126/2/3 3128/2/3
f 3129/1/3 3130/1/3 3131/1/3
f 3131/1/3 3130/1/3 3132/1/3
f 3133/6/3 3134/6/3 3135/6/3
f 3135/6/3 3134/6/3 3136/6/3
f 3137/6/3 3138/6/3 3139/6/3
f 3139/6/3 3138/6/3 3140/6/3
f 3141/6/3 3142/6/3 3143/6/3
f 3143/6/3 3142/6/3 3144/6/3
f 3145/6/3 3146/6/3 3147/6/3
f 3147/6/3 3146/6/3 3148/6/3
f 3149/6/3 3150/6/3 3151/6/3
f 3151/6/3 3150/6/3 3152/6/3
f 3152/6/3 3150/6/3 3153/6/3
f 3154/1/3 3155/1/3 3156/1/3
f 3156/1/3 3155/1/3 3157/1/3
f 3158/1/3 3159/1/3 3160/1/3
f 3160/1/3 3159/1/3 3161/1/3
f 3162/1/3 3163/1/3 3164/1/3
f 3164/1/3 3163/1/3 3165/1/3
f 3166/1/3 3167/1/3 3168/1/3
f 3168/1/3 3167/1/3 3169/1/3
f 3170/1/3 3171/1/3 3172/1/3
f 3172/1/3 3171/1/3 3173/1/3
f 3174/6/3 3175/6/3 3176/6/3
f 3176/6/3 3175/6/3 3177/6/3
f 3178/6/3 3179/6/3 3180/6/3
f 3180/6/3 3179/6/3 3181/6/3
f 3178/6/3 3180/6/3 3182/6/3
f 3182/6/3 3180/6/3 3183/6/3
f 3184/1/3 3185/1/3 3186/1/3
f 3186/1/3 3185/1/3 3187/1/3
f 3188/6/3 3189/6/3 3191/6/3
f 3189/6/3 3190/6/3 3191/6/3
f 3191/6/3 3190/6/3 3192/6/3
f 3193/6/3 3194/6/3 3195/6/3
f 3193/6/3 3195/6/3 3197/6/3
f 3195/6/3 3196/6/3 3197/6/3
f 3197/6/3 3196/6/3 3198/6/3
f 3199/1/3 3200/1/3 3201/1/3
f 3201/1/3 3200/1/3 3202/1/3
f 3203/1/3 3204/1/3 3205/1/3
f 3205/1/3 3204/1/3 3206/1/3
f 3207/1/3 3208/1/3 3209/1/3
f 3209/1/3 3208/1/3 3210/1/3
f 3211/1/3 3212/1/3 3213/1/3
f 3213/1/3 3212/1/3 3214/1/3
f 3215/6/3 3216/6/3 3217/6/3
f 3217/6/3 3216/6/3 3218/6/3
f 3219/6/3 3220/6/3 3221/6/3
f 3221/6/3 3220/6/3 3222/6/3
f 3222/6/3 3220/6/3 3223/6/3
f 3224/1/3 3225/1/3 3226/1/3
f 3226/1/3 3225/1/3 3227/1/3
f 3228/6/3 3229/6/3 3230/6/3
f 3228/6/3 3230/6/3 3232/6/3
f 3230/6/3 3231/6/3 3232/6/3
f 3232/6/3 3231/6/3 3233/6/3
f 3228/6/3 3232/6/3 3234/6/3
f 3228/6/3 3234/6/3 3236/6/3
f 3234/6/3 3235/6/3 3236/6/3
f 3236/6/3 3235/6/3 3237/6/3
f 3228/6/3 3236/6/3 3238/6/3
f 3228/6/3 3238/6/3 3240/6/3
f 3238/6/3 3239/6/3 3240/6/3
f 3240/6/3 3239/6/3 3241/6/3
f 3228/6/3 3240/6/3 3242/6/3
f 3242/6/3 3240/6/3 3243/6/3
f 3244/1/3 3245/1/3 3246/1/3
f 3246/1/3 3245/1/3 3247/1/3
f 3248/1/3 3249/1/3 3250/1/3
f 3250/1/3 3249/1/3 3251/1/3
f 3252/1/3 3253/1/3 3254/1/3
f 3254/1/3 3253/1/3 3255/1/3
f 3256/1/3 3257/1/3 3258/1/3
f 3258/1/3 3257/1/3 3259/1/3
f 3260/1/3 3261/1/3 3262/1/3
f 3262/1/3 3261/1/3 3263/1/3
f 3264/1/3 3265/1/3 3266/1/3
f 3266/1/3 3265/1/3 3267/1/3
f 3268/1/3 3269/1/3 3270/1/3
f 3270/1/3 3269/1/3 3271/1/3
f 3272/1/3 3273/1/3 3274/1/3
f 3274/1/3 3273/1/3 3275/1/3
f 3276/1/3 3277/1/3 3278/1/3
f 3278/1/3 3277/1/3 3279/1/3
f 3280/3/3 3281/3/3 3282/3/3
f 3282/3/3 3281/3/3 3283/3/3
f 3284/1/3 3285/1/3 3286/1/3
f 3286/1/3 3285/1/3 3287/1/3
f 3288/3/3 3289/3/3 3290/3/3
f 3290/3/3 3289/3/3 3291/3/3
f 3292/3/3 3293/3/3 3294/3/3
f 3294/3/3 3293/3/3 3295/3/3
f 3296/1/3 3297/1/3 3298/1/3
f 3298/1/3 3297/1/3 3299/1/3
f 3300/1/3 3301/1/3 3302/1/3
f 3302/1/3 3301/1/3 3303/1/3
f 3304/1/3 3305/1/3 3306/1/3
f 3306/1/3 3305/1/3 3307/1/3
f 3308/1/3 3309/1/3 3310/1/3
f 3310/1/3 3309/1/3 3311/1/3
f 3312/1/3 3313/1/3 3314/1/3
f 3314/1/3 3313/1/3 3315/1/3
f 3316/1/3 3317/1/3 3318/1/3
f 3318/1/3 3317/1/3 3319/1/3
f 3320/1/3 3321/1/3 3322/1/3
f 3322/1/3 3321/1/3 3323/1/3
f 3324/1/3 3325/1/3 3326/1/3
f 3326/1/3 3325/1/3 3327/1/3
f 3328/1/3 3329/1/3 3330/1/3
f 3330/1/3 3329/1/3 3331/1/3
f 3332/1/3 3333/1/3 3334/1/3
f 3334/1/3 3333/1/3 3335/1/3
f 3336/3/3 3337/3/3 3338/3/3
f 3338/3/3 3337/3/3 3339/3/3
f 3340/3/3 3341/3/3 3342/3/3
f 3342/3/3 3341/3/3 3343/3/3
f 3344/3/3 3345/3/3 3346/3/3
f 3346/3/3 3345/3/3 3347/3/3
f 3348/3/3 3349/3/3 3350/3/3
f 3350/3/3 3349/3/3 3351/3/3
f 3352/3/3 3353/3/3 3354/3/3
f 3354/3/3 3353/3/3 3355/3/3
f 3356/3/3 3357/3/3 3358/3/3
f 3358/3/3 3357/3/3 3359/3/3
f 3360/3/3 3361/3/3 3362/3/3
f 3362/3/3 3361/3/3 3363/3/3
f 3364/3/3 3365/3/3 3366/3/3
f 3366/3/3 3365/3/3 3367/3/3
f 3368/3/3 3369/3/3 3370/3/3
f 3370/3/3 3369/3/3 3371/3/3
f 3372/3/3 3373/3/3 3374/3/3
f 3374/3/3 3373/3/3 3375/3/3
f 3376/3/3 3377/3/3 3378/3/3
f 3378/3/3 3377/3/3 3379/3/3
f 3380/3/3 3381/3/3 3382/3/3
f 3382/3/3 3381/3/3 3383/3/3
f 3384/3/3 3385/3/3 3386/3/3
f 3386/3/3 3385/3/3 3387/3/3
f 3388/3/3 3389/3/3 3390/3/3
f 3390/3/3 3389/3/3 3391/3/3
f 3392/3/3 3393/3/3 3394/3/3
f 3394/3/3 3393/3/3 3395/3/3
f 3396/3/3 3397/3/3 3398/3/3
f 3398/3/3 3397/3/3 3399/3/3
f 3400/3/3 3401/3/3 3402/3/3
f 3402/3/3 3401/3/3 3403/3/3
f 3404/3/3 3405/3/3 3406/3/3
f 3406/3/3 3405/3/3 3407/3/3
f 3408/3/3 3409/3/3 3410/3/3
f 3410/3/3 3409/3/3 3411/3/3
f 3412/3/3 3413/3/3 3414/3/3
f 3414/3/3 3413/3/3 3415/3/3
f 3416/3/3 3417/3/3 3418/3/3
f 3418/3/3 3417/3/3 3419/3/3
f 3420/3/3 3421/3/3 3422/3/3
f 3422/3/3 3421/3/3 3423/3/3
f 3424/3/3 3425/3/3 3426/3/3
f 3426/3/3 3425/3/3 3427/3/3
f 3428/3/3 3429/3/3 3430/3/3
f 3430/3/3 3429/3/3 3431/3/3
f 3432/3/3 3433/3/3 3434/3/3
f 3434/3/3 3433/3/3 3435/3/3
f 3436/3/3 3437/3/3 3438/3/3
f 3438/3/3 3437/3/3 3439/3/3
f 3440/3/3 3441/3/3 3442/3/3
f 3442/3/3 3441/3/3 3443/3/3
f 3444/3/3 3445/3/3 3446/3/3
f 3446/3/3 3445/3/3 3447/3/3
f 3448/3/3 3449/3/3 3450/3/3
f 3450/3/3 3449/3/3 3451/3/3
f 3452/3/3 3453/3/3 3454/3/3
f 3454/3/3 3453/3/3 3455/3/3
f 3456/3/3 3457/3/3 3458/3/3
f 3456/3/3 3458/3/3 3460/3/3
f 3458/1/3 3459/1/3 3460/1/3
f 3460/1/3 3459/1/3 3461/1/3
f 3456/3/3 3460/3/3 3462/3/3
f 3456/3/3 3462/3/3 3464/3/3
f 3462/3/3 3463/3/3 3464/3/3
f 3464/3/3 3463/3/3 3465/3/3
f 3465/3/3 3463/3/3 3466/3/3
f 3465/1/3 3466/1/3 3468/1/3
f 3468/1/3 3466/1/3 3469/1/3
f 3469/1/3 3466/1/3 3470/1/3
f 3467/3/3 3468/3/3 3471/3/3
f 3468/3/3 3469/3/3 3471/3/3
f 3471/3/3 3469/3/3 3472/3/3
f 3472/3/3 3469/3/3 3473/3/3
f 3473/1/3 3474/1/3 3476/1/3
f 3472/1/3 3473/1/3 3476/1/3
f 3476/1/3 3474/1/3 3477/1/3
f 3475/3/3 3476/3/3 3478/3/3
f 3476/3/3 3477/3/3 3478/3/3
f 3478/3/3 3477/3/3 3479/3/3
f 3479/3/3 3477/3/3 3480/3/3
f 3480/3/3 3477/3/3 3481/3/3
f 3479/1/3 3480/1/3 3483/1/3
f 3483/1/3 3480/1/3 3484/1/3
f 3482/3/3 3483/3/3 3486/3/3
f 3484/3/3 3485/3/3 3486/3/3
f 3483/3/3 3484/3/3 3486/3/3
f 3486/3/3 3485/3/3 3487/3/3
f 3482/3/3 3486/3/3 3488/3/3
f 3482/3/3 3488/3/3 3490/3/3
f 3488/3/3 3489/3/3 3490/3/3
f 3490/3/3 3489/3/3 3491/3/3
f 3491/3/3 3489/3/3 3492/3/3
f 3492/3/3 3489/3/3 3493/3/3
f 3491/1/3 3492/1/3 3495/1/3
f 3495/1/3 3492/1/3 3496/1/3
f 3494/3/3 3495/3/3 3498/3/3
f 3496/3/3 3497/3/3 3498/3/3
f 3495/3/3 3496/3/3 3498/3/3
f 3498/3/3 3497/3/3 3499/3/3
f 3499/3/3 3497/3/3 3500/3/3
f 3499/1/3 3500/1/3 3502/1/3
f 3502/1/3 3500/1/3 3503/1/3
f 3503/1/3 3500/1/3 3504/1/3
f 3501/3/3 3502/3/3 3505/3/3
f 3502/3/3 3503/3/3 3505/3/3
f 3505/3/3 3503/3/3 3506/3/3
f 3506/3/3 3503/3/3 3507/3/3
f 3507/1/3 3508/1/3 3510/1/3
f 3506/1/3 3507/1/3 3510/1/3
f 3510/1/3 3508/1/3 3511/1/3
f 3509/3/3 3510/3/3 3512/3/3
f 3510/3/3 3511/3/3 3512/3/3
f 3512/3/3 3511/3/3 3513/3/3
f 3509/3/3 3512/3/3 3514/3/3
f 3514/3/3 3512/3/3 3515/3/3
f 3515/3/3 3512/3/3 3516/3/3
f 3516/1/3 3517/1/3 3519/1/3
f 3515/1/3 3516/1/3 3519/1/3
f 3519/1/3 3517/1/3 3520/1/3
f 3518/3/3 3519/3/3 3521/3/3
f 3519/3/3 3520/3/3 3521/3/3
f 3521/3/3 3520/3/3 3522/3/3
f 3522/3/3 3520/3/3 3523/3/3
f 3523/3/3 3520/3/3 3524/3/3
f 3522/1/3 3523/1/3 3526/1/3
f 3526/1/3 3523/1/3 3527/1/3
f 3525/3/3 3526/3/3 3529/3/3
f 3527/3/3 3528/3/3 3529/3/3
f 3526/3/3 3527/3/3 3529/3/3
f 3529/3/3 3528/3/3 3530/3/3
f 3530/3/3 3528/3/3 3531/3/3
f 3530/1/3 3531/1/3 3533/1/3
f 3533/1/3 3531/1/3 3534/1/3
f 3534/1/3 3531/1/3 3535/1/3
f 3532/3/3 3533/3/3 3536/3/3
f 3533/3/3 3534/3/3 3536/3/3
f 3532/3/3 3536/3/3 3538/3/3
f 3536/3/3 3537/3/3 3538/3/3
f 3538/3/3 3537/3/3 3539/3/3
f 3532/3/3 3538/3/3 3540/3/3
f 3532/3/3 3540/3/3 3542/3/3
f 3540/3/3 3541/3/3 3542/3/3
f 3542/3/3 3541/3/3 3543/3/3
f 3543/3/3 3541/3/3 3544/3/3
f 3543/1/3 3544/1/3 3546/1/3
f 3546/1/3 3544/1/3 3547/1/3
f 3547/1/3 3544/1/3 3548/1/3
f 3545/3/3 3546/3/3 3549/3/3
f 3546/3/3 3547/3/3 3549/3/3
f 3549/3/3 3547/3/3 3550/3/3
f 3550/3/3 3547/3/3 3551/3/3
f 3551/1/3 3552/1/3 3554/1/3
f 3550/1/3 3551/1/3 3554/1/3
f 3554/1/3 3552/1/3 3555/1/3
f 3553/3/3 3554/3/3 3556/3/3
f 3554/3/3 3555/3/3 3556/3/3
f 3556/3/3 3555/3/3 3557/3/3
f 3557/3/3 3555/3/3 3558/3/3
f 3558/3/3 3555/3/3 3559/3/3
f 3557/1/3 3558/1/3 3561/1/3
f 3561/1/3 3558/1/3 3562/1/3
f 3560/3/3 3561/3/3 3564/3/3
f 3562/3/3 3563/3/3 3564/3/3
f 3561/3/3 3562/3/3 3564/3/3
f 3564/3/3 3563/3/3 3565/3/3
f 3560/3/3 3564/3/3 3566/3/3
f 3560/3/3 3566/3/3 3568/3/3
f 3566/3/3 3567/3/3 3568/3/3
f 3568/3/3 3567/3/3 3569/3/3
f 3570/1/3 3571/1/3 3572/1/3
f 3572/1/3 3571/1/3 3573/1/3
f 3574/4/3 3575/4/3 3576/4/3
f 3576/4/3 3575/4/3 3577/4/3
f 3578/3/3 3579/3/3 3580/3/3
f 3580/3/3 3579/3/3 3581/3/3
f 3582/1/3 3583/1/3 3584/1/3
f 3584/1/3 3583/1/3 3585/1/3
f 3586/1/3 3587/1/3 3588/1/3
f 3588/1/3 3587/1/3 3589/1/3
f 3590/1/3 3591/1/3 3592/1/3
f 3592/1/3 3591/1/3 3593/1/3
f 3594/1/3 3595/1/3 3596/1/3
f 3596/1/3 3595/1/3 3597/1/3
f 3598/1/3 3599/1/3 3600/1/3
f 3600/1/3 3599/1/3 3601/1/3
f 3602/5/3 3603/5/3 3605/5/3
f 3603/5/3 3604/5/3 3605/5/3
f 3605/5/3 3604/5/3 3606/5/3
f 3607/3/3 3608/3/3 3609/3/3
f 3609/3/3 3608/3/3 3610/3/3
f 3611/3/3 3612/3/3 3613/3/3
f 3613/3/3 3612/3/3 3614/3/3
f 3615/1/3 3616/1/3 3617/1/3
f 3617/1/3 3616/1/3 3618/1/3
f 3619/1/3 3620/1/3 3621/1/3
f 3621/1/3 3620/1/3 3622/1/3
f 3623/1/3 3624/1/3 3625/1/3
f 3625/1/3 3624/1/3 3626/1/3
f 3627/5/3 3628/5/3 3629/5/3
f 3629/5/3 3628/5/3 3630/5/3
f 3631/1/3 3632/1/3 3633/1/3
f 3633/1/3 3632/1/3 3634/1/3
f 3635/1/3 3636/1/3 3637/1/3
f 3637/1/3 3636/1/3 3638/1/3
f 3639/1/3 3640/1/3 3641/1/3
f 3641/1/3 3640/1/3 3642/1/3
f 3643/5/3 3644/5/3 3645/5/3
f 3645/5/3 3644/5/3 3646/5/3
f 3647/1/3 3648/1/3 3649/1/3
f 3649/1/3 3648/1/3 3650/1/3
f 3651/1/3 3652/1/3 3653/1/3
f 3653/1/3 3652/1/3 3654/1/3
f 3655/1/3 3656/1/3 3657/1/3
f 3657/1/3 3656/1/3 3658/1/3
f 3659/1/3 3660/1/3 3661/1/3
f 3661/1/3 3660/1/3 3662/1/3
f 3663/4/3 3664/4/4 3666/4/3
f 3664/4/4 3665/4/3 3666/4/3
f 3666/4/3 3665/4/3 3667/4/3
f 3666/3/3 3667/3/3 3668/3/3
f 3668/3/3 3667/3/3 3669/3/3
f 3670/3/3 3671/3/3 3672/3/3
f 3672/3/3 3671/3/3 3673/3/3
f 3674/1/3 3675/1/3 3676/1/3
f 3676/1/3 3675/1/3 3677/1/3
f 3678/1/3 3679/1/3 3680/1/3
f 3680/1/3 3679/1/3 3681/1/3
f 3682/1/3 3683/1/3 3684/1/3
f 3684/1/3 3683/1/3 3685/1/3
f 3686/1/3 3687/1/3 3688/1/3
f 3688/1/3 3687/1/3 3689/1/3
f 3690/3/3 3691/3/3 3692/3/4
f 3690/3/3 3692/3/4 3694/3/3
f 3692/3/4 3693/3/3 3694/3/3
f 3694/3/3 3693/3/3 3695/3/3
f 3696/1/3 3697/1/3 3698/1/3
f 3698/1/3 3697/1/3 3699/1/3
f 3700/1/3 3701/1/3 3702/1/3
f 3702/1/3 3701/1/3 3703/1/3
f 3704/1/3 3705/1/3 3706/1/3
f 3706/1/3 3705/1/3 3707/1/3
f 3708/1/3 3709/1/3 3710/1/3
f 3710/1/3 3709/1/3 3711/1/3
f 3712/1/3 3713/1/3 3714/1/3
f 3714/1/3 3713/1/3 3715/1/3
f 3716/3/3 3717/3/3 3718/3/3
f 3718/3/3 3717/3/3 3719/3/3
f 3720/3/3 3721/3/3 3723/3/3
f 3721/3/3 3722/3/3 3723/3/3
f 3723/3/3 3722/3/3 3724/3/3
f 3725/3/3 3726/3/3 3727/3/3
f 3727/3/3 3726/3/3 3728/3/3
f 3729/1/3 3730/1/3 3732/1/3
f 3730/2/3 3731/2/3 3733/2/3
f 3732/1/3 3730/1/3 3733/1/3
f 3733/2/3 3731/2/3 3735/2/3
f 3734/1/3 3735/1/3 3737/1/3
f 3735/2/3 3731/2/3 3738/2/3
f 3737/1/3 3735/1/3 3738/1/3
f 3736/3/3 3737/3/3 3739/3/3
f 3737/3/3 3738/3/3 3739/3/3
f 3738/2/3 3731/2/3 3740/2/3
f 3739/3/3 3738/3/3 3740/3/3
f 3740/2/3 3731/2/3 3741/2/3
f 3741/2/3 3731/2/3 3742/2/3
f 3746/3/5 3744/3/5 3743/3/5
f 3748/3/5 3746/3/5 3745/3/5
f 3750/3/5 3748/3/5 3747/3/5
f 3755/3/5 3752/3/5 3751/3/5
f 3756/3/5 3752/3/5 3755/3/5
f 3757/3/5 3750/3/5 3749/3/5
f 3758/4/5 3754/4/5 3753/4/5
f 3758/3/5 3755/3/5 3754/3/5
f 3759/3/5 3755/3/5 3758/3/5
f 3760/3/5 3757/3/5 3756/3/5
f 3761/3/5 3750/3/5 3757/3/5
f 3761/3/5 3757/3/5 3760/3/5
f 3762/4/5 3758/4/5 3753/4/5
f 3765/3/5 3750/3/5 3761/3/5
f 3766/3/5 3763/3/5 3762/3/5
f 3767/3/5 3765/3/5 3764/3/5
f 3768/3/5 3766/3/5 3762/3/5
f 3768/3/5 3767/3/5 3766/3/5
f 3769/3/5 3765/3/5 3767/3/5
f 3769/3/5 3767/3/5 3768/3/5
f 3770/3/5 3768/3/5 3762/3/5
f 3770/4/5 3762/4/5 3753/4/5
f 3771/3/5 3768/3/5 3770/3/5
f 3772/3/5 3765/3/5 3769/3/5
f 3773/3/5 3750/3/5 3765/3/5
f 3773/3/5 3765/3/5 3772/3/5
f 3774/4/5 3770/4/5 3753/4/5
f 3777/3/5 3750/3/5 3773/3/5
f 3778/3/5 3775/3/5 3774/3/5
f 3779/3/5 3777/3/5 3776/3/5
f 3780/3/5 3778/3/5 3774/3/5
f 3780/3/5 3779/3/5 3778/3/5
f 3781/3/5 3777/3/5 3779/3/5
f 3781/3/5 3779/3/5 3780/3/5
f 3782/3/5 3780/3/5 3774/3/5
f 3782/4/5 3774/4/5 3753/4/5
f 3783/3/5 3780/3/5 3782/3/5
f 3784/3/5 3777/3/5 3781/3/5
f 3785/3/5 3750/3/5 3777/3/5
f 3785/3/5 3777/3/5 3784/3/5
f 3786/4/5 3782/4/5 3753/4/5
f 3789/3/5 3750/3/5 3785/3/5
f 3790/3/5 3787/3/5 3786/3/5
f 3791/3/5 3789/3/5 3788/3/5
f 3792/3/5 3790/3/5 3786/3/5
f 3792/3/5 3791/3/5 3790/3/5
f 3793/3/5 3789/3/5 3791/3/5
f 3793/3/5 3791/3/5 3792/3/5
f 3794/3/5 3792/3/5 3786/3/5
f 3794/4/5 3786/4/5 3753/4/5
f 3795/3/5 3792/3/5 3794/3/5
f 3796/3/5 3789/3/5 3793/3/5
f 3797/3/5 3750/3/5 3789/3/5
f 3797/3/5 3789/3/5 3796/3/5
f 3798/4/5 3794/4/5 3753/4/5
f 3801/3/5 3750/3/5 3797/3/5
f 3802/4/5 3798/4/5 3753/4/5
f 3803/3/5 3799/3/5 3798/3/5
f 3803/4/5 3798/4/5 3802/4/5
f 3804/3/5 3799/3/5 3803/3/5
f 3805/3/5 3801/3/5 3800/3/5
f 3806/3/5 3750/3/5 3801/3/5
f 3806/3/5 3801/3/5 3805/3/5
f 3807/3/5 3805/3/5 3804/3/5
f 3808/3/5 3805/3/5 3807/3/5
f 3809/3/5 3750/3/5 3806/3/5
f 3810/3/5 3748/3/5 3750/3/5
f 3810/3/5 3750/3/5 3809/3/5
f 3811/3/5 3748/3/5 3810/3/5
f 3812/3/5 3746/3/5 3748/3/5
f 3812/3/5 3748/3/5 3811/3/5
f 3814/3/5 3746/3/5 3812/3/5
f 3816/3/5 3814/3/5 3813/3/5
f 3821/3/5 3818/3/5 3817/3/5
f 3822/3/5 3818/3/5 3821/3/5
f 3823/3/5 3816/3/5 3815/3/5
f 3824/4/5 3820/4/5 3819/4/5
f 3824/3/5 3821/3/5 3820/3/5
f 3825/3/5 3821/3/5 3824/3/5
f 3826/3/5 3823/3/5 3822/3/5
f 3827/3/5 3816/3/5 3823/3/5
f 3827/3/5 3823/3/5 3826/3/5
f 3828/4/5 3824/4/5 3819/4/5
f 3831/3/5 3816/3/5 3827/3/5
f 3832/3/5 3829/3/5 3828/3/5
f 3833/3/5 3831/3/5 3830/3/5
f 3834/3/5 3832/3/5 3828/3/5
f 3834/3/5 3833/3/5 3832/3/5
f 3835/3/5 3831/3/5 3833/3/5
f 3835/3/5 3833/3/5 3834/3/5
f 3836/3/5 3834/3/5 3828/3/5
f 3836/4/5 3828/4/5 3819/4/5
f 3837/3/5 3834/3/5 3836/3/5
f 3838/3/5 3831/3/5 3835/3/5
f 3839/3/5 3816/3/5 3831/3/5
f 3839/3/5 3831/3/5 3838/3/5
f 3840/4/5 3836/4/5 3819/4/5
f 3843/3/5 3816/3/5 3839/3/5
f 3844/3/5 3841/3/5 3840/3/5
f 3845/3/5 3843/3/5 3842/3/5
f 3846/3/5 3844/3/5 3840/3/5
f 3846/3/5 3845/3/5 3844/3/5
f 3847/3/5 3843/3/5 3845/3/5
f 3847/3/5 3845/3/5 3846/3/5
f 3848/3/5 3846/3/5 3840/3/5
f 3848/4/5 3840/4/5 3819/4/5
f 3849/3/5 3846/3/5 3848/3/5
f 3850/3/5 3843/3/5 3847/3/5
f 3851/3/5 3816/3/5 3843/3/5
f 3851/3/5 3843/3/5 3850/3/5
f 3852/4/5 3848/4/5 3819/4/5
f 3855/3/5 3816/3/5 3851/3/5
f 3856/3/5 3853/3/5 3852/3/5
f 3857/3/5 3855/3/5 3854/3/5
f 3858/3/5 3856/3/5 3852/3/5
f 3858/3/5 3857/3/5 3856/3/5
f 3859/3/5 3855/3/5 3857/3/5
f 3859/3/5 3857/3/5 3858/3/5
f 3860/3/5 3858/3/5 3852/3/5
f 3860/4/5 3852/4/5 3819/4/5
f 3861/3/5 3858/3/5 3860/3/5
f 3862/3/5 3855/3/5 3859/3/5
f 3863/3/5 3816/3/5 3855/3/5
f 3863/3/5 3855/3/5 3862/3/5
f 3864/4/5 3860/4/5 3819/4/5
f 3867/3/5 3816/3/5 3863/3/5
f 3868/4/5 3864/4/5 3819/4/5
f 3869/3/5 3865/3/5 3864/3/5
f 3869/4/5 3864/4/5 3868/4/5
f 3870/3/5 3865/3/5 3869/3/5
f 3871/3/5 3867/3/5 3866/3/5
f 3872/3/5 3816/3/5 3867/3/5
f 3872/3/5 3867/3/5 3871/3/5
f 3873/3/5 3871/3/5 3870/3/5
f 3874/3/5 3871/3/5 3873/3/5
f 3875/3/5 3816/3/5 3872/3/5
f 3876/3/5 3814/3/5 3816/3/5
f 3876/3/5 3816/3/5 3875/3/5
f 3877/3/5 3814/3/5 3876/3/5
f 3878/3/5 3746/3/5 3814/3/5
f 3878/3/5 3814/3/5 3877/3/5
f 3880/3/5 3746/3/5 3878/3/5
f 3882/3/5 3880/3/5 3879/3/5
f 3887/3/5 3884/3/5 3883/3/5
f 3888/3/5 3884/3/5 3887/3/5
f 3889/3/5 3882/3/5 3881/3/5
f 3890/4/5 3886/4/5 3885/4/5
f 3890/3/5 3887/3/5 3886/3/5
f 3891/3/5 3887/3/5 3890/3/5
f 3892/3/5 3889/3/5 3888/3/5
f 3893/3/5 3882/3/5 3889/3/5
f 3893/3/5 3889/3/5 3892/3/5
f 3894/4/5 3890/4/5 3885/4/5
f 3897/3/5 3882/3/5 3893/3/5
f 3898/3/5 3895/3/5 3894/3/5
f 3899/3/5 3897/3/5 3896/3/5
f 3900/3/5 3898/3/5 3894/3/5
f 3900/3/5 3899/3/5 3898/3/5
f 3901/3/5 3897/3/5 3899/3/5
f 3901/3/5 3899/3/5 3900/3/5
f 3902/3/5 3900/3/5 3894/3/5
f 3902/4/5 3894/4/5 3885/4/5
f 3903/3/5 3900/3/5 3902/3/5
f 3904/3/5 3897/3/5 3901/3/5
f 3905/3/5 3882/3/5 3897/3/5
f 3905/3/5 3897/3/5 3904/3/5
f 3906/4/5 3902/4/5 3885/4/5
f 3909/3/5 3882/3/5 3905/3/5
f 3910/3/5 3907/3/5 3906/3/5
f 3911/3/5 3909/3/5 3908/3/5
f 3912/3/5 3910/3/5 3906/3/5
f 3912/3/5 3911/3/5 3910/3/5
f 3913/3/5 3909/3/5 3911/3/5
f 3913/3/5 3911/3/5 3912/3/5
f 3914/3/5 3912/3/5 3906/3/5
f 3914/4/5 3906/4/5 3885/4/5
f 3915/3/5 3912/3/5 3914/3/5
f 3916/3/5 3909/3/5 3913/3/5
f 3917/3/5 3882/3/5 3909/3/5
f 3917/3/5 3909/3/5 3916/3/5
f 3918/4/5 3914/4/5 3885/4/5
f 3921/3/5 3882/3/5 3917/3/5
f 3922/3/5 3919/3/5 3918/3/5
f 3923/3/5 3921/3/5 3920/3/5
f 3924/3/5 3922/3/5 3918/3/5
f 3924/3/5 3923/3/5 3922/3/5
f 3925/3/5 3921/3/5 3923/3/5
f 3925/3/5 3923/3/5 3924/3/5
f 3926/3/5 3924/3/5 3918/3/5
f 3926/4/5 3918/4/5 3885/4/5
f 3927/3/5 3924/3/5 3926/3/5
f 3928/3/5 3921/3/5 3925/3/5
f 3929/3/5 3882/3/5 3921/3/5
f 3929/3/5 3921/3/5 3928/3/5
f 3930/4/5 3926/4/5 3885/4/5
f 3933/3/5 3882/3/5 3929/3/5
f 3934/4/5 3930/4/5 3885/4/5
f 3935/3/5 3931/3/5 3930/3/5
f 3935/4/5 3930/4/5 3934/4/5
f 3936/3/5 3931/3/5 3935/3/5
f 3937/3/5 3933/3/5 3932/3/5
f 3938/3/5 3882/3/5 3933/3/5
f 3938/3/5 3933/3/5 3937/3/5
f 3939/3/5 3937/3/5 3936/3/5
f 3940/3/5 3937/3/5 3939/3/5
f 3941/3/5 3882/3/5 3938/3/5
f 3942/3/5 3880/3/5 3882/3/5
f 3942/3/5 3882/3/5 3941/3/5
f 3943/3/5 3880/3/5 3942/3/5
f 3944/3/5 3746/3/5 3880/3/5
f 3944/3/5 3880/3/5 3943/3/5
f 3945/3/5 3746/3/5 3944/3/5
f 3946/3/5 3744/3/5 3746/3/5
f 3946/3/5 3746/3/5 3945/3/5
f 3947/3/5 3744/3/5 3946/3/5
f 3948/3/5 3744/3/5 3947/3/5
f 3951/5/5 3950/5/5 3949/5/5
f 3952/5/5 3950/5/5 3951/5/5
f 3955/5/5 3954/5/5 3953/5/5
f 3956/5/5 3954/5/5 3955/5/5
f 3959/5/5 3958/5/5 3957/5/5
f 3960/5/5 3958/5/5 3959/5/5
f 3963/5/5 3962/5/5 3961/5/5
f 3964/5/5 3962/5/5 3963/5/5
f 3967/5/5 3966/5/5 3965/5/5
f 3968/5/5 3966/5/5 3967/5/5
f 3971/5/5 3970/5/5 3969/5/5
f 3972/5/5 3970/5/5 3971/5/5
f 3975/5/5 3974/5/5 3973/5/5
f 3976/5/5 3974/5/5 3975/5/5
f 3979/5/5 3978/5/5 3977/5/5
f 3980/5/5 3978/5/5 3979/5/5
f 3983/5/5 3982/5/5 3981/5/5
f 3984/5/5 3982/5/5 3983/5/5
f 3987/4/5 3986/4/5 3985/4/5
f 3988/4/5 3986/4/5 3987/4/5
f 3991/4/5 3990/4/5 3989/4/5
f 3992/4/5 3990/4/5 3991/4/5
f 3995/4/5 3994/4/5 3993/4/5
f 3996/4/5 3994/4/5 3995/4/5
f 4023/3/5 3998/3/5 3997/3/5
f 4024/3/5 4000/3/5 3999/3/5
f 4025/3/5 4000/3/5 4024/3/5
f 4026/3/5 4002/3/5 4001/3/5
f 4027/3/5 4002/3/5 4026/3/5
f 4028/3/5 4004/3/5 4003/3/5
f 4029/3/5 4004/3/5 4028/3/5
f 4030/3/5 4006/3/5 4005/3/5
f 4031/3/5 4006/3/5 4030/3/5
f 4032/3/5 4008/3/5 4007/3/5
f 4033/3/5 4008/3/5 4032/3/5
f 4034/3/5 4010/3/5 4009/3/5
f 4035/3/5 4010/3/5 4034/3/5
f 4036/3/5 4012/3/5 4011/3/5
f 4037/3/5 4012/3/5 4036/3/5
f 4038/3/5 4014/3/5 4013/3/5
f 4039/3/5 4014/3/5 4038/3/5
f 4040/3/5 4016/3/5 4015/3/5
f 4041/3/5 4016/3/5 4040/3/5
f 4042/3/5 4018/3/5 4017/3/5
f 4043/3/5 4018/3/5 4042/3/5
f 4044/3/5 4020/3/5 4019/3/5
f 4045/3/5 4020/3/5 4044/3/5
f 4046/3/5 4022/3/5 4021/3/5
f 4047/3/5 4045/3/5 4044/3/5
f 4047/3/5 4046/3/5 4045/3/5
f 4047/3/5 4023/3/5 3997/3/5
f 4047/3/5 4025/3/5 4024/3/5
f 4047/3/5 4044/3/5 4043/3/5
f 4047/3/5 4027/3/5 4026/3/5
f 4047/3/5 4042/3/5 4041/3/5
f 4047/3/5 4029/3/5 4028/3/5
f 4047/3/5 4040/3/5 4039/3/5
f 4047/3/5 4031/3/5 4030/3/5
f 4047/3/5 4038/3/5 4037/3/5
f 4047/3/5 4033/3/5 4032/3/5
f 4047/3/5 4036/3/5 4035/3/5
f 4047/3/5 4035/3/5 4034/3/5
f 4047/3/5 4034/3/5 4033/3/5
f 4047/3/5 4037/3/5 4036/3/5
f 4047/3/5 4032/3/5 4031/3/5
f 4047/3/5 4039/3/5 4038/3/5
f 4047/3/5 4030/3/5 4029/3/5
f 4047/3/5 4041/3/5 4040/3/5
f 4047/3/5 4028/3/5 4027/3/5
f 4047/3/5 4043/3/5 4042/3/5
f 4047/3/5 4026/3/5 4025/3/5
f 4047/3/5 4024/3/5 4023/3/5
f 4048/3/5 4046/3/5 4047/3/5
f 4049/3/5 4046/3/5 4048/3/5
f 4050/3/5 4046/3/5 4049/3/5
f 4051/3/5 4046/3/5 4050/3/5
f 4052/3/5 4046/3/5 4051/3/5
f 4053/3/5 4046/3/5 4052/3/5
f 4054/3/5 4046/3/5 4053/3/5
f 4055/3/5 4046/3/5 4054/3/5
f 4056/3/5 4046/3/5 4055/3/5
f 4057/3/5 4046/3/5 4056/3/5
f 4058/3/5 4046/3/5 4057/3/5
f 4059/3/5 4046/3/5 4058/3/5
f 4060/3/5 4046/3/5 4059/3/5
f 4061/3/5 4046/3/5 4060/3/5
f 4062/3/5 4046/3/5 4061/3/5
f 4063/3/5 4046/3/5 4062/3/5
f 4064/3/5 4046/3/5 4063/3/5
f 4065/3/5 4046/3/5 4064/3/5
f 4066/3/5 4046/3/5 4065/3/5
f 4067/3/5 4046/3/5 4066/3/5
f 4068/3/5 4046/3/5 4067/3/5
f 4069/3/5 4046/3/5 4068/3/5
f 4070/3/5 4022/3/5 4046/3/5
f 4070/3/5 4046/3/5 4069/3/5
f 4071/3/5 4047/3/5 3997/3/5
f 4072/3/5 4049/3/5 4048/3/5
f 4073/3/5 4049/3/5 4072/3/5
f 4074/3/5 4051/3/5 4050/3/5
f 4075/3/5 4051/3/5 4074/3/5
f 4076/3/5 4053/3/5 4052/3/5
f 4077/3/5 4053/3/5 4076/3/5
f 4078/3/5 4055/3/5 4054/3/5
f 4079/3/5 4055/3/5 4078/3/5
f 4080/3/5 4057/3/5 4056/3/5
f 4081/3/5 4057/3/5 4080/3/5
f 4082/3/5 4059/3/5 4058/3/5
f 4083/3/5 4059/3/5 4082/3/5
f 4084/3/5 4061/3/5 4060/3/5
f 4085/3/5 4061/3/5 4084/3/5
f 4086/3/5 4063/3/5 4062/3/5
f 4087/3/5 4063/3/5 4086/3/5
f 4088/3/5 4065/3/5 4064/3/5
f 4089/3/5 4065/3/5 4088/3/5
f 4090/3/5 4067/3/5 4066/3/5
f 4091/3/5 4067/3/5 4090/3/5
f 4092/3/5 4069/3/5 4068/3/5
f 4093/3/5 4069/3/5 4092/3/5
f 4094/3/5 4022/3/5 4070/3/5
f 4095/3/5 4091/3/5 4090/3/5
f 4095/3/5 4094/3/5 4093/3/5
f 4095/3/5 4093/3/5 4092/3/5
f 4095/3/5 4089/3/5 4088/3/5
f 4095/3/5 4092/3/5 4091/3/5
f 4095/3/5 4071/3/5 3997/3/5
f 4095/3/5 4090/3/5 4089/3/5
f 4095/3/5 4087/3/5 4086/3/5
f 4095/3/5 4088/3/5 4087/3/5
f 4095/3/5 4073/3/5 4072/3/5
f 4095/3/5 4086/3/5 4085/3/5
f 4095/3/5 4085/3/5 4084/3/5
f 4095/3/5 4084/3/5 4083/3/5
f 4095/3/5 4075/3/5 4074/3/5
f 4095/3/5 4082/3/5 4081/3/5
f 4095/3/5 4083/3/5 4082/3/5
f 4095/3/5 4080/3/5 4079/3/5
f 4095/3/5 4077/3/5 4076/3/5
f 4095/3/5 4078/3/5 4077/3/5
f 4095/3/5 4081/3/5 4080/3/5
f 4095/3/5 4076/3/5 4075/3/5
f 4095/3/5 4079/3/5 4078/3/5
f 4095/3/5 4074/3/5 4073/3/5
f 4095/3/5 4072/3/5 4071/3/5
f 4096/3/5 4094/3/5 4095/3/5
f 4097/3/5 4094/3/5 4096/3/5
f 4098/3/5 4094/3/5 4097/3/5
f 4099/3/5 4094/3/5 4098/3/5
f 4100/3/5 4094/3/5 4099/3/5
f 4101/3/5 4094/3/5 4100/3/5
f 4102/3/5 4094/3/5 4101/3/5
f 4103/3/5 4094/3/5 4102/3/5
f 4104/3/5 4094/3/5 4103/3/5
f 4105/3/5 4094/3/5 4104/3/5
f 4106/3/5 4094/3/5 4105/3/5
f 4107/3/5 4094/3/5 4106/3/5
f 4108/3/5 4094/3/5 4107/3/5
f 4109/3/5 4094/3/5 4108/3/5
f 4110/3/5 4094/3/5 4109/3/5
f 4111/3/5 4094/3/5 4110/3/5
f 4112/3/5 4094/3/5 4111/3/5
f 4113/3/5 4094/3/5 4112/3/5
f 4114/3/5 4094/3/5 4113/3/5
f 4115/3/5 4094/3/5 4114/3/5
f 4116/3/5 4094/3/5 4115/3/5
f 4117/3/5 4094/3/5 4116/3/5
f 4118/3/5 4022/3/5 4094/3/5
f 4118/3/5 4094/3/5 4117/3/5
f 4119/3/5 4095/3/5 3997/3/5
f 4120/3/5 4095/3/5 4119/3/5
f 4121/3/5 4097/3/5 4096/3/5
f 4122/3/5 4097/3/5 4121/3/5
f 4123/3/5 4099/3/5 4098/3/5
f 4124/3/5 4099/3/5 4123/3/5
f 4125/3/5 4101/3/5 4100/3/5
f 4126/3/5 4101/3/5 4125/3/5
f 4127/3/5 4103/3/5 4102/3/5
f 4128/3/5 4103/3/5 4127/3/5
f 4129/3/5 4105/3/5 4104/3/5
f 4130/3/5 4105/3/5 4129/3/5
f 4131/3/5 4107/3/5 4106/3/5
f 4132/3/5 4107/3/5 4131/3/5
f 4133/3/5 4109/3/5 4108/3/5
f 4134/3/5 4109/3/5 4133/3/5
f 4135/3/5 4111/3/5 4110/3/5
f 4136/3/5 4111/3/5 4135/3/5
f 4137/3/5 4113/3/5 4112/3/5
f 4138/3/5 4113/3/5 4137/3/5
f 4139/3/5 4115/3/5 4114/3/5
f 4140/3/5 4115/3/5 4139/3/5
f 4141/3/5 4117/3/5 4116/3/5
f 4142/3/5 4117/3/5 4141/3/5
f 4143/3/5 4022/3/5 4118/3/5
f 4144/3/5 4022/3/5 4143/3/5
f 4171/3/5 4146/3/5 4145/3/5
f 4172/3/5 4148/3/5 4147/3/5
f 4173/3/5 4148/3/5 4172/3/5
f 4174/3/5 4150/3/5 4149/3/5
f 4175/3/5 4150/3/5 4174/3/5
f 4176/3/5 4152/3/5 4151/3/5
f 4177/3/5 4152/3/5 4176/3/5
f 4178/3/5 4154/3/5 4153/3/5
f 4179/3/5 4154/3/5 4178/3/5
f 4180/3/5 4156/3/5 4155/3/5
f 4181/3/5 4156/3/5 4180/3/5
f 4182/3/5 4158/3/5 4157/3/5
f 4183/3/5 4158/3/5 4182/3/5
f 4184/3/5 4160/3/5 4159/3/5
f 4185/3/5 4160/3/5 4184/3/5
f 4186/3/5 4162/3/5 4161/3/5
f 4187/3/5 4162/3/5 4186/3/5
f 4188/3/5 4164/3/5 4163/3/5
f 4189/3/5 4164/3/5 4188/3/5
f 4190/3/5 4166/3/5 4165/3/5
f 4191/3/5 4166/3/5 4190/3/5
f 4192/3/5 4168/3/5 4167/3/5
f 4193/3/5 4168/3/5 4192/3/5
f 4194/3/5 4170/3/5 4169/3/5
f 4195/3/5 4193/3/5 4192/3/5
f 4195/3/5 4194/3/5 4193/3/5
f 4195/3/5 4171/3/5 4145/3/5
f 4195/3/5 4173/3/5 4172/3/5
f 4195/3/5 4192/3/5 4191/3/5
f 4195/3/5 4175/3/5 4174/3/5
f 4195/3/5 4190/3/5 4189/3/5
f 4195/3/5 4177/3/5 4176/3/5
f 4195/3/5 4188/3/5 4187/3/5
f 4195/3/5 4179/3/5 4178/3/5
f 4195/3/5 4186/3/5 4185/3/5
f 4195/3/5 4181/3/5 4180/3/5
f 4195/3/5 4184/3/5 4183/3/5
f 4195/3/5 4183/3/5 4182/3/5
f 4195/3/5 4182/3/5 4181/3/5
f 4195/3/5 4185/3/5 4184/3/5
f 4195/3/5 4180/3/5 4179/3/5
f 4195/3/5 4187/3/5 4186/3/5
f 4195/3/5 4178/3/5 4177/3/5
f 4195/3/5 4189/3/5 4188/3/5
f 4195/3/5 4176/3/5 4175/3/5
f 4195/3/5 4191/3/5 4190/3/5
f 4195/3/5 4174/3/5 4173/3/5
f 4195/3/5 4172/3/5 4171/3/5
f 4196/3/5 4194/3/5 4195/3/5
f 4197/3/5 4194/3/5 4196/3/5
f 4198/3/5 4194/3/5 4197/3/5
f 4199/3/5 4194/3/5 4198/3/5
f 4200/3/5 4194/3/5 4199/3/5
f 4201/3/5 4194/3/5 4200/3/5
f 4202/3/5 4194/3/5 4201/3/5
f 4203/3/5 4194/3/5 4202/3/5
f 4204/3/5 4194/3/5 4203/3/5
f 4205/3/5 4194/3/5 4204/3/5
f 4206/3/5 4194/3/5 4205/3/5
f 4207/3/5 4194/3/5 4206/3/5
f 4208/3/5 4194/3/5 4207/3/5
f 4209/3/5 4194/3/5 4208/3/5
f 4210/3/5 4194/3/5 4209/3/5
f 4211/3/5 4194/3/5 4210/3/5
f 4212/3/5 4194/3/5 4211/3/5
f 4213/3/5 4194/3/5 4212/3/5
f 4214/3/5 4194/3/5 4213/3/5
f 4215/3/5 4194/3/5 4214/3/5
f 4216/3/5 4194/3/5 4215/3/5
f 4217/3/5 4194/3/5 4216/3/5
f 4218/3/5 4170/3/5 4194/3/5
f 4218/3/5 4194/3/5 4217/3/5
f 4219/3/5 4195/3/5 4145/3/5
f 4220/3/5 4197/3/5 4196/3/5
f 4221/3/5 4197/3/5 4220/3/5
f 4222/3/5 4199/3/5 4198/3/5
f 4223/3/5 4199/3/5 4222/3/5
f 4224/3/5 4201/3/5 4200/3/5
f 4225/3/5 4201/3/5 4224/3/5
f 4226/3/5 4203/3/5 4202/3/5
f 4227/3/5 4203/3/5 4226/3/5
f 4228/3/5 4205/3/5 4204/3/5
f 4229/3/5 4205/3/5 4228/3/5
f 4230/3/5 4207/3/5 4206/3/5
f 4231/3/5 4207/3/5 4230/3/5
f 4232/3/5 4209/3/5 4208/3/5
f 4233/3/5 4209/3/5 4232/3/5
f 4234/3/5 4211/3/5 4210/3/5
f 4235/3/5 4211/3/5 4234/3/5
f 4236/3/5 4213/3/5 4212/3/5
f 4237/3/5 4213/3/5 4236/3/5
f 4238/3/5 4215/3/5 4214/3/5
f 4239/3/5 4215/3/5 4238/3/5
f 4240/3/5 4217/3/5 4216/3/5
f 4241/3/5 4217/3/5 4240/3/5
f 4242/3/5 4170/3/5 4218/3/5
f 4243/3/5 4239/3/5 4238/3/5
f 4243/3/5 4242/3/5 4241/3/5
f 4243/3/5 4241/3/5 4240/3/5
f 4243/3/5 4237/3/5 4236/3/5
f 4243/3/5 4240/3/5 4239/3/5
f 4243/3/5 4219/3/5 4145/3/5
f 4243/3/5 4238/3/5 4237/3/5
f 4243/3/5 4235/3/5 4234/3/5
f 4243/3/5 4236/3/5 4235/3/5
f 4243/3/5 4221/3/5 4220/3/5
f 4243/3/5 4234/3/5 4233/3/5
f 4243/3/5 4233/3/5 4232/3/5
f 4243/3/5 4232/3/5 4231/3/5
f 4243/3/5 4223/3/5 4222/3/5
f 4243/3/5 4230/3/5 4229/3/5
f 4243/3/5 4231/3/5 4230/3/5
f 4243/3/5 4228/3/5 4227/3/5
f 4243/3/5 4225/3/5 4224/3/5
f 4243/3/5 4226/3/5 4225/3/5
f 4243/3/5 4229/3/5 4228/3/5
f 4243/3/5 4224/3/5 4223/3/5
f 4243/3/5 4227/3/5 4226/3/5
f 4243/3/5 4222/3/5 4221/3/5
f 4243/3/5 4220/3/5 4219/3/5
f 4244/3/5 4242/3/5 4243/3/5
f 4245/3/5 4242/3/5 4244/3/5
f 4246/3/5 4242/3/5 4245/3/5
f 4247/3/5 4242/3/5 4246/3/5
f 4248/3/5 4242/3/5 4247/3/5
f 4249/3/5 4242/3/5 4248/3/5
f 4250/3/5 4242/3/5 4249/3/5
f 4251/3/5 4242/3/5 4250/3/5
f 4252/3/5 4242/3/5 4251/3/5
f 4253/3/5 4242/3/5 4252/3/5
f 4254/3/5 4242/3/5 4253/3/5
f 4255/3/5 4242/3/5 4254/3/5
f 4256/3/5 4242/3/5 4255/3/5
f 4257/3/5 4242/3/5 4256/3/5
f 4258/3/5 4242/3/5 4257/3/5
f 4259/3/5 4242/3/5 4258/3/5
f 4260/3/5 4242/3/5 4259/3/5
f 4261/3/5 4242/3/5 4260/3/5
f 4262/3/5 4242/3/5 4261/3/5
f 4263/3/5 4242/3/5 4262/3/5
f 4264/3/5 4242/3/5 4263/3/5
f 4265/3/5 4242/3/5 4264/3/5
f 4266/3/5 4170/3/5 4242/3/5
f 4266/3/5 4242/3/5 4265/3/5
f 4267/3/5 4243/3/5 4145/3/5
f 4268/3/5 4243/3/5 4267/3/5
f 4269/3/5 4245/3/5 4244/3/5
f 4270/3/5 4245/3/5 4269/3/5
f 4271/3/5 4247/3/5 4246/3/5
f 4272/3/5 4247/3/5 4271/3/5
f 4273/3/5 4249/3/5 4248/3/5
f 4274/3/5 4249/3/5 4273/3/5
f 4275/3/5 4251/3/5 4250/3/5
f 4276/3/5 4251/3/5 4275/3/5
f 4277/3/5 4253/3/5 4252/3/5
f 4278/3/5 4253/3/5 4277/3/5
f 4279/3/5 4255/3/5 4254/3/5
f 4280/3/5 4255/3/5 4279/3/5
f 4281/3/5 4257/3/5 4256/3/5
f 4282/3/5 4257/3/5 4281/3/5
f 4283/3/5 4259/3/5 4258/3/5
f 4284/3/5 4259/3/5 4283/3/5
f 4285/3/5 4261/3/5 4260/3/5
f 4286/3/5 4261/3/5 4285/3/5
f 4287/3/5 4263/3/5 4262/3/5
f 4288/3/5 4263/3/5 4287/3/5
f 4289/3/5 4265/3/5 4264/3/5
f 4290/3/5 4265/3/5 4289/3/5
f 4291/3/5 4170/3/5 4266/3/5
f 4292/3/5 4170/3/5 4291/3/5
f 4319/3/5 4294/3/5 4293/3/5
f 4320/3/5 4296/3/5 4295/3/5
f 4321/3/5 4296/3/5 4320/3/5
f 4322/3/5 4298/3/5 4297/3/5
f 4323/3/5 4298/3/5 4322/3/5
f 4324/3/5 4300/3/5 4299/3/5
f 4325/3/5 4300/3/5 4324/3/5
f 4326/3/5 4302/3/5 4301/3/5
f 4327/3/5 4302/3/5 4326/3/5
f 4328/3/5 4304/3/5 4303/3/5
f 4329/3/5 4304/3/5 4328/3/5
f 4330/3/5 4306/3/5 4305/3/5
f 4331/3/5 4306/3/5 4330/3/5
f 4332/3/5 4308/3/5 4307/3/5
f 4333/3/5 4308/3/5 4332/3/5
f 4334/3/5 4310/3/5 4309/3/5
f 4335/3/5 4310/3/5 4334/3/5
f 4336/3/5 4312/3/5 4311/3/5
f 4337/3/5 4312/3/5 4336/3/5
f 4338/3/5 4314/3/5 4313/3/5
f 4339/3/5 4314/3/5 4338/3/5
f 4340/3/5 4316/3/5 4315/3/5
f 4341/3/5 4316/3/5 4340/3/5
f 4342/3/5 4318/3/5 4317/3/5
f 4343/3/5 4341/3/5 4340/3/5
f 4343/3/5 4342/3/5 4341/3/5
f 4343/3/5 4319/3/5 4293/3/5
f 4343/3/5 4321/3/5 4320/3/5
f 4343/3/5 4340/3/5 4339/3/5
f 4343/3/5 4323/3/5 4322/3/5
f 4343/3/5 4338/3/5 4337/3/5
f 4343/3/5 4325/3/5 4324/3/5
f 4343/3/5 4336/3/5 4335/3/5
f 4343/3/5 4327/3/5 4326/3/5
f 4343/3/5 4334/3/5 4333/3/5
f 4343/3/5 4329/3/5 4328/3/5
f 4343/3/5 4332/3/5 4331/3/5
f 4343/3/5 4331/3/5 4330/3/5
f 4343/3/5 4330/3/5 4329/3/5
f 4343/3/5 4333/3/5 4332/3/5
f 4343/3/5 4328/3/5 4327/3/5
f 4343/3/5 4335/3/5 4334/3/5
f 4343/3/5 4326/3/5 4325/3/5
f 4343/3/5 4337/3/5 4336/3/5
f 4343/3/5 4324/3/5 4323/3/5
f 4343/3/5 4339/3/5 4338/3/5
f 4343/3/5 4322/3/5 4321/3/5
f 4343/3/5 4320/3/5 4319/3/5
f 4344/3/5 4342/3/5 4343/3/5
f 4345/3/5 4342/3/5 4344/3/5
f 4346/3/5 4342/3/5 4345/3/5
f 4347/3/5 4342/3/5 4346/3/5
f 4348/3/5 4342/3/5 4347/3/5
f 4349/3/5 4342/3/5 4348/3/5
f 4350/3/5 4342/3/5 4349/3/5
f 4351/3/5 4342/3/5 4350/3/5
f 4352/3/5 4342/3/5 4351/3/5
f 4353/3/5 4342/3/5 4352/3/5
f 4354/3/5 4342/3/5 4353/3/5
f 4355/3/5 4342/3/5 4354/3/5
f 4356/3/5 4342/3/5 4355/3/5
f 4357/3/5 4342/3/5 4356/3/5
f 4358/3/5 4342/3/5 4357/3/5
f 4359/3/5 4342/3/5 4358/3/5
f 4360/3/5 4342/3/5 4359/3/5
f 4361/3/5 4342/3/5 4360/3/5
f 4362/3/5 4342/3/5 4361/3/5
f 4363/3/5 4342/3/5 4362/3/5
f 4364/3/5 4342/3/5 4363/3/5
f 4365/3/5 4342/3/5 4364/3/5
f 4366/3/5 4318/3/5 4342/3/5
f 4366/3/5 4342/3/5 4365/3/5
f 4367/3/5 4343/3/5 4293/3/5
f 4368/3/5 4345/3/5 4344/3/5
f 4369/3/5 4345/3/5 4368/3/5
f 4370/3/5 4347/3/5 4346/3/5
f 4371/3/5 4347/3/5 4370/3/5
f 4372/3/5 4349/3/5 4348/3/5
f 4373/3/5 4349/3/5 4372/3/5
f 4374/3/5 4351/3/5 4350/3/5
f 4375/3/5 4351/3/5 4374/3/5
f 4376/3/5 4353/3/5 4352/3/5
f 4377/3/5 4353/3/5 4376/3/5
f 4378/3/5 4355/3/5 4354/3/5
f 4379/3/5 4355/3/5 4378/3/5
f 4380/3/5 4357/3/5 4356/3/5
f 4381/3/5 4357/3/5 4380/3/5
f 4382/3/5 4359/3/5 4358/3/5
f 4383/3/5 4359/3/5 4382/3/5
f 4384/3/5 4361/3/5 4360/3/5
f 4385/3/5 4361/3/5 4384/3/5
f 4386/3/5 4363/3/5 4362/3/5
f 4387/3/5 4363/3/5 4386/3/5
f 4388/3/5 4365/3/5 4364/3/5
f 4389/3/5 4365/3/5 4388/3/5
f 4390/3/5 4318/3/5 4366/3/5
f 4391/3/5 4387/3/5 4386/3/5
f 4391/3/5 4390/3/5 4389/3/5
f 4391/3/5 4389/3/5 4388/3/5
f 4391/3/5 4385/3/5 4384/3/5
f 4391/3/5 4388/3/5 4387/3/5
f 4391/3/5 4367/3/5 4293/3/5
f 4391/3/5 4386/3/5 4385/3/5
f 4391/3/5 4383/3/5 4382/3/5
f 4391/3/5 4384/3/5 4383/3/5
f 4391/3/5 4369/3/5 4368/3/5
f 4391/3/5 4382/3/5 4381/3/5
f 4391/3/5 4381/3/5 4380/3/5
f 4391/3/5 4380/3/5 4379/3/5
f 4391/3/5 4371/3/5 4370/3/5
f 4391/3/5 4378/3/5 4377/3/5
f 4391/3/5 4379/3/5 4378/3/5
f 4391/3/5 4376/3/5 4375/3/5
f 4391/3/5 4373/3/5 4372/3/5
f 4391/3/5 4374/3/5 4373/3/5
f 4391/3/5 4377/3/5 4376/3/5
f 4391/3/5 4372/3/5 4371/3/5
f 4391/3/5 4375/3/5 4374/3/5
f 4391/3/5 4370/3/5 4369/3/5
f 4391/3/5 4368/3/5 4367/3/5
f 4392/3/5 4390/3/5 4391/3/5
f 4393/3/5 4390/3/5 4392/3/5
f 4394/3/5 4390/3/5 4393/3/5
f 4395/3/5 4390/3/5 4394/3/5
f 4396/3/5 4390/3/5 4395/3/5
f 4397/3/5 4390/3/5 4396/3/5
f 4398/3/5 4390/3/5 4397/3/5
f 4399/3/5 4390/3/5 4398/3/5
f 4400/3/5 4390/3/5 4399/3/5
f 4401/3/5 4390/3/5 4400/3/5
f 4402/3/5 4390/3/5 4401/3/5
f 4403/3/5 4390/3/5 4402/3/5
f 4404/3/5 4390/3/5 4403/3/5
f 4405/3/5 4390/3/5 4404/3/5
f 4406/3/5 4390/3/5 4405/3/5
f 4407/3/5 4390/3/5 4406/3/5
f 4408/3/5 4390/3/5 4407/3/5
f 4409/3/5 4390/3/5 4408/3/5
f 4410/3/5 4390/3/5 4409/3/5
f 4411/3/5 4390/3/5 4410/3/5
f 4412/3/5 4390/3/5 4411/3/5
f 4413/3/5 4390/3/5 4412/3/5
f 4414/3/5 4318/3/5 4390/3/5
f 4414/3/5 4390/3/5 4413/3/5
f 4415/3/5 4391/3/5 4293/3/5
f 4416/3/5 4391/3/5 4415/3/5
f 4417/3/5 4393/3/5 4392/3/5
f 4418/3/5 4393/3/5 4417/3/5
f 4419/3/5 4395/3/5 4394/3/5
f 4420/3/5 4395/3/5 4419/3/5
f 4421/3/5 4397/3/5 4396/3/5
f 4422/3/5 4397/3/5 4421/3/5
f 4423/3/5 4399/3/5 4398/3/5
f 4424/3/5 4399/3/5 4423/3/5
f 4425/3/5 4401/3/5 4400/3/5
f 4426/3/5 4401/3/5 4425/3/5
f 4427/3/5 4403/3/5 4402/3/5
f 4428/3/5 4403/3/5 4427/3/5
f 4429/3/5 4405/3/5 4404/3/5
f 4430/3/5 4405/3/5 4429/3/5
f 4431/3/5 4407/3/5 4406/3/5
f 4432/3/5 4407/3/5 4431/3/5
f 4433/3/5 4409/3/5 4408/3/5
f 4434/3/5 4409/3/5 4433/3/5
f 4435/3/5 4411/3/5 4410/3/5
f 4436/3/5 4411/3/5 4435/3/5
f 4437/3/5 4413/3/5 4412/3/5
f 4438/3/5 4413/3/5 4437/3/5
f 4439/3/5 4318/3/5 4414/3/5
f 4440/3/5 4318/3/5 4439/3/5
f 4465/1/5 4442/1/5 4441/1/5
f 4466/1/5 4442/1/5 4465/1/5
f 4467/1/5 4444/1/5 4443/1/5
f 4468/1/5 4444/1/5 4467/1/5
f 4469/1/5 4446/1/5 4445/1/5
f 4470/1/5 4446/1/5 4469/1/5
f 4471/1/5 4448/1/5 4447/1/5
f 4472/1/5 4448/1/5 4471/1/5
f 4473/1/5 4450/1/5 4449/1/5
f 4474/1/5 4450/1/5 4473/1/5
f 4475/1/5 4452/1/5 4451/1/5
f 4476/1/5 4452/1/5 4475/1/5
f 4477/1/5 4454/1/5 4453/1/5
f 4478/1/5 4454/1/5 4477/1/5
f 4479/1/5 4456/1/5 4455/1/5
f 4480/1/5 4456/1/5 4479/1/5
f 4481/1/5 4458/1/5 4457/1/5
f 4482/1/5 4458/1/5 4481/1/5
f 4483/1/5 4460/1/5 4459/1/5
f 4484/1/5 4460/1/5 4483/1/5
f 4485/1/5 4462/1/5 4461/1/5
f 4486/1/5 4462/1/5 4485/1/5
f 4487/1/5 4464/1/5 4463/1/5
f 4488/1/5 4464/1/5 4487/1/5
f 4513/1/5 4490/1/5 4489/1/5
f 4514/1/5 4490/1/5 4513/1/5
f 4515/1/5 4492/1/5 4491/1/5
f 4516/1/5 4492/1/5 4515/1/5
f 4517/1/5 4494/1/5 4493/1/5
f 4518/1/5 4494/1/5 4517/1/5
f 4519/1/5 4496/1/5 4495/1/5
f 4520/1/5 4496/1/5 4519/1/5
f 4521/1/5 4498/1/5 4497/1/5
f 4522/1/5 4498/1/5 4521/1/5
f 4523/1/5 4500/1/5 4499/1/5
f 4524/1/5 4500/1/5 4523/1/5
f 4525/1/5 4502/1/5 4501/1/5
f 4526/1/5 4502/1/5 4525/1/5
f 4527/1/5 4504/1/5 4503/1/5
f 4528/1/5 4504/1/5 4527/1/5
f 4529/1/5 4506/1/5 4505/1/5
f 4530/1/5 4506/1/5 4529/1/5
f 4531/1/5 4508/1/5 4507/1/5
f 4532/1/5 4508/1/5 4531/1/5
f 4533/1/5 4510/1/5 4509/1/5
f 4534/1/5 4510/1/5 4533/1/5
f 4535/1/5 4512/1/5 4511/1/5
f 4536/1/5 4512/1/5 4535/1/5
f 4561/1/5 4538/1/5 4537/1/5
f 4562/1/5 4538/1/5 4561/1/5
f 4563/1/5 4540/1/5 4539/1/5
f 4564/1/5 4540/1/5 4563/1/5
f 4565/1/5 4542/1/5 4541/1/5
f 4566/1/5 4542/1/5 4565/1/5
f 4567/1/5 4544/1/5 4543/1/5
f 4568/1/5 4544/1/5 4567/1/5
f 4569/1/5 4546/1/5 4545/1/5
f 4570/1/5 4546/1/5 4569/1/5
f 4571/1/5 4548/1/5 4547/1/5
f 4572/1/5 4548/1/5 4571/1/5
f 4573/1/5 4550/1/5 4549/1/5
f 4574/1/5 4550/1/5 4573/1/5
f 4575/1/5 4552/1/5 4551/1/5
f 4576/1/5 4552/1/5 4575/1/5
f 4577/1/5 4554/1/5 4553/1/5
f 4578/1/5 4554/1/5 4577/1/5
f 4579/1/5 4556/1/5 4555/1/5
f 4580/1/5 4556/1/5 4579/1/5
f 4581/1/5 4558/1/5 4557/1/5
f 4582/1/5 4558/1/5 4581/1/5
f 4583/1/5 4560/1/5 4559/1/5
f 4584/1/5 4560/1/5 4583/1/5
f 4609/1/5 4586/1/5 4585/1/5
f 4610/1/5 4586/1/5 4609/1/5
f 4611/1/5 4588/1/5 4587/1/5
f 4612/1/5 4588/1/5 4611/1/5
f 4613/1/5 4590/1/5 4589/1/5
f 4614/1/5 4590/1/5 4613/1/5
f 4615/1/5 4592/1/5 4591/1/5
f 4616/1/5 4592/1/5 4615/1/5
f 4617/1/5 4594/1/5 4593/1/5
f 4618/1/5 4594/1/5 4617/1/5
f 4619/1/5 4596/1/5 4595/1/5
f 4620/1/5 4596/1/5 4619/1/5
f 4621/1/5 4598/1/5 4597/1/5
f 4622/1/5 4598/1/5 4621/1/5
f 4623/1/5 4600/1/5 4599/1/5
f 4624/1/5 4600/1/5 4623/1/5
f 4625/1/5 4602/1/5 4601/1/5
f 4626/1/5 4602/1/5 4625/1/5
f 4627/1/5 4604/1/5 4603/1/5
f 4628/1/5 4604/1/5 4627/1/5
f 4629/1/5 4606/1/5 4605/1/5
f 4630/1/5 4606/1/5 4629/1/5
f 4631/1/5 4608/1/5 4607/1/5
f 4632/1/5 4608/1/5 4631/1/5
f 4657/1/5 4634/1/5 4633/1/5
f 4658/1/5 4634/1/5 4657/1/5
f 4659/1/5 4636/1/5 4635/1/5
f 4660/1/5 4636/1/5 4659/1/5
f 4661/1/5 4638/1/5 4637/1/5
f 4662/1/5 4638/1/5 4661/1/5
f 4663/1/5 4640/1/5 4639/1/5
f 4664/1/5 4640/1/5 4663/1/5
f 4665/1/5 4642/1/5 4641/1/5
f 4666/1/5 4642/1/5 4665/1/5
f 4667/1/5 4644/1/5 4643/1/5
f 4668/1/5 4644/1/5 4667/1/5
f 4669/1/5 4646/1/5 4645/1/5
f 4670/1/5 4646/1/5 4669/1/5
f 4671/1/5 4648/1/5 4647/1/5
f 4672/1/5 4648/1/5 4671/1/5
f 4673/1/5 4650/1/5 4649/1/5
f 4674/1/5 4650/1/5 4673/1/5
f 4675/1/5 4652/1/5 4651/1/5
f 4676/1/5 4652/1/5 4675/1/5
f 4677/1/5 4654/1/5 4653/1/5
f 4678/1/5 4654/1/5 4677/1/5
f 4679/1/5 4656/1/5 4655/1/5
f 4680/1/5 4656/1/5 4679/1/5
f 4705/1/5 4682/1/5 4681/1/5
f 4706/1/5 4682/1/5 4705/1/5
f 4707/1/5 4684/1/5 4683/1/5
f 4708/1/5 4684/1/5 4707/1/5
f 4709/1/5 4686/1/5 4685/1/5
f 4710/1/5 4686/1/5 4709/1/5
f 4711/1/5 4688/1/5 4687/1/5
f 4712/1/5 4688/1/5 4711/1/5
f 4713/1/5 4690/1/5 4689/1/5
f 4714/1/5 4690/1/5 4713/1/5
f 4715/1/5 4692/1/5 4691/1/5
f 4716/1/5 4692/1/5 4715/1/5
f 4717/1/5 4694/1/5 4693/1/5
f 4718/1/5 4694/1/5 4717/1/5
f 4719/1/5 4696/1/5 4695/1/5
f 4720/1/5 4696/1/5 4719/1/5
f 4721/1/5 4698/1/5 4697/1/5
f 4722/1/5 4698/1/5 4721/1/5
f 4723/1/5 4700/1/5 4699/1/5
f 4724/1/5 4700/1/5 4723/1/5
f 4725/1/5 4702/1/5 4701/1/5
f 4726/1/5 4702/1/5 4725/1/5
f 4727/1/5 4704/1/5 4703/1/5
f 4728/1/5 4704/1/5 4727/1/5
f 4753/1/5 4730/1/5 4729/1/5
f 4754/1/5 4730/1/5 4753/1/5
f 4755/1/5 4732/1/5 4731/1/5
f 4756/1/5 4732/1/5 4755/1/5
f 4757/1/5 4734/1/5 4733/1/5
f 4758/1/5 4734/1/5 4757/1/5
f 4759/1/5 4736/1/5 4735/1/5
f 4760/1/5 4736/1/5 4759/1/5
f 4761/1/5 4738/1/5 4737/1/5
f 4762/1/5 4738/1/5 4761/1/5
f 4763/1/5 4740/1/5 4739/1/5
f 4764/1/5 4740/1/5 4763/1/5
f 4765/1/5 4742/1/5 4741/1/5
f 4766/1/5 4742/1/5 4765/1/5
f 4767/1/5 4744/1/5 4743/1/5
f 4768/1/5 4744/1/5 4767/1/5
f 4769/1/5 4746/1/5 4745/1/5
f 4770/1/5 4746/1/5 4769/1/5
f 4771/1/5 4748/1/5 4747/1/5
f 4772/1/5 4748/1/5 4771/1/5
f 4773/1/5 4750/1/5 4749/1/5
f 4774/1/5 4750/1/5 4773/1/5
f 4775/1/5 4752/1/5 4751/1/5
f 4776/1/5 4752/1/5 4775/1/5
f 4801/1/5 4778/1/5 4777/1/5
f 4802/1/5 4778/1/5 4801/1/5
f 4803/1/5 4780/1/5 4779/1/5
f 4804/1/5 4780/1/5 4803/1/5
f 4805/1/5 4782/1/5 4781/1/5
f 4806/1/5 4782/1/5 4805/1/5
f 4807/1/5 4784/1/5 4783/1/5
f 4808/1/5 4784/1/5 4807/1/5
f 4809/1/5 4786/1/5 4785/1/5
f 4810/1/5 4786/1/5 4809/1/5
f 4811/1/5 4788/1/5 4787/1/5
f 4812/1/5 4788/1/5 4811/1/5
f 4813/1/5 4790/1/5 4789/1/5
f 4814/1/5 4790/1/5 4813/1/5
f 4815/1/5 4792/1/5 4791/1/5
f 4816/1/5 4792/1/5 4815/1/5
f 4817/1/5 4794/1/5 4793/1/5
f 4818/1/5 4794/1/5 4817/1/5
f 4819/1/5 4796/1/5 4795/1/5
f 4820/1/5 4796/1/5 4819/1/5
f 4821/1/5 4798/1/5 4797/1/5
f 4822/1/5 4798/1/5 4821/1/5
f 4823/1/5 4800/1/5 4799/1/5
f 4824/1/5 4800/1/5 4823/1/5
f 4849/1/5 4826/1/5 4825/1/5
f 4850/1/5 4826/1/5 4849/1/5
f 4851/1/5 4828/1/5 4827/1/5
f 4852/1/5 4828/1/5 4851/1/5
f 4853/1/5 4830/1/5 4829/1/5
f 4854/1/5 4830/1/5 4853/1/5
f 4855/1/5 4832/1/5 4831/1/5
f 4856/1/5 4832/1/5 4855/1/5
f 4857/1/5 4834/1/5 4833/1/5
f 4858/1/5 4834/1/5 4857/1/5
f 4859/1/5 4836/1/5 4835/1/5
f 4860/1/5 4836/1/5 4859/1/5
f 4861/1/5 4838/1/5 4837/1/5
f 4862/1/5 4838/1/5 4861/1/5
f 4863/1/5 4840/1/5 4839/1/5
f 4864/1/5 4840/1/5 4863/1/5
f 4865/1/5 4842/1/5 4841/1/5
f 4866/1/5 4842/1/5 4865/1/5
f 4867/1/5 4844/1/5 4843/1/5
f 4868/1/5 4844/1/5 4867/1/5
f 4869/1/5 4846/1/5 4845/1/5
f 4870/1/5 4846/1/5 4869/1/5
f 4871/1/5 4848/1/5 4847/1/5
f 4872/1/5 4848/1/5 4871/1/5
f 4876/1/5 4874/1/5 4873/1/5
f 4877/1/5 4874/1/5 4876/1/5
f 4879/1/5 4876/1/5 4875/1/5
f 4879/1/5 4878/1/5 4877/1/5
f 4879/1/5 4877/1/5 4876/1/5
f 4880/1/5 4878/1/5 4879/1/5
f 4881/1/5 4878/1/5 4880/1/5
f 4882/1/5 4878/1/5 4881/1/5
f 4883/1/5 4881/1/5 4880/1/5
f 4884/1/5 4881/1/5 4883/1/5
f 4888/1/5 4886/1/5 4885/1/5
f 4889/1/5 4886/1/5 4888/1/5
f 4891/1/5 4889/1/5 4888/1/5
f 4891/1/5 4890/1/5 4889/1/5
f 4891/1/5 4888/1/5 4887/1/5
f 4892/1/5 4890/1/5 4891/1/5
f 4893/1/5 4890/1/5 4892/1/5
f 4894/1/5 4890/1/5 4893/1/5
f 4895/1/5 4893/1/5 4892/1/5
f 4896/1/5 4893/1/5 4895/1/5
f 4900/1/5 4898/1/5 4897/1/5
f 4901/1/5 4898/1/5 4900/1/5
f 4903/1/5 4901/1/5 4900/1/5
f 4903/1/5 4902/1/5 4901/1/5
f 4903/1/5 4900/1/5 4899/1/5
f 4904/1/5 4902/1/5 4903/1/5
f 4905/1/5 4902/1/5 4904/1/5
f 4906/1/5 4902/1/5 4905/1/5
f 4907/1/5 4905/1/5 4904/1/5
f 4908/1/5 4905/1/5 4907/1/5
f 4912/1/5 4910/1/5 4909/1/5
f 4913/1/5 4910/1/5 4912/1/5
f 4915/1/5 4913/1/5 4912/1/5
f 4915/1/5 4914/1/5 4913/1/5
f 4915/1/5 4912/1/5 4911/1/5
f 4916/1/5 4914/1/5 4915/1/5
f 4917/1/5 4914/1/5 4916/1/5
f 4918/1/5 4914/1/5 4917/1/5
f 4919/1/5 4917/1/5 4916/1/5
f 4920/1/5 4917/1/5 4919/1/5
f 4924/1/5 4922/1/5 4921/1/5
f 4925/1/5 4922/1/5 4924/1/5
f 4927/1/5 4925/1/5 4924/1/5
f 4927/1/5 4926/1/5 4925/1/5
f 4927/1/5 4924/1/5 4923/1/5
f 4928/1/5 4926/1/5 4927/1/5
f 4929/1/5 4926/1/5 4928/1/5
f 4930/1/5 4926/1/5 4929/1/5
f 4931/1/5 4929/1/5 4928/1/5
f 4932/1/5 4929/1/5 4931/1/5
f 4936/1/5 4934/1/5 4933/1/5
f 4937/1/5 4934/1/5 4936/1/5
f 4939/1/5 4937/1/5 4936/1/5
f 4939/1/5 4938/1/5 4937/1/5
f 4939/1/5 4936/1/5 4935/1/5
f 4940/1/5 4938/1/5 4939/1/5
f 4941/1/5 4938/1/5 4940/1/5
f 4942/1/5 4938/1/5 4941/1/5
f 4943/1/5 4941/1/5 4940/1/5
f 4944/1/5 4941/1/5 4943/1/5
f 4948/1/5 4946/1/5 4945/1/5
f 4949/1/5 4946/1/5 4948/1/5
f 4951/1/5 4949/1/5 4948/1/5
f 4951/1/5 4950/1/5 4949/1/5
f 4951/1/5 4948/1/5 4947/1/5
f 4952/1/5 4950/1/5 4951/1/5
f 4953/1/5 4950/1/5 4952/1/5
f 4954/1/5 4950/1/5 4953/1/5
f 4955/1/5 4953/1/5 4952/1/5
f 4956/1/5 4953/1/5 4955/1/5
f 4960/1/5 4958/1/5 4957/1/5
f 4961/1/5 4958/1/5 4960/1/5
f 4963/1/5 4961/1/5 4960/1/5
f 4963/1/5 4962/1/5 4961/1/5
f 4963/1/5 4960/1/5 4959/1/5
f 4964/1/5 4962/1/5 4963/1/5
f 4965/1/5 4962/1/5 4964/1/5
f 4966/1/5 4962/1/5 4965/1/5
f 4967/1/5 4965/1/5 4964/1/5
f 4968/1/5 4965/1/5 4967/1/5
f 4972/1/5 4970/1/5 4969/1/5
f 4973/1/5 4970/1/5 4972/1/5
f 4975/1/5 4973/1/5 4972/1/5
f 4975/1/5 4974/1/5 4973/1/5
f 4975/1/5 4972/1/5 4971/1/5
f 4976/1/5 4974/1/5 4975/1/5
f 4977/1/5 4974/1/5 4976/1/5
f 4978/1/5 4974/1/5 4977/1/5
f 4979/1/5 4977/1/5 4976/1/5
f 4980/1/5 4977/1/5 4979/1/5
f 4984/1/5 4982/1/5 4981/1/5
f 4985/1/5 4982/1/5 4984/1/5
f 4987/1/5 4985/1/5 4984/1/5
f 4987/1/5 4986/1/5 4985/1/5
f 4987/1/5 4984/1/5 4983/1/5
f 4988/1/5 4986/1/5 4987/1/5
f 4989/1/5 4986/1/5 4988/1/5
f 4990/1/5 4986/1/5 4989/1/5
f 4991/1/5 4989/1/5 4988/1/5
f 4992/1/5 4989/1/5 4991/1/5
f 4996/1/5 4994/1/5 4993/1/5
f 4997/1/5 4994/1/5 4996/1/5
f 4999/1/5 4997/1/5 4996/1/5
f 4999/1/5 4998/1/5 4997/1/5
f 4999/1/5 4996/1/5 4995/1/5
f 5000/1/5 4998/1/5 4999/1/5
f 5001/1/5 4998/1/5 5000/1/5
f 5002/1/5 4998/1/5 5001/1/5
f 5003/1/5 5001/1/5 5000/1/5
f 5004/1/5 5001/1/5 5003/1/5
f 5008/1/5 5006/1/5 5005/1/5
f 5009/1/5 5006/1/5 5008/1/5
f 5011/1/5 5009/1/5 5008/1/5
f 5011/1/5 5010/1/5 5009/1/5
f 5011/1/5 5008/1/5 5007/1/5
f 5012/1/5 5010/1/5 5011/1/5
f 5013/1/5 5010/1/5 5012/1/5
f 5014/1/5 5010/1/5 5013/1/5
f 5015/1/5 5013/1/5 5012/1/5
f 5016/1/5 5013/1/5 5015/1/5
f 5020/6/5 5018/6/5 5017/6/5
f 5021/6/5 5018/6/5 5020/6/5
f 5022/6/5 5018/6/5 5021/6/5
f 5023/6/5 5018/6/5 5022/6/5
f 5024/6/5 5018/6/5 5023/6/5
f 5025/6/5 5018/6/5 5024/6/5
f 5026/6/5 5018/6/5 5025/6/5
f 5027/6/5 5018/6/5 5026/6/5
f 5030/6/5 5020/6/5 5019/6/5
f 5031/6/5 5020/6/5 5030/6/5
f 5032/6/5 5028/6/5 5027/6/5
f 5033/6/5 5028/6/5 5032/6/5
f 5035/6/5 5034/6/5 5033/6/5
f 5036/6/5 5034/6/5 5035/6/5
f 5038/6/5 5037/6/5 5036/6/5
f 5039/6/5 5037/6/5 5038/6/5
f 5041/6/5 5030/6/5 5029/6/5
f 5042/6/5 5022/6/5 5021/6/5
f 5043/6/5 5022/6/5 5042/6/5
f 5044/6/5 5024/6/5 5023/6/5
f 5045/6/5 5024/6/5 5044/6/5
f 5046/6/5 5026/6/5 5025/6/5
f 5047/6/5 5026/6/5 5046/6/5
f 5048/6/5 5040/6/5 5039/6/5
f 5049/6/5 5040/6/5 5048/6/5
f 5051/6/5 5043/6/5 5042/6/5
f 5051/6/5 5050/6/5 5049/6/5
f 5051/6/5 5049/6/5 5048/6/5
f 5051/6/5 5048/6/5 5047/6/5
f 5051/6/5 5041/6/5 5029/6/5
f 5051/6/5 5046/6/5 5045/6/5
f 5051/6/5 5045/6/5 5044/6/5
f 5051/6/5 5044/6/5 5043/6/5
f 5051/6/5 5047/6/5 5046/6/5
f 5051/6/5 5042/6/5 5041/6/5
f 5052/6/5 5050/6/5 5051/6/5
f 5053/6/5 5050/6/5 5052/6/5
f 5054/6/5 5050/6/5 5053/6/5
f 5055/6/5 5050/6/5 5054/6/5
f 5056/6/5 5050/6/5 5055/6/5
f 5057/6/5 5050/6/5 5056/6/5
f 5058/6/5 5050/6/5 5057/6/5
f 5059/6/5 5050/6/5 5058/6/5
f 5060/6/5 5050/6/5 5059/6/5
f 5062/6/5 5059/6/5 5058/6/5
f 5063/6/5 5059/6/5 5062/6/5
f 5065/6/5 5062/6/5 5061/6/5
f 5066/6/5 5062/6/5 5065/6/5
f 5067/6/5 5051/6/5 5029/6/5
f 5068/6/5 5051/6/5 5067/6/5
f 5071/6/5 5065/6/5 5064/6/5
f 5072/6/5 5065/6/5 5071/6/5
f 5073/6/5 5069/6/5 5068/6/5
f 5074/6/5 5069/6/5 5073/6/5
f 5075/6/5 5053/6/5 5052/6/5
f 5076/6/5 5053/6/5 5075/6/5
f 5077/6/5 5055/6/5 5054/6/5
f 5078/6/5 5055/6/5 5077/6/5
f 5079/6/5 5057/6/5 5056/6/5
f 5080/6/5 5057/6/5 5079/6/5
f 5081/6/5 5071/6/5 5070/6/5
f 5082/6/5 5071/6/5 5081/6/5
f 5083/6/5 5078/6/5 5077/6/5
f 5083/6/5 5081/6/5 5080/6/5
f 5083/6/5 5076/6/5 5075/6/5
f 5083/6/5 5079/6/5 5078/6/5
f 5083/6/5 5080/6/5 5079/6/5
f 5083/6/5 5077/6/5 5076/6/5
f 5083/6/5 5075/6/5 5074/6/5
f 5084/6/5 5081/6/5 5083/6/5
f 5088/6/5 5086/6/5 5085/6/5
f 5089/6/5 5086/6/5 5088/6/5
f 5090/6/5 5086/6/5 5089/6/5
f 5091/6/5 5086/6/5 5090/6/5
f 5092/6/5 5086/6/5 5091/6/5
f 5093/6/5 5086/6/5 5092/6/5
f 5094/6/5 5086/6/5 5093/6/5
f 5095/6/5 5086/6/5 5094/6/5
f 5098/6/5 5088/6/5 5087/6/5
f 5099/6/5 5088/6/5 5098/6/5
f 5100/6/5 5096/6/5 5095/6/5
f 5101/6/5 5096/6/5 5100/6/5
f 5103/6/5 5102/6/5 5101/6/5
f 5104/6/5 5102/6/5 5103/6/5
f 5106/6/5 5105/6/5 5104/6/5
f 5107/6/5 5105/6/5 5106/6/5
f 5109/6/5 5098/6/5 5097/6/5
f 5110/6/5 5090/6/5 5089/6/5
f 5111/6/5 5090/6/5 5110/6/5
f 5112/6/5 5092/6/5 5091/6/5
f 5113/6/5 5092/6/5 5112/6/5
f 5114/6/5 5094/6/5 5093/6/5
f 5115/6/5 5094/6/5 5114/6/5
f 5116/6/5 5108/6/5 5107/6/5
f 5117/6/5 5108/6/5 5116/6/5
f 5119/6/5 5115/6/5 5114/6/5
f 5119/6/5 5118/6/5 5117/6/5
f 5119/6/5 5116/6/5 5115/6/5
f 5119/6/5 5117/6/5 5116/6/5
f 5119/6/5 5114/6/5 5113/6/5
f 5119/6/5 5111/6/5 5110/6/5
f 5119/6/5 5112/6/5 5111/6/5
f 5119/6/5 5113/6/5 5112/6/5
f 5119/6/5 5110/6/5 5109/6/5
f 5119/6/5 5109/6/5 5097/6/5
f 5120/6/5 5118/6/5 5119/6/5
f 5121/6/5 5118/6/5 5120/6/5
f 5122/6/5 5118/6/5 5121/6/5
f 5123/6/5 5118/6/5 5122/6/5
f 5124/6/5 5118/6/5 5123/6/5
f 5125/6/5 5118/6/5 5124/6/5
f 5126/6/5 5118/6/5 5125/6/5
f 5127/6/5 5118/6/5 5126/6/5
f 5128/6/5 5118/6/5 5127/6/5
f 5130/6/5 5127/6/5 5126/6/5
f 5131/6/5 5127/6/5 5130/6/5
f 5133/6/5 5130/6/5 5129/6/5
f 5134/6/5 5130/6/5 5133/6/5
f 5135/6/5 5119/6/5 5097/6/5
f 5136/6/5 5119/6/5 5135/6/5
f 5139/6/5 5133/6/5 5132/6/5
f 5140/6/5 5133/6/5 5139/6/5
f 5141/6/5 5137/6/5 5136/6/5
f 5142/6/5 5137/6/5 5141/6/5
f 5143/6/5 5121/6/5 5120/6/5
f 5144/6/5 5121/6/5 5143/6/5
f 5145/6/5 5123/6/5 5122/6/5
f 5146/6/5 5123/6/5 5145/6/5
f 5147/6/5 5125/6/5 5124/6/5
f 5148/6/5 5125/6/5 5147/6/5
f 5149/6/5 5139/6/5 5138/6/5
f 5150/6/5 5139/6/5 5149/6/5
f 5151/6/5 5146/6/5 5145/6/5
f 5151/6/5 5149/6/5 5148/6/5
f 5151/6/5 5144/6/5 5143/6/5
f 5151/6/5 5147/6/5 5146/6/5
f 5151/6/5 5148/6/5 5147/6/5
f 5151/6/5 5145/6/5 5144/6/5
f 5151/6/5 5143/6/5 5142/6/5
f 5152/6/5 5149/6/5 5151/6/5
f 5155/1/5 5154/1/5 5153/1/5
f 5156/1/5 5154/1/5 5155/1/5
f 5157/1/5 5154/1/5 5156/1/5
f 5158/1/5 5154/1/5 5157/1/5
f 5159/1/5 5154/1/5 5158/1/5
f 5160/1/5 5154/1/5 5159/1/5
f 5161/1/5 5154/1/5 5160/1/5
f 5162/1/5 5154/1/5 5161/1/5
f 5163/1/5 5154/1/5 5162/1/5
f 5164/1/5 5154/1/5 5163/1/5
f 5165/1/5 5154/1/5 5164/1/5
f 5166/1/5 5154/1/5 5165/1/5
f 5167/1/5 5154/1/5 5166/1/5
f 5168/1/5 5154/1/5 5167/1/5
f 5169/1/5 5154/1/5 5168/1/5
f 5170/1/5 5154/1/5 5169/1/5
f 5171/1/5 5154/1/5 5170/1/5
f 5172/1/5 5154/1/5 5171/1/5
f 5173/1/5 5154/1/5 5172/1/5
f 5174/1/5 5154/1/5 5173/1/5
f 5175/1/5 5154/1/5 5174/1/5
f 5176/1/5 5154/1/5 5175/1/5
f 5177/1/5 5154/1/5 5176/1/5
f 5178/1/5 5154/1/5 5177/1/5
f 5179/1/5 5154/1/5 5178/1/5
f 5180/1/5 5154/1/5 5179/1/5
f 5181/1/5 5154/1/5 5180/1/5
f 5182/1/5 5154/1/5 5181/1/5
f 5183/1/5 5154/1/5 5182/1/5
f 5184/1/5 5154/1/5 5183/1/5
f 5185/1/5 5154/1/5 5184/1/5
f 5186/1/5 5154/1/5 5185/1/5
f 5187/1/5 5154/1/5 5186/1/5
f 5188/1/5 5154/1/5 5187/1/5
f 5189/1/5 5154/1/5 5188/1/5
f 5190/1/5 5154/1/5 5189/1/5
f 5191/1/5 5154/1/5 5190/1/5
f 5192/1/5 5154/1/5 5191/1/5
f 5193/1/5 5154/1/5 5192/1/5
f 5194/1/5 5191/1/5 5190/1/5
f 5195/1/5 5163/1/5 5162/1/5
f 5196/1/5 5165/1/5 5164/1/5
f 5197/1/5 5171/1/5 5170/1/5
f 5198/1/5 5173/1/5 5172/1/5
f 5199/1/5 5177/1/5 5176/1/5
f 5200/1/5 5179/1/5 5178/1/5
f 5201/1/5 5181/1/5 5180/1/5
f 5202/1/5 5183/1/5 5182/1/5
f 5203/1/5 5187/1/5 5186/1/5
f 5204/1/5 5189/1/5 5188/1/5
f 5205/1/5 5194/1/5 5190/1/5
f 5206/1/5 5194/1/5 5205/1/5
f 5207/1/5 5155/1/5 5153/1/5
f 5208/1/5 5157/1/5 5156/1/5
f 5209/1/5 5159/1/5 5158/1/5
f 5210/1/5 5161/1/5 5160/1/5
f 5211/1/5 5195/1/5 5162/1/5
f 5211/1/5 5196/1/5 5195/1/5
f 5212/1/5 5165/1/5 5196/1/5
f 5212/1/5 5196/1/5 5211/1/5
f 5213/1/5 5167/1/5 5166/1/5
f 5214/1/5 5169/1/5 5168/1/5
f 5215/1/5 5198/1/5 5197/1/5
f 5215/1/5 5197/1/5 5170/1/5
f 5216/1/5 5173/1/5 5198/1/5
f 5216/1/5 5198/1/5 5215/1/5
f 5217/1/5 5175/1/5 5174/1/5
f 5218/1/5 5200/1/5 5199/1/5
f 5218/1/5 5199/1/5 5176/1/5
f 5219/1/5 5200/1/5 5218/1/5
f 5220/1/5 5179/1/5 5200/1/5
f 5220/1/5 5200/1/5 5219/1/5
f 5221/1/5 5202/1/5 5201/1/5
f 5221/1/5 5201/1/5 5180/1/5
f 5222/1/5 5183/1/5 5202/1/5
f 5222/1/5 5202/1/5 5221/1/5
f 5223/1/5 5183/1/5 5222/1/5
f 5224/1/5 5185/1/5 5184/1/5
f 5225/1/5 5203/1/5 5186/1/5
f 5225/1/5 5204/1/5 5203/1/5
f 5226/1/5 5189/1/5 5204/1/5
f 5226/1/5 5204/1/5 5225/1/5
f 5227/1/5 5189/1/5 5226/1/5
f 5228/1/5 5207/1/5 5153/1/5
f 5228/1/5 5208/1/5 5207/1/5
f 5229/1/5 5157/1/5 5208/1/5
f 5229/1/5 5208/1/5 5228/1/5
f 5230/1/5 5209/1/5 5158/1/5
f 5230/1/5 5210/1/5 5209/1/5
f 5231/1/5 5161/1/5 5210/1/5
f 5231/1/5 5210/1/5 5230/1/5
f 5232/1/5 5213/1/5 5166/1/5
f 5232/1/5 5214/1/5 5213/1/5
f 5233/1/5 5169/1/5 5214/1/5
f 5233/1/5 5214/1/5 5232/1/5
f 5234/1/5 5169/1/5 5233/1/5
f 5235/1/5 5215/1/5 5170/1/5
f 5236/1/5 5218/1/5 5217/1/5
f 5236/1/5 5217/1/5 5174/1/5
f 5236/1/5 5219/1/5 5218/1/5
f 5237/1/5 5219/1/5 5236/1/5
f 5238/1/5 5179/1/5 5220/1/5
f 5239/1/5 5221/1/5 5180/1/5
f 5240/1/5 5224/1/5 5223/1/5
f 5240/1/5 5223/1/5 5222/1/5
f 5241/1/5 5185/1/5 5224/1/5
f 5241/1/5 5224/1/5 5240/1/5
f 5242/1/5 5185/1/5 5241/1/5
f 5243/1/5 5225/1/5 5186/1/5
f 5244/1/5 5225/1/5 5243/1/5
f 5245/1/5 5161/1/5 5231/1/5
f 5246/1/5 5211/1/5 5162/1/5
f 5247/1/5 5165/1/5 5212/1/5
f 5248/1/5 5232/1/5 5166/1/5
f 5249/1/5 5235/1/5 5234/1/5
f 5249/1/5 5234/1/5 5233/1/5
f 5250/1/5 5215/1/5 5235/1/5
f 5250/1/5 5235/1/5 5249/1/5
f 5251/1/5 5173/1/5 5216/1/5
f 5252/1/5 5236/1/5 5174/1/5
f 5253/1/5 5239/1/5 5238/1/5
f 5253/1/5 5238/1/5 5220/1/5
f 5254/1/5 5221/1/5 5239/1/5
f 5254/1/5 5239/1/5 5253/1/5
f 5255/1/5 5244/1/5 5243/1/5
f 5255/1/5 5243/1/5 5242/1/5
f 5255/1/5 5242/1/5 5241/1/5
f 5256/1/5 5244/1/5 5255/1/5
f 5257/1/5 5244/1/5 5256/1/5
f 5258/1/5 5157/1/5 5229/1/5
f 5259/1/5 5230/1/5 5158/1/5
f 5260/1/5 5246/1/5 5245/1/5
f 5260/1/5 5245/1/5 5231/1/5
f 5261/1/5 5211/1/5 5246/1/5
f 5261/1/5 5246/1/5 5260/1/5
f 5262/1/5 5248/1/5 5247/1/5
f 5262/1/5 5247/1/5 5212/1/5
f 5263/1/5 5232/1/5 5248/1/5
f 5263/1/5 5248/1/5 5262/1/5
f 5264/1/5 5252/1/5 5251/1/5
f 5264/1/5 5251/1/5 5216/1/5
f 5265/1/5 5236/1/5 5252/1/5
f 5265/1/5 5252/1/5 5264/1/5
f 5266/1/5 5219/1/5 5237/1/5
f 5267/1/5 5253/1/5 5220/1/5
f 5268/1/5 5221/1/5 5254/1/5
f 5269/1/5 5240/1/5 5222/1/5
f 5270/1/5 5228/1/5 5153/1/5
f 5271/1/5 5259/1/5 5258/1/5
f 5271/1/5 5258/1/5 5229/1/5
f 5272/1/5 5259/1/5 5271/1/5
f 5273/1/5 5230/1/5 5259/1/5
f 5273/1/5 5259/1/5 5272/1/5
f 5274/1/5 5211/1/5 5261/1/5
f 5275/1/5 5262/1/5 5212/1/5
f 5276/1/5 5232/1/5 5263/1/5
f 5277/1/5 5249/1/5 5233/1/5
f 5278/1/5 5215/1/5 5250/1/5
f 5279/1/5 5264/1/5 5216/1/5
f 5280/1/5 5236/1/5 5265/1/5
f 5281/1/5 5266/1/5 5237/1/5
f 5281/1/5 5267/1/5 5266/1/5
f 5282/1/5 5267/1/5 5281/1/5
f 5283/1/5 5253/1/5 5267/1/5
f 5283/1/5 5267/1/5 5282/1/5
f 5284/1/5 5269/1/5 5268/1/5
f 5284/1/5 5268/1/5 5254/1/5
f 5285/1/5 5240/1/5 5269/1/5
f 5285/1/5 5269/1/5 5284/1/5
f 5286/1/5 5240/1/5 5285/1/5
f 5287/1/5 5255/1/5 5241/1/5
f 5288/1/5 5255/1/5 5287/1/5
f 5289/1/5 5270/1/5 5153/1/5
f 5289/1/5 5272/1/5 5271/1/5
f 5289/1/5 5271/1/5 5270/1/5
f 5290/1/5 5272/1/5 5289/1/5
f 5291/1/5 5275/1/5 5274/1/5
f 5291/1/5 5274/1/5 5261/1/5
f 5292/1/5 5262/1/5 5275/1/5
f 5292/1/5 5275/1/5 5291/1/5
f 5293/1/5 5276/1/5 5263/1/5
f 5293/1/5 5277/1/5 5276/1/5
f 5294/1/5 5249/1/5 5277/1/5
f 5294/1/5 5277/1/5 5293/1/5
f 5295/1/5 5249/1/5 5294/1/5
f 5296/1/5 5279/1/5 5278/1/5
f 5296/1/5 5278/1/5 5250/1/5
f 5297/1/5 5279/1/5 5296/1/5
f 5298/1/5 5264/1/5 5279/1/5
f 5298/1/5 5279/1/5 5297/1/5
f 5299/1/5 5280/1/5 5265/1/5
f 5299/1/5 5282/1/5 5281/1/5
f 5299/1/5 5281/1/5 5280/1/5
f 5300/1/5 5282/1/5 5299/1/5
f 5301/1/5 5286/1/5 5285/1/5
f 5301/1/5 5288/1/5 5287/1/5
f 5301/1/5 5287/1/5 5286/1/5
f 5302/1/5 5288/1/5 5301/1/5
f 5303/1/5 5288/1/5 5302/1/5
f 5304/1/5 5289/1/5 5153/1/5
f 5305/1/5 5289/1/5 5304/1/5
f 5306/1/5 5272/1/5 5290/1/5
f 5307/1/5 5272/1/5 5306/1/5
f 5308/1/5 5230/1/5 5273/1/5
f 5309/1/5 5230/1/5 5308/1/5
f 5310/1/5 5260/1/5 5231/1/5
f 5311/1/5 5260/1/5 5310/1/5
f 5312/1/5 5291/1/5 5261/1/5
f 5313/1/5 5291/1/5 5312/1/5
f 5314/1/5 5262/1/5 5292/1/5
f 5315/1/5 5262/1/5 5314/1/5
f 5316/1/5 5293/1/5 5263/1/5
f 5317/1/5 5293/1/5 5316/1/5
f 5318/1/5 5295/1/5 5294/1/5
f 5318/1/5 5297/1/5 5296/1/5
f 5318/1/5 5296/1/5 5295/1/5
f 5319/1/5 5297/1/5 5318/1/5
f 5320/1/5 5264/1/5 5298/1/5
f 5321/1/5 5264/1/5 5320/1/5
f 5322/1/5 5299/1/5 5265/1/5
f 5323/1/5 5299/1/5 5322/1/5
f 5324/1/5 5282/1/5 5300/1/5
f 5325/1/5 5282/1/5 5324/1/5
f 5326/1/5 5253/1/5 5283/1/5
f 5327/1/5 5253/1/5 5326/1/5
f 5328/1/5 5284/1/5 5254/1/5
f 5329/1/5 5284/1/5 5328/1/5
f 5330/1/5 5301/1/5 5285/1/5
f 5331/1/5 5301/1/5 5330/1/5
f 5362/1/5 5335/1/5 5334/1/5
f 5363/1/5 5337/1/5 5336/1/5
f 5364/1/5 5339/1/5 5338/1/5
f 5365/1/5 5341/1/5 5340/1/5
f 5366/1/5 5343/1/5 5342/1/5
f 5367/1/5 5345/1/5 5344/1/5
f 5368/1/5 5351/1/5 5350/1/5
f 5369/1/5 5353/1/5 5352/1/5
f 5372/1/5 5362/1/5 5334/1/5
f 5372/1/5 5363/1/5 5362/1/5
f 5373/1/5 5337/1/5 5363/1/5
f 5373/1/5 5363/1/5 5372/1/5
f 5374/1/5 5364/1/5 5338/1/5
f 5374/1/5 5365/1/5 5364/1/5
f 5375/1/5 5341/1/5 5365/1/5
f 5375/1/5 5365/1/5 5374/1/5
f 5376/1/5 5366/1/5 5342/1/5
f 5376/1/5 5367/1/5 5366/1/5
f 5377/1/5 5345/1/5 5367/1/5
f 5377/1/5 5367/1/5 5376/1/5
f 5378/1/5 5369/1/5 5368/1/5
f 5378/1/5 5368/1/5 5350/1/5
f 5379/1/5 5353/1/5 5369/1/5
f 5379/1/5 5369/1/5 5378/1/5
f 5380/1/5 5371/1/5 5370/1/5
f 5381/1/5 5333/1/5 5332/1/5
f 5382/1/5 5372/1/5 5334/1/5
f 5383/1/5 5337/1/5 5373/1/5
f 5384/1/5 5374/1/5 5338/1/5
f 5385/1/5 5341/1/5 5375/1/5
f 5386/1/5 5376/1/5 5342/1/5
f 5387/1/5 5347/1/5 5346/1/5
f 5388/1/5 5349/1/5 5348/1/5
f 5389/1/5 5355/1/5 5354/1/5
f 5390/1/5 5357/1/5 5356/1/5
f 5391/1/5 5359/1/5 5358/1/5
f 5392/1/5 5361/1/5 5360/1/5
f 5393/1/5 5382/1/5 5381/1/5
f 5393/1/5 5381/1/5 5332/1/5
f 5394/1/5 5372/1/5 5382/1/5
f 5394/1/5 5382/1/5 5393/1/5
f 5395/1/5 5384/1/5 5383/1/5
f 5395/1/5 5383/1/5 5373/1/5
f 5396/1/5 5374/1/5 5384/1/5
f 5396/1/5 5384/1/5 5395/1/5
f 5397/1/5 5386/1/5 5385/1/5
f 5397/1/5 5385/1/5 5375/1/5
f 5398/1/5 5376/1/5 5386/1/5
f 5398/1/5 5386/1/5 5397/1/5
f 5399/1/5 5387/1/5 5346/1/5
f 5399/1/5 5388/1/5 5387/1/5
f 5400/1/5 5349/1/5 5388/1/5
f 5400/1/5 5388/1/5 5399/1/5
f 5401/1/5 5353/1/5 5379/1/5
f 5402/1/5 5389/1/5 5354/1/5
f 5402/1/5 5390/1/5 5389/1/5
f 5403/1/5 5390/1/5 5402/1/5
f 5404/1/5 5357/1/5 5390/1/5
f 5404/1/5 5390/1/5 5403/1/5
f 5405/1/5 5391/1/5 5358/1/5
f 5405/1/5 5392/1/5 5391/1/5
f 5406/1/5 5361/1/5 5392/1/5
f 5406/1/5 5392/1/5 5405/1/5
f 5409/1/5 5345/1/5 5377/1/5
f 5410/1/5 5399/1/5 5346/1/5
f 5411/1/5 5349/1/5 5400/1/5
f 5412/1/5 5378/1/5 5350/1/5
f 5413/1/5 5402/1/5 5401/1/5
f 5413/1/5 5403/1/5 5402/1/5
f 5413/1/5 5401/1/5 5379/1/5
f 5414/1/5 5403/1/5 5413/1/5
f 5415/1/5 5408/1/5 5407/1/5
f 5416/1/5 5372/1/5 5394/1/5
f 5417/1/5 5395/1/5 5373/1/5
f 5418/1/5 5374/1/5 5396/1/5
f 5419/1/5 5397/1/5 5375/1/5
f 5420/1/5 5376/1/5 5398/1/5
f 5421/1/5 5410/1/5 5409/1/5
f 5421/1/5 5409/1/5 5377/1/5
f 5422/1/5 5410/1/5 5421/1/5
f 5423/1/5 5399/1/5 5410/1/5
f 5423/1/5 5410/1/5 5422/1/5
f 5424/1/5 5412/1/5 5411/1/5
f 5424/1/5 5411/1/5 5400/1/5
f 5425/1/5 5378/1/5 5412/1/5
f 5425/1/5 5412/1/5 5424/1/5
f 5426/1/5 5378/1/5 5425/1/5
f 5427/1/5 5413/1/5 5379/1/5
f 5428/1/5 5357/1/5 5404/1/5
f 5429/1/5 5405/1/5 5358/1/5
f 5430/1/5 5361/1/5 5406/1/5
f 5431/1/5 5380/1/5 5370/1/5
f 5432/1/5 5380/1/5 5431/1/5
f 5433/1/5 5415/1/5 5407/1/5
f 5436/1/5 5417/1/5 5416/1/5
f 5436/1/5 5416/1/5 5394/1/5
f 5437/1/5 5395/1/5 5417/1/5
f 5437/1/5 5417/1/5 5436/1/5
f 5438/1/5 5419/1/5 5418/1/5
f 5438/1/5 5418/1/5 5396/1/5
f 5439/1/5 5397/1/5 5419/1/5
f 5439/1/5 5419/1/5 5438/1/5
f 5440/1/5 5420/1/5 5398/1/5
f 5440/1/5 5422/1/5 5421/1/5
f 5440/1/5 5421/1/5 5420/1/5
f 5441/1/5 5422/1/5 5440/1/5
f 5442/1/5 5399/1/5 5423/1/5
f 5443/1/5 5399/1/5 5442/1/5
f 5444/1/5 5424/1/5 5400/1/5
f 5445/1/5 5424/1/5 5444/1/5
f 5446/1/5 5427/1/5 5426/1/5
f 5446/1/5 5426/1/5 5425/1/5
f 5447/1/5 5413/1/5 5427/1/5
f 5447/1/5 5427/1/5 5446/1/5
f 5448/1/5 5429/1/5 5428/1/5
f 5448/1/5 5428/1/5 5404/1/5
f 5449/1/5 5405/1/5 5429/1/5
f 5449/1/5 5429/1/5 5448/1/5
f 5450/1/5 5433/1/5 5432/1/5
f 5450/1/5 5430/1/5 5406/1/5
f 5450/1/5 5431/1/5 5430/1/5
f 5450/1/5 5432/1/5 5431/1/5
f 5451/1/5 5433/1/5 5450/1/5
f 5452/1/5 5433/1/5 5451/1/5
f 5453/1/5 5415/1/5 5433/1/5
f 5453/1/5 5433/1/5 5452/1/5
f 5456/1/5 5393/1/5 5332/1/5
f 5457/1/5 5436/1/5 5394/1/5
f 5458/1/5 5395/1/5 5437/1/5
f 5459/1/5 5438/1/5 5396/1/5
f 5460/1/5 5397/1/5 5439/1/5
f 5462/1/5 5403/1/5 5414/1/5
f 5463/1/5 5435/1/5 5434/1/5
f 5464/1/5 5455/1/5 5454/1/5
f 5465/1/5 5455/1/5 5464/1/5
f 5467/1/5 5457/1/5 5456/1/5
f 5467/1/5 5456/1/5 5332/1/5
f 5468/1/5 5436/1/5 5457/1/5
f 5468/1/5 5457/1/5 5467/1/5
f 5469/1/5 5459/1/5 5458/1/5
f 5469/1/5 5458/1/5 5437/1/5
f 5470/1/5 5438/1/5 5459/1/5
f 5470/1/5 5459/1/5 5469/1/5
f 5471/2/5 5461/2/5 5460/2/5
f 5471/1/5 5460/1/5 5439/1/5
f 5472/2/5 5461/2/5 5471/2/5
f 5473/1/5 5403/1/5 5462/1/5
f 5474/1/5 5403/1/5 5473/1/5
f 5475/1/5 5405/1/5 5449/1/5
f 5476/1/5 5450/1/5 5406/1/5
f 5477/1/5 5415/1/5 5453/1/5
f 5478/1/5 5465/1/5 5464/1/5
f 5478/1/5 5464/1/5 5463/1/5
f 5478/1/5 5463/1/5 5434/1/5
f 5478/1/5 5466/1/5 5465/1/5
f 5479/1/5 5466/1/5 5478/1/5
f 5480/1/5 5466/1/5 5479/1/5
f 5481/1/5 5466/1/5 5480/1/5
f 5482/1/5 5466/1/5 5481/1/5
f 5483/1/5 5448/1/5 5404/1/5
f 5484/1/5 5448/1/5 5483/1/5
f 5485/1/5 5476/1/5 5475/1/5
f 5485/1/5 5475/1/5 5449/1/5
f 5486/1/5 5450/1/5 5476/1/5
f 5486/1/5 5476/1/5 5485/1/5
f 5487/1/5 5450/1/5 5486/1/5
f 5488/1/5 5452/1/5 5451/1/5
f 5489/1/5 5477/1/5 5453/1/5
f 5489/1/5 5479/1/5 5478/1/5
f 5489/1/5 5478/1/5 5477/1/5
f 5490/1/5 5479/1/5 5489/1/5
f 5491/1/5 5436/1/5 5468/1/5
f 5492/1/5 5469/1/5 5437/1/5
f 5493/1/5 5438/1/5 5470/1/5
f 5494/1/5 5471/1/5 5439/1/5
f 5495/1/5 5488/1/5 5487/1/5
f 5495/1/5 5487/1/5 5486/1/5
f 5496/1/5 5452/1/5 5488/1/5
f 5496/1/5 5488/1/5 5495/1/5
f 5497/1/5 5492/1/5 5491/1/5
f 5497/1/5 5491/1/5 5468/1/5
f 5498/1/5 5469/1/5 5492/1/5
f 5498/1/5 5492/1/5 5497/1/5
f 5499/1/5 5469/1/5 5498/1/5
f 5500/1/5 5494/1/5 5493/1/5
f 5500/1/5 5493/1/5 5470/1/5
f 5501/1/5 5494/1/5 5500/1/5
f 5502/1/5 5471/1/5 5494/1/5
f 5502/1/5 5494/1/5 5501/1/5
f 5503/1/5 5485/1/5 5449/1/5
f 5504/1/5 5452/1/5 5496/1/5
f 5505/1/5 5489/1/5 5453/1/5
f 5506/1/5 5479/1/5 5490/1/5
f 5507/1/5 5481/1/5 5480/1/5
f 5508/1/5 5481/1/5 5507/1/5
f 5510/1/5 5499/1/5 5498/1/5
f 5510/1/5 5501/1/5 5500/1/5
f 5510/1/5 5500/1/5 5499/1/5
f 5511/1/5 5501/1/5 5510/1/5
f 5512/1/5 5485/1/5 5503/1/5
f 5513/1/5 5505/1/5 5504/1/5
f 5513/1/5 5504/1/5 5496/1/5
f 5514/1/5 5489/1/5 5505/1/5
f 5514/1/5 5505/1/5 5513/1/5
f 5515/1/5 5509/1/5 5508/1/5
f 5515/1/5 5508/1/5 5507/1/5
f 5515/1/5 5506/1/5 5490/1/5
f 5515/1/5 5507/1/5 5506/1/5
f 5516/1/5 5509/1/5 5515/1/5
f 5517/1/5 5509/1/5 5516/1/5
f 5518/1/5 5509/1/5 5517/1/5
f 5519/1/5 5467/1/5 5332/1/5
f 5520/1/5 5497/1/5 5468/1/5
f 5521/1/5 5489/1/5 5514/1/5
f 5522/1/5 5515/1/5 5490/1/5
f 5523/1/5 5520/1/5 5519/1/5
f 5523/1/5 5519/1/5 5332/1/5
f 5524/1/5 5497/1/5 5520/1/5
f 5524/1/5 5520/1/5 5523/1/5
f 5527/1/5 5522/1/5 5521/1/5
f 5527/1/5 5521/1/5 5514/1/5
f 5528/1/5 5515/1/5 5522/1/5
f 5528/1/5 5522/1/5 5527/1/5
f 5529/1/5 5501/1/5 5511/1/5
f 5530/1/5 5471/1/5 5502/1/5
f 5531/1/5 5471/1/5 5530/1/5
f 5534/1/5 5485/1/5 5512/1/5
f 5535/1/5 5495/1/5 5486/1/5
f 5536/1/5 5513/1/5 5496/1/5
f 5537/1/5 5527/1/5 5514/1/5
f 5538/1/5 5515/1/5 5528/1/5
f 5539/1/5 5517/1/5 5516/1/5
f 5540/1/5 5497/1/5 5524/1/5
f 5541/1/5 5510/1/5 5498/1/5
f 5542/1/5 5529/1/5 5511/1/5
f 5542/1/5 5530/1/5 5529/1/5
f 5542/1/5 5531/1/5 5530/1/5
f 5543/1/5 5531/1/5 5542/1/5
f 5544/1/5 5533/1/5 5532/1/5
f 5545/1/5 5534/1/5 5512/1/5
f 5545/1/5 5535/1/5 5534/1/5
f 5546/1/5 5495/1/5 5535/1/5
f 5546/1/5 5535/1/5 5545/1/5
f 5547/1/5 5537/1/5 5536/1/5
f 5547/1/5 5536/1/5 5496/1/5
f 5548/1/5 5527/1/5 5537/1/5
f 5548/1/5 5537/1/5 5547/1/5
f 5549/1/5 5538/1/5 5528/1/5
f 5549/1/5 5539/1/5 5538/1/5
f 5550/1/5 5517/1/5 5539/1/5
f 5550/1/5 5539/1/5 5549/1/5
f 5551/1/5 5517/1/5 5550/1/5
f 5552/1/5 5523/1/5 5332/1/5
f 5553/1/5 5541/1/5 5540/1/5
f 5553/1/5 5540/1/5 5524/1/5
f 5554/1/5 5541/1/5 5553/1/5
f 5555/1/5 5510/1/5 5541/1/5
f 5555/1/5 5541/1/5 5554/1/5
f 5556/1/5 5510/1/5 5555/1/5
f 5557/1/5 5542/1/5 5511/1/5
f 5558/1/5 5531/1/5 5543/1/5
f 5567/1/5 5533/1/5 5544/1/5
f 5568/1/5 5526/1/5 5525/1/5
f 5569/1/5 5545/1/5 5512/1/5
f 5570/1/5 5495/1/5 5546/1/5
f 5571/1/5 5547/1/5 5496/1/5
f 5572/1/5 5527/1/5 5548/1/5
f 5573/1/5 5549/1/5 5528/1/5
f 5574/1/5 5551/1/5 5550/1/5
f 5575/1/5 5551/1/5 5574/1/5
f 5576/1/5 5552/1/5 5332/1/5
f 5576/1/5 5554/1/5 5553/1/5
f 5576/1/5 5553/1/5 5552/1/5
f 5577/1/5 5554/1/5 5576/1/5
f 5578/1/5 5557/1/5 5556/1/5
f 5578/1/5 5556/1/5 5555/1/5
f 5579/1/5 5542/1/5 5557/1/5
f 5579/1/5 5557/1/5 5578/1/5
f 5580/1/5 5558/1/5 5543/1/5
f 5580/1/5 5559/1/5 5558/1/5
f 5580/1/5 5560/1/5 5559/1/5
f 5581/1/5 5560/1/5 5580/1/5
f 5582/1/5 5560/1/5 5581/1/5
f 5583/1/5 5560/1/5 5582/1/5
f 5584/1/5 5560/1/5 5583/1/5
f 5585/1/5 5560/1/5 5584/1/5
f 5586/1/5 5567/1/5 5566/1/5
f 5586/1/5 5566/1/5 5565/1/5
f 5587/1/5 5533/1/5 5567/1/5
f 5587/1/5 5567/1/5 5586/1/5
f 5588/1/5 5569/1/5 5568/1/5
f 5588/1/5 5568/1/5 5525/1/5
f 5589/1/5 5545/1/5 5569/1/5
f 5589/1/5 5569/1/5 5588/1/5
f 5590/1/5 5571/1/5 5570/1/5
f 5590/1/5 5570/1/5 5546/1/5
f 5591/1/5 5547/1/5 5571/1/5
f 5591/1/5 5571/1/5 5590/1/5
f 5592/1/5 5572/1/5 5548/1/5
f 5592/1/5 5573/1/5 5572/1/5
f 5593/1/5 5549/1/5 5573/1/5
f 5593/1/5 5573/1/5 5592/1/5
f 5594/1/5 5549/1/5 5593/1/5
f 5595/1/5 5592/1/5 5548/1/5
f 5596/1/5 5578/1/5 5555/1/5
f 5597/1/5 5542/1/5 5579/1/5
f 5598/1/5 5562/1/5 5561/1/5
f 5599/1/5 5564/1/5 5563/1/5
f 5600/1/5 5533/1/5 5587/1/5
f 5601/1/5 5588/1/5 5525/1/5
f 5602/1/5 5595/1/5 5548/1/5
f 5603/1/5 5595/1/5 5602/1/5
f 5604/1/5 5576/1/5 5332/1/5
f 5605/1/5 5554/1/5 5577/1/5
f 5606/1/5 5596/1/5 5555/1/5
f 5606/1/5 5597/1/5 5596/1/5
f 5607/1/5 5542/1/5 5597/1/5
f 5607/1/5 5597/1/5 5606/1/5
f 5608/1/5 5542/1/5 5607/1/5
f 5609/1/5 5580/1/5 5543/1/5
f 5610/1/5 5599/1/5 5598/1/5
f 5610/1/5 5598/1/5 5561/1/5
f 5611/1/5 5564/1/5 5599/1/5
f 5611/1/5 5599/1/5 5610/1/5
f 5612/1/5 5564/1/5 5611/1/5
f 5613/1/5 5586/1/5 5565/1/5
f 5614/1/5 5600/1/5 5587/1/5
f 5614/1/5 5601/1/5 5600/1/5
f 5615/1/5 5588/1/5 5601/1/5
f 5615/1/5 5601/1/5 5614/1/5
f 5616/1/5 5545/1/5 5589/1/5
f 5617/1/5 5590/1/5 5546/1/5
f 5618/1/5 5604/1/5 5332/1/5
f 5618/1/5 5605/1/5 5604/1/5
f 5619/1/5 5554/1/5 5605/1/5
f 5619/1/5 5605/1/5 5618/1/5
f 5620/1/5 5554/1/5 5619/1/5
f 5621/1/5 5606/1/5 5555/1/5
f 5622/1/5 5609/1/5 5608/1/5
f 5622/1/5 5608/1/5 5607/1/5
f 5623/1/5 5580/1/5 5609/1/5
f 5623/1/5 5609/1/5 5622/1/5
f 5624/1/5 5560/1/5 5585/1/5
f 5625/1/5 5610/1/5 5561/1/5
f 5626/1/5 5613/1/5 5612/1/5
f 5626/1/5 5612/1/5 5611/1/5
f 5627/1/5 5586/1/5 5613/1/5
f 5627/1/5 5613/1/5 5626/1/5
f 5628/1/5 5617/1/5 5616/1/5
f 5628/1/5 5616/1/5 5589/1/5
f 5629/1/5 5590/1/5 5617/1/5
f 5629/1/5 5617/1/5 5628/1/5
f 5630/1/5 5547/1/5 5591/1/5
f 5631/1/5 5621/1/5 5620/1/5
f 5631/1/5 5620/1/5 5619/1/5
f 5632/1/5 5606/1/5 5621/1/5
f 5632/1/5 5621/1/5 5631/1/5
f 5633/1/5 5625/1/5 5624/1/5
f 5633/1/5 5624/1/5 5585/1/5
f 5634/1/5 5610/1/5 5625/1/5
f 5634/1/5 5625/1/5 5633/1/5
f 5635/1/5 5630/1/5 5591/1/5
f 5636/1/5 5630/1/5 5635/1/5
f 5637/1/5 5618/1/5 5332/1/5
f 5638/1/5 5618/1/5 5637/1/5
f 5639/1/5 5631/1/5 5619/1/5
f 5640/1/5 5631/1/5 5639/1/5
f 5641/1/5 5606/1/5 5632/1/5
f 5642/1/5 5606/1/5 5641/1/5
f 5643/1/5 5622/1/5 5607/1/5
f 5644/1/5 5622/1/5 5643/1/5
f 5645/1/5 5580/1/5 5623/1/5
f 5646/1/5 5580/1/5 5645/1/5
f 5647/1/5 5582/1/5 5581/1/5
f 5648/1/5 5582/1/5 5647/1/5
f 5649/1/5 5584/1/5 5583/1/5
f 5650/1/5 5584/1/5 5649/1/5
f 5651/1/5 5633/1/5 5585/1/5
f 5652/1/5 5633/1/5 5651/1/5
f 5653/1/5 5610/1/5 5634/1/5
f 5654/1/5 5610/1/5 5653/1/5
f 5655/1/5 5626/1/5 5611/1/5
f 5656/1/5 5626/1/5 5655/1/5
f 5657/1/5 5586/1/5 5627/1/5
f 5658/1/5 5586/1/5 5657/1/5
f 5659/1/5 5614/1/5 5587/1/5
f 5660/1/5 5614/1/5 5659/1/5
f 5661/1/5 5588/1/5 5615/1/5
f 5662/1/5 5588/1/5 5661/1/5
f 5663/1/5 5628/1/5 5589/1/5
f 5664/1/5 5628/1/5 5663/1/5
f 5665/1/5 5590/1/5 5629/1/5
f 5666/1/5 5590/1/5 5665/1/5
f 5697/1/5 5670/1/5 5669/1/5
f 5698/1/5 5672/1/5 5671/1/5
f 5699/1/5 5682/1/5 5681/1/5
f 5700/1/5 5684/1/5 5683/1/5
f 5703/1/5 5668/1/5 5667/1/5
f 5704/1/5 5697/1/5 5669/1/5
f 5704/1/5 5698/1/5 5697/1/5
f 5705/1/5 5698/1/5 5704/1/5
f 5706/1/5 5672/1/5 5698/1/5
f 5706/1/5 5698/1/5 5705/1/5
f 5707/1/5 5674/1/5 5673/1/5
f 5708/1/5 5676/1/5 5675/1/5
f 5709/1/5 5700/1/5 5699/1/5
f 5709/1/5 5699/1/5 5681/1/5
f 5710/1/5 5684/1/5 5700/1/5
f 5710/1/5 5700/1/5 5709/1/5
f 5711/1/5 5686/1/5 5685/1/5
f 5712/1/5 5688/1/5 5687/1/5
f 5713/1/5 5694/1/5 5693/1/5
f 5714/1/5 5696/1/5 5695/1/5
f 5715/1/5 5702/1/5 5701/1/5
f 5716/1/5 5703/1/5 5667/1/5
f 5716/1/5 5705/1/5 5704/1/5
f 5716/1/5 5704/1/5 5703/1/5
f 5717/1/5 5705/1/5 5716/1/5
f 5718/1/5 5672/1/5 5706/1/5
f 5719/1/5 5708/1/5 5707/1/5
f 5719/1/5 5707/1/5 5673/1/5
f 5720/1/5 5708/1/5 5719/1/5
f 5721/1/5 5676/1/5 5708/1/5
f 5721/1/5 5708/1/5 5720/1/5
f 5722/1/5 5684/1/5 5710/1/5
f 5723/1/5 5711/1/5 5685/1/5
f 5723/1/5 5712/1/5 5711/1/5
f 5724/1/5 5712/1/5 5723/1/5
f 5725/1/5 5688/1/5 5712/1/5
f 5725/1/5 5712/1/5 5724/1/5
f 5726/1/5 5690/1/5 5689/1/5
f 5727/1/5 5692/1/5 5691/1/5
f 5728/1/5 5714/1/5 5713/1/5
f 5728/1/5 5713/1/5 5693/1/5
f 5729/1/5 5696/1/5 5714/1/5
f 5729/1/5 5714/1/5 5728/1/5
f 5730/1/5 5718/1/5 5706/1/5
f 5730/1/5 5720/1/5 5719/1/5
f 5730/1/5 5719/1/5 5718/1/5
f 5731/1/5 5720/1/5 5730/1/5
f 5732/1/5 5723/1/5 5722/1/5
f 5732/1/5 5722/1/5 5710/1/5
f 5732/1/5 5724/1/5 5723/1/5
f 5733/1/5 5724/1/5 5732/1/5
f 5734/1/5 5727/1/5 5726/1/5
f 5734/1/5 5726/1/5 5689/1/5
f 5735/1/5 5692/1/5 5727/1/5
f 5735/1/5 5727/1/5 5734/1/5
f 5738/1/5 5737/1/5 5736/1/5
f 5739/1/5 5716/1/5 5667/1/5
f 5740/1/5 5705/1/5 5717/1/5
f 5741/1/5 5730/1/5 5706/1/5
f 5742/1/5 5720/1/5 5731/1/5
f 5743/1/5 5676/1/5 5721/1/5
f 5744/1/5 5678/1/5 5677/1/5
f 5745/1/5 5678/1/5 5744/1/5
f 5746/1/5 5680/1/5 5679/1/5
f 5747/1/5 5680/1/5 5746/1/5
f 5748/1/5 5709/1/5 5681/1/5
f 5749/1/5 5688/1/5 5725/1/5
f 5750/1/5 5734/1/5 5689/1/5
f 5751/1/5 5692/1/5 5735/1/5
f 5752/1/5 5728/1/5 5693/1/5
f 5753/1/5 5696/1/5 5729/1/5
f 5754/1/5 5715/1/5 5701/1/5
f 5755/1/5 5738/1/5 5736/1/5
f 5758/1/5 5739/1/5 5667/1/5
f 5758/1/5 5740/1/5 5739/1/5
f 5759/1/5 5705/1/5 5740/1/5
f 5759/1/5 5740/1/5 5758/1/5
f 5760/1/5 5705/1/5 5759/1/5
f 5761/1/5 5741/1/5 5706/1/5
f 5761/1/5 5742/1/5 5741/1/5
f 5762/1/5 5742/1/5 5761/1/5
f 5763/1/5 5720/1/5 5742/1/5
f 5763/1/5 5742/1/5 5762/1/5
f 5764/1/5 5743/1/5 5721/1/5
f 5764/1/5 5745/1/5 5744/1/5
f 5764/1/5 5747/1/5 5746/1/5
f 5764/1/5 5748/1/5 5747/1/5
f 5764/1/5 5744/1/5 5743/1/5
f 5764/1/5 5746/1/5 5745/1/5
f 5765/1/5 5748/1/5 5764/1/5
f 5766/1/5 5709/1/5 5748/1/5
f 5766/1/5 5748/1/5 5765/1/5
f 5767/1/5 5732/1/5 5710/1/5
f 5768/1/5 5732/1/5 5767/1/5
f 5769/1/5 5724/1/5 5733/1/5
f 5770/1/5 5724/1/5 5769/1/5
f 5771/1/5 5750/1/5 5749/1/5
f 5771/1/5 5749/1/5 5725/1/5
f 5772/1/5 5750/1/5 5771/1/5
f 5773/1/5 5734/1/5 5750/1/5
f 5773/1/5 5750/1/5 5772/1/5
f 5774/1/5 5752/1/5 5751/1/5
f 5774/1/5 5751/1/5 5735/1/5
f 5775/1/5 5728/1/5 5752/1/5
f 5775/1/5 5752/1/5 5774/1/5
f 5776/1/5 5753/1/5 5729/1/5
f 5776/1/5 5754/1/5 5753/1/5
f 5777/1/5 5715/1/5 5754/1/5
f 5777/1/5 5754/1/5 5776/1/5
f 5778/1/5 5755/1/5 5736/1/5
f 5778/1/5 5757/1/5 5756/1/5
f 5778/1/5 5756/1/5 5755/1/5
f 5779/1/5 5757/1/5 5778/1/5
f 5782/1/5 5761/1/5 5760/1/5
f 5782/1/5 5760/1/5 5759/1/5
f 5782/1/5 5762/1/5 5761/1/5
f 5783/1/5 5762/1/5 5782/1/5
f 5784/1/5 5720/1/5 5763/1/5
f 5785/1/5 5764/1/5 5721/1/5
f 5786/1/5 5734/1/5 5773/1/5
f 5787/1/5 5728/1/5 5775/1/5
f 5788/1/5 5776/1/5 5729/1/5
f 5789/1/5 5715/1/5 5777/1/5
f 5790/1/5 5778/1/5 5736/1/5
f 5791/1/5 5757/1/5 5779/1/5
f 5792/1/5 5781/1/5 5780/1/5
f 5793/1/5 5781/1/5 5792/1/5
f 5794/1/5 5785/1/5 5784/1/5
f 5794/1/5 5784/1/5 5763/1/5
f 5795/1/5 5764/1/5 5785/1/5
f 5795/1/5 5785/1/5 5794/1/5
f 5796/1/5 5764/1/5 5795/1/5
f 5797/1/5 5734/1/5 5786/1/5
f 5798/1/5 5734/1/5 5797/1/5
f 5799/1/5 5788/1/5 5787/1/5
f 5799/1/5 5787/1/5 5775/1/5
f 5800/1/5 5776/1/5 5788/1/5
f 5800/1/5 5788/1/5 5799/1/5
f 5801/1/5 5790/1/5 5789/1/5
f 5801/1/5 5789/1/5 5777/1/5
f 5802/1/5 5778/1/5 5790/1/5
f 5802/1/5 5790/1/5 5801/1/5
f 5803/1/5 5791/1/5 5779/1/5
f 5803/1/5 5793/1/5 5792/1/5
f 5803/1/5 5792/1/5 5791/1/5
f 5804/1/5 5793/1/5 5803/1/5
f 5805/1/5 5758/1/5 5667/1/5
f 5806/1/5 5782/1/5 5759/1/5
f 5807/1/5 5774/1/5 5735/1/5
f 5808/1/5 5774/1/5 5807/1/5
f 5809/1/5 5778/1/5 5802/1/5
f 5810/1/5 5803/1/5 5779/1/5
f 5811/1/5 5806/1/5 5805/1/5
f 5811/1/5 5805/1/5 5667/1/5
f 5812/1/5 5782/1/5 5806/1/5
f 5812/1/5 5806/1/5 5811/1/5
f 5813/1/5 5810/1/5 5809/1/5
f 5813/1/5 5809/1/5 5802/1/5
f 5814/1/5 5803/1/5 5810/1/5
f 5814/1/5 5810/1/5 5813/1/5
f 5815/1/5 5762/1/5 5783/1/5
f 5816/1/5 5794/1/5 5763/1/5
f 5817/1/5 5799/1/5 5775/1/5
f 5818/1/5 5801/1/5 5777/1/5
f 5819/1/5 5813/1/5 5802/1/5
f 5820/1/5 5803/1/5 5814/1/5
f 5821/1/5 5793/1/5 5804/1/5
f 5822/1/5 5793/1/5 5821/1/5
f 5824/1/5 5782/1/5 5812/1/5
f 5825/1/5 5815/1/5 5783/1/5
f 5825/1/5 5816/1/5 5815/1/5
f 5826/1/5 5816/1/5 5825/1/5
f 5827/1/5 5794/1/5 5816/1/5
f 5827/1/5 5816/1/5 5826/1/5
f 5828/1/5 5794/1/5 5827/1/5
f 5829/1/5 5796/1/5 5795/1/5
f 5830/1/5 5799/1/5 5817/1/5
f 5831/1/5 5819/1/5 5818/1/5
f 5831/1/5 5818/1/5 5777/1/5
f 5832/1/5 5813/1/5 5819/1/5
f 5832/1/5 5819/1/5 5831/1/5
f 5833/1/5 5822/1/5 5821/1/5
f 5833/1/5 5823/1/5 5822/1/5
f 5833/1/5 5821/1/5 5820/1/5
f 5833/1/5 5820/1/5 5814/1/5
f 5834/1/5 5823/1/5 5833/1/5
f 5835/1/5 5823/1/5 5834/1/5
f 5836/1/5 5823/1/5 5835/1/5
f 5837/1/5 5824/1/5 5812/1/5
f 5837/1/5 5826/1/5 5825/1/5
f 5837/1/5 5825/1/5 5824/1/5
f 5838/1/5 5826/1/5 5837/1/5
f 5839/1/5 5828/1/5 5827/1/5
f 5839/1/5 5829/1/5 5828/1/5
f 5840/1/5 5796/1/5 5829/1/5
f 5840/1/5 5829/1/5 5839/1/5
f 5841/1/5 5776/1/5 5800/1/5
f 5842/1/5 5831/1/5 5777/1/5
f 5845/1/5 5799/1/5 5830/1/5
f 5846/1/5 5842/1/5 5841/1/5
f 5846/1/5 5841/1/5 5800/1/5
f 5847/1/5 5842/1/5 5846/1/5
f 5848/1/5 5831/1/5 5842/1/5
f 5848/1/5 5842/1/5 5847/1/5
f 5849/1/5 5813/1/5 5832/1/5
f 5850/1/5 5833/1/5 5814/1/5
f 5851/1/5 5811/1/5 5667/1/5
f 5852/1/5 5837/1/5 5812/1/5
f 5853/1/5 5826/1/5 5838/1/5
f 5854/1/5 5839/1/5 5827/1/5
f 5855/1/5 5796/1/5 5840/1/5
f 5858/1/5 5845/1/5 5830/1/5
f 5858/1/5 5847/1/5 5846/1/5
f 5858/1/5 5846/1/5 5845/1/5
f 5859/1/5 5847/1/5 5858/1/5
f 5860/1/5 5850/1/5 5849/1/5
f 5860/1/5 5849/1/5 5832/1/5
f 5861/1/5 5833/1/5 5850/1/5
f 5861/1/5 5850/1/5 5860/1/5
f 5862/1/5 5833/1/5 5861/1/5
f 5863/1/5 5835/1/5 5834/1/5
f 5864/1/5 5835/1/5 5863/1/5
f 5866/1/5 5852/1/5 5851/1/5
f 5866/1/5 5851/1/5 5667/1/5
f 5867/1/5 5837/1/5 5852/1/5
f 5867/1/5 5852/1/5 5866/1/5
f 5868/1/5 5853/1/5 5838/1/5
f 5868/1/5 5854/1/5 5853/1/5
f 5869/1/5 5839/1/5 5854/1/5
f 5869/1/5 5854/1/5 5868/1/5
f 5870/1/5 5857/1/5 5856/1/5
f 5871/1/5 5865/1/5 5864/1/5
f 5871/1/5 5862/1/5 5861/1/5
f 5871/1/5 5864/1/5 5863/1/5
f 5871/1/5 5863/1/5 5862/1/5
f 5872/1/5 5865/1/5 5871/1/5
f 5873/1/5 5865/1/5 5872/1/5
f 5874/1/5 5865/1/5 5873/1/5
f 5875/1/5 5837/1/5 5867/1/5
f 5876/1/5 5868/1/5 5838/1/5
f 5877/1/5 5839/1/5 5869/1/5
f 5878/1/5 5855/1/5 5840/1/5
f 5887/1/5 5844/1/5 5843/1/5
f 5888/1/5 5858/1/5 5830/1/5
f 5889/1/5 5847/1/5 5859/1/5
f 5890/1/5 5831/1/5 5848/1/5
f 5891/1/5 5831/1/5 5890/1/5
f 5892/1/5 5860/1/5 5832/1/5
f 5893/1/5 5873/1/5 5872/1/5
f 5894/1/5 5873/1/5 5893/1/5
f 5895/1/5 5876/1/5 5875/1/5
f 5895/1/5 5875/1/5 5867/1/5
f 5896/1/5 5868/1/5 5876/1/5
f 5896/1/5 5876/1/5 5895/1/5
f 5897/1/5 5877/1/5 5869/1/5
f 5897/1/5 5878/1/5 5877/1/5
f 5898/1/5 5855/1/5 5878/1/5
f 5898/1/5 5878/1/5 5897/1/5
f 5899/1/5 5880/1/5 5879/1/5
f 5900/1/5 5880/1/5 5899/1/5
f 5901/1/5 5880/1/5 5900/1/5
f 5902/1/5 5882/1/5 5881/1/5
f 5903/1/5 5884/1/5 5883/1/5
f 5904/1/5 5886/1/5 5885/1/5
f 5905/1/5 5886/1/5 5904/1/5
f 5906/1/5 5886/1/5 5905/1/5
f 5907/1/5 5888/1/5 5887/1/5
f 5907/1/5 5887/1/5 5843/1/5
f 5908/1/5 5858/1/5 5888/1/5
f 5908/1/5 5888/1/5 5907/1/5
f 5909/1/5 5889/1/5 5859/1/5
f 5909/1/5 5892/1/5 5891/1/5
f 5909/1/5 5891/1/5 5890/1/5
f 5909/1/5 5890/1/5 5889/1/5
f 5910/1/5 5892/1/5 5909/1/5
f 5911/1/5 5892/1/5 5910/1/5
f 5912/1/5 5860/1/5 5892/1/5
f 5912/1/5 5892/1/5 5911/1/5
f 5913/1/5 5871/1/5 5861/1/5
f 5914/1/5 5871/1/5 5913/1/5
f 5915/1/5 5901/1/5 5900/1/5
f 5915/1/5 5902/1/5 5901/1/5
f 5916/1/5 5882/1/5 5902/1/5
f 5916/1/5 5902/1/5 5915/1/5
f 5917/1/5 5903/1/5 5883/1/5
f 5917/1/5 5905/1/5 5904/1/5
f 5917/1/5 5904/1/5 5903/1/5
f 5918/1/5 5905/1/5 5917/1/5
f 5919/1/5 5886/1/5 5906/1/5
f 5920/1/5 5857/1/5 5870/1/5
f 5921/1/5 5860/1/5 5912/1/5
f 5922/1/5 5866/1/5 5667/1/5
f 5923/1/5 5895/1/5 5867/1/5
f 5924/1/5 5868/1/5 5896/1/5
f 5925/1/5 5897/1/5 5869/1/5
f 5926/1/5 5855/1/5 5898/1/5
f 5927/1/5 5899/1/5 5879/1/5
f 5928/1/5 5882/1/5 5916/1/5
f 5929/1/5 5917/1/5 5883/1/5
f 5930/1/5 5919/1/5 5906/1/5
f 5930/1/5 5920/1/5 5919/1/5
f 5931/1/5 5857/1/5 5920/1/5
f 5931/1/5 5920/1/5 5930/1/5
f 5932/1/5 5857/1/5 5931/1/5
f 5933/1/5 5907/1/5 5843/1/5
f 5934/1/5 5858/1/5 5908/1/5
f 5935/1/5 5909/1/5 5859/1/5
f 5936/1/5 5921/1/5 5912/1/5
f 5937/1/5 5921/1/5 5936/1/5
f 5938/1/5 5923/1/5 5922/1/5
f 5938/1/5 5922/1/5 5667/1/5
f 5939/1/5 5895/1/5 5923/1/5
f 5939/1/5 5923/1/5 5938/1/5
f 5940/1/5 5924/1/5 5896/1/5
f 5940/1/5 5925/1/5 5924/1/5
f 5941/1/5 5897/1/5 5925/1/5
f 5941/1/5 5925/1/5 5940/1/5
f 5942/1/5 5927/1/5 5926/1/5
f 5942/1/5 5926/1/5 5898/1/5
f 5943/1/5 5899/1/5 5927/1/5
f 5943/1/5 5927/1/5 5942/1/5
f 5944/1/5 5929/1/5 5928/1/5
f 5944/1/5 5928/1/5 5916/1/5
f 5945/1/5 5917/1/5 5929/1/5
f 5945/1/5 5929/1/5 5944/1/5
f 5946/1/5 5933/1/5 5932/1/5
f 5946/1/5 5932/1/5 5931/1/5
f 5947/1/5 5907/1/5 5933/1/5
f 5947/1/5 5933/1/5 5946/1/5
f 5948/1/5 5935/1/5 5934/1/5
f 5948/1/5 5934/1/5 5908/1/5
f 5949/1/5 5909/1/5 5935/1/5
f 5949/1/5 5935/1/5 5948/1/5
f 5950/1/5 5895/1/5 5939/1/5
f 5951/1/5 5940/1/5 5896/1/5
f 5952/1/5 5897/1/5 5941/1/5
f 5953/1/5 5942/1/5 5898/1/5
f 5954/1/5 5899/1/5 5943/1/5
f 5955/1/5 5915/1/5 5900/1/5
f 5956/1/5 5905/1/5 5918/1/5
f 5957/1/5 5930/1/5 5906/1/5
f 5958/1/5 5911/1/5 5910/1/5
f 5959/1/5 5951/1/5 5950/1/5
f 5959/1/5 5950/1/5 5939/1/5
f 5960/1/5 5940/1/5 5951/1/5
f 5960/1/5 5951/1/5 5959/1/5
f 5961/1/5 5953/1/5 5952/1/5
f 5961/1/5 5952/1/5 5941/1/5
f 5962/1/5 5942/1/5 5953/1/5
f 5962/1/5 5953/1/5 5961/1/5
f 5963/1/5 5955/1/5 5954/1/5
f 5963/1/5 5954/1/5 5943/1/5
f 5964/1/5 5915/1/5 5955/1/5
f 5964/1/5 5955/1/5 5963/1/5
f 5965/1/5 5957/1/5 5956/1/5
f 5965/1/5 5956/1/5 5918/1/5
f 5966/1/5 5930/1/5 5957/1/5
f 5966/1/5 5957/1/5 5965/1/5
f 5967/1/5 5958/1/5 5910/1/5
f 5968/1/5 5958/1/5 5967/1/5
f 5969/1/5 5938/1/5 5667/1/5
f 5970/1/5 5938/1/5 5969/1/5
f 5971/1/5 5959/1/5 5939/1/5
f 5972/1/5 5959/1/5 5971/1/5
f 5973/1/5 5940/1/5 5960/1/5
f 5974/1/5 5940/1/5 5973/1/5
f 5975/1/5 5961/1/5 5941/1/5
f 5976/1/5 5961/1/5 5975/1/5
f 5977/1/5 5942/1/5 5962/1/5
f 5978/1/5 5942/1/5 5977/1/5
f 5979/1/5 5963/1/5 5943/1/5
f 5980/1/5 5963/1/5 5979/1/5
f 5981/1/5 5915/1/5 5964/1/5
f 5982/1/5 5915/1/5 5981/1/5
f 5983/1/5 5944/1/5 5916/1/5
f 5984/1/5 5944/1/5 5983/1/5
f 5985/1/5 5917/1/5 5945/1/5
f 5986/1/5 5917/1/5 5985/1/5
f 5987/1/5 5965/1/5 5918/1/5
f 5988/1/5 5965/1/5 5987/1/5
f 5989/1/5 5930/1/5 5966/1/5
f 5990/1/5 5930/1/5 5989/1/5
f 5991/1/5 5946/1/5 5931/1/5
f 5992/1/5 5946/1/5 5991/1/5
f 5993/1/5 5907/1/5 5947/1/5
f 5994/1/5 5907/1/5 5993/1/5
f 5995/1/5 5948/1/5 5908/1/5
f 5996/1/5 5948/1/5 5995/1/5
f 5997/1/5 5909/1/5 5949/1/5
f 5998/1/5 5909/1/5 5997/1/5
f 6027/1/5 6008/1/5 6007/1/5
f 6028/1/5 6010/1/5 6009/1/5
f 6029/1/5 6012/1/5 6011/1/5
f 6030/1/5 6014/1/5 6013/1/5
f 6031/1/5 6014/1/5 6030/1/5
f 6032/1/5 6014/1/5 6031/1/5
f 6033/1/5 6014/1/5 6032/1/5
f 6034/1/5 6016/1/5 6015/1/5
f 6035/1/5 6018/1/5 6017/1/5
f 6036/1/5 6020/1/5 6019/1/5
f 6037/1/5 6026/1/5 6025/1/5
f 6040/1/5 6002/1/5 6001/1/5
f 6041/1/5 6004/1/5 6003/1/5
f 6042/1/5 6027/1/5 6007/1/5
f 6042/1/5 6028/1/5 6027/1/5
f 6043/1/5 6010/1/5 6028/1/5
f 6043/1/5 6028/1/5 6042/1/5
f 6044/1/5 6029/1/5 6011/1/5
f 6044/1/5 6030/1/5 6029/1/5
f 6044/1/5 6031/1/5 6030/1/5
f 6045/1/5 6031/1/5 6044/1/5
f 6046/1/5 6033/1/5 6032/1/5
f 6046/1/5 6034/1/5 6033/1/5
f 6047/1/5 6016/1/5 6034/1/5
f 6047/1/5 6034/1/5 6046/1/5
f 6048/1/5 6036/1/5 6035/1/5
f 6048/1/5 6035/1/5 6017/1/5
f 6049/1/5 6020/1/5 6036/1/5
f 6049/1/5 6036/1/5 6048/1/5
f 6050/1/5 6020/1/5 6049/1/5
f 6051/1/5 6022/1/5 6021/1/5
f 6052/1/5 6024/1/5 6023/1/5
f 6053/1/5 6037/1/5 6025/1/5
f 6053/1/5 6039/1/5 6038/1/5
f 6053/1/5 6038/1/5 6037/1/5
f 6054/1/5 6039/1/5 6053/1/5
f 6055/1/5 6039/1/5 6054/1/5
f 6056/1/5 6039/1/5 6055/1/5
f 6057/1/5 6040/1/5 6001/1/5
f 6057/1/5 6041/1/5 6040/1/5
f 6058/1/5 6004/1/5 6041/1/5
f 6058/1/5 6041/1/5 6057/1/5
f 6059/1/5 6006/1/5 6005/1/5
f 6060/1/5 6042/1/5 6007/1/5
f 6061/1/5 6010/1/5 6043/1/5
f 6062/1/5 6044/1/5 6011/1/5
f 6063/1/5 6016/1/5 6047/1/5
f 6064/1/5 6048/1/5 6017/1/5
f 6065/1/5 6050/1/5 6049/1/5
f 6065/1/5 6051/1/5 6050/1/5
f 6066/1/5 6022/1/5 6051/1/5
f 6066/1/5 6051/1/5 6065/1/5
f 6067/1/5 6052/1/5 6023/1/5
f 6067/1/5 6054/1/5 6053/1/5
f 6067/1/5 6053/1/5 6052/1/5
f 6068/1/5 6054/1/5 6067/1/5
f 6069/1/5 6000/1/5 5999/1/5
f 6070/1/5 6057/1/5 6001/1/5
f 6071/1/5 6060/1/5 6059/1/5
f 6071/1/5 6059/1/5 6005/1/5
f 6072/1/5 6042/1/5 6060/1/5
f 6072/1/5 6060/1/5 6071/1/5
f 6073/1/5 6062/1/5 6061/1/5
f 6073/1/5 6061/1/5 6043/1/5
f 6074/1/5 6044/1/5 6062/1/5
f 6074/1/5 6062/1/5 6073/1/5
f 6075/1/5 6031/1/5 6045/1/5
f 6076/1/5 6046/1/5 6032/1/5
f 6077/1/5 6064/1/5 6063/1/5
f 6077/1/5 6063/1/5 6047/1/5
f 6078/1/5 6048/1/5 6064/1/5
f 6078/1/5 6064/1/5 6077/1/5
f 6079/1/5 6022/1/5 6066/1/5
f 6080/1/5 6067/1/5 6023/1/5
f 6081/1/5 6056/1/5 6055/1/5
f 6084/1/5 6069/1/5 5999/1/5
f 6084/1/5 6070/1/5 6069/1/5
f 6085/1/5 6057/1/5 6070/1/5
f 6085/1/5 6070/1/5 6084/1/5
f 6086/1/5 6004/1/5 6058/1/5
f 6087/1/5 6071/1/5 6005/1/5
f 6088/1/5 6044/1/5 6074/1/5
f 6089/1/5 6076/1/5 6075/1/5
f 6089/1/5 6075/1/5 6045/1/5
f 6090/1/5 6076/1/5 6089/1/5
f 6091/1/5 6046/1/5 6076/1/5
f 6091/1/5 6076/1/5 6090/1/5
f 6092/1/5 6048/1/5 6078/1/5
f 6093/1/5 6065/1/5 6049/1/5
f 6094/1/5 6080/1/5 6079/1/5
f 6094/1/5 6079/1/5 6066/1/5
f 6095/1/5 6067/1/5 6080/1/5
f 6095/1/5 6080/1/5 6094/1/5
f 6096/1/5 6054/1/5 6068/1/5
f 6097/1/5 6081/1/5 6055/1/5
f 6097/1/5 6083/1/5 6082/1/5
f 6097/1/5 6082/1/5 6081/1/5
f 6098/1/5 6083/1/5 6097/1/5
f 6099/1/5 6083/1/5 6098/1/5
f 6100/1/5 6083/1/5 6099/1/5
f 6101/1/5 6087/1/5 6086/1/5
f 6101/1/5 6086/1/5 6058/1/5
f 6102/1/5 6071/1/5 6087/1/5
f 6102/1/5 6087/1/5 6101/1/5
f 6103/1/5 6042/1/5 6072/1/5
f 6104/1/5 6073/1/5 6043/1/5
f 6105/1/5 6088/1/5 6074/1/5
f 6105/1/5 6090/1/5 6089/1/5
f 6105/1/5 6089/1/5 6088/1/5
f 6106/1/5 6090/1/5 6105/1/5
f 6107/1/5 6046/1/5 6091/1/5
f 6108/1/5 6077/1/5 6047/1/5
f 6109/1/5 6092/1/5 6078/1/5
f 6109/1/5 6093/1/5 6092/1/5
f 6110/1/5 6065/1/5 6093/1/5
f 6110/1/5 6093/1/5 6109/1/5
f 6111/1/5 6065/1/5 6110/1/5
f 6112/1/5 6094/1/5 6066/1/5
f 6113/1/5 6067/1/5 6095/1/5
f 6114/1/5 6096/1/5 6068/1/5
f 6114/1/5 6098/1/5 6097/1/5
f 6114/1/5 6097/1/5 6096/1/5
f 6115/1/5 6098/1/5 6114/1/5
f 6116/1/5 6098/1/5 6115/1/5
f 6117/1/5 6100/1/5 6099/1/5
f 6120/1/5 6104/1/5 6103/1/5
f 6120/1/5 6103/1/5 6072/1/5
f 6121/1/5 6073/1/5 6104/1/5
f 6121/1/5 6104/1/5 6120/1/5
f 6122/1/5 6108/1/5 6107/1/5
f 6122/1/5 6107/1/5 6091/1/5
f 6123/1/5 6077/1/5 6108/1/5
f 6123/1/5 6108/1/5 6122/1/5
f 6124/1/5 6111/1/5 6110/1/5
f 6124/1/5 6112/1/5 6111/1/5
f 6125/1/5 6094/1/5 6112/1/5
f 6125/1/5 6112/1/5 6124/1/5
f 6126/1/5 6113/1/5 6095/1/5
f 6126/1/5 6115/1/5 6114/1/5
f 6126/1/5 6114/1/5 6113/1/5
f 6127/1/5 6115/1/5 6126/1/5
f 6128/1/5 6117/1/5 6099/1/5
f 6128/1/5 6119/1/5 6118/1/5
f 6128/1/5 6118/1/5 6117/1/5
f 6129/1/5 6119/1/5 6128/1/5
f 6132/1/5 6131/1/5 6130/1/5
f 6133/1/5 6057/1/5 6085/1/5
f 6134/1/5 6101/1/5 6058/1/5
f 6135/1/5 6101/1/5 6134/1/5
f 6136/1/5 6071/1/5 6102/1/5
f 6137/1/5 6071/1/5 6136/1/5
f 6138/1/5 6120/1/5 6072/1/5
f 6139/1/5 6120/1/5 6138/1/5
f 6140/1/5 6073/1/5 6121/1/5
f 6141/1/5 6073/1/5 6140/1/5
f 6142/1/5 6105/1/5 6074/1/5
f 6143/1/5 6105/1/5 6142/1/5
f 6144/1/5 6090/1/5 6106/1/5
f 6145/1/5 6090/1/5 6144/1/5
f 6146/1/5 6122/1/5 6091/1/5
f 6147/1/5 6122/1/5 6146/1/5
f 6148/1/5 6077/1/5 6123/1/5
f 6149/1/5 6077/1/5 6148/1/5
f 6150/1/5 6109/1/5 6078/1/5
f 6151/1/5 6109/1/5 6150/1/5
f 6152/1/5 6124/1/5 6110/1/5
f 6153/1/5 6124/1/5 6152/1/5
f 6154/1/5 6094/1/5 6125/1/5
f 6155/1/5 6094/1/5 6154/1/5
f 6156/1/5 6126/1/5 6095/1/5
f 6157/1/5 6126/1/5 6156/1/5
f 6158/1/5 6115/1/5 6127/1/5
f 6159/1/5 6115/1/5 6158/1/5
f 6160/1/5 6098/1/5 6116/1/5
f 6161/1/5 6098/1/5 6160/1/5
f 6162/1/5 6128/1/5 6099/1/5
f 6163/1/5 6128/1/5 6162/1/5
f 6164/1/5 6119/1/5 6129/1/5
f 6165/1/5 6119/1/5 6164/1/5
f 6166/1/5 6132/1/5 6130/1/5
f 6167/1/5 6132/1/5 6166/1/5
f 6170/1/5 6084/1/5 5999/1/5
f 6171/1/5 6084/1/5 6170/1/5
f 6172/1/5 6143/1/5 6142/1/5
f 6172/1/5 6168/1/5 6167/1/5
f 6172/1/5 6164/1/5 6163/1/5
f 6172/1/5 6162/1/5 6161/1/5
f 6172/1/5 6163/1/5 6162/1/5
f 6172/1/5 6160/1/5 6159/1/5
f 6172/1/5 6153/1/5 6152/1/5
f 6172/1/5 6158/1/5 6157/1/5
f 6172/1/5 6167/1/5 6166/1/5
f 6172/1/5 6156/1/5 6155/1/5
f 6172/1/5 6157/1/5 6156/1/5
f 6172/1/5 6154/1/5 6153/1/5
f 6172/1/5 6161/1/5 6160/1/5
f 6172/1/5 6152/1/5 6151/1/5
f 6172/1/5 6147/1/5 6146/1/5
f 6172/1/5 6150/1/5 6149/1/5
f 6172/1/5 6141/1/5 6140/1/5
f 6172/1/5 6148/1/5 6147/1/5
f 6172/1/5 6139/1/5 6138/1/5
f 6172/1/5 6146/1/5 6145/1/5
f 6172/1/5 6166/1/5 6165/1/5
f 6172/1/5 6144/1/5 6143/1/5
f 6172/1/5 6135/1/5 6134/1/5
f 6172/1/5 6142/1/5 6141/1/5
f 6172/1/5 6145/1/5 6144/1/5
f 6172/1/5 6140/1/5 6139/1/5
f 6172/1/5 6159/1/5 6158/1/5
f 6172/1/5 6138/1/5 6137/1/5
f 6172/1/5 6149/1/5 6148/1/5
f 6172/1/5 6136/1/5 6135/1/5
f 6172/1/5 6155/1/5 6154/1/5
f 6172/1/5 6134/1/5 6133/1/5
f 6172/1/5 6169/1/5 6168/1/5
f 6172/1/5 6165/1/5 6164/1/5
f 6172/1/5 6133/1/5 6085/1/5
f 6172/1/5 6137/1/5 6136/1/5
f 6172/1/5 6151/1/5 6150/1/5
f 6173/1/5 6169/1/5 6172/1/5
f 6214/2/5 6213/2/5 6212/2/5
f 6215/2/5 6213/2/5 6214/2/5
f 6216/2/5 6185/2/5 6184/2/5
f 6217/2/5 6185/2/5 6216/2/5
f 6218/2/5 6193/2/5 6192/2/5
f 6219/2/5 6193/2/5 6218/2/5
f 6220/2/5 6199/2/5 6198/2/5
f 6221/2/5 6199/2/5 6220/2/5
f 6222/2/5 6203/2/5 6202/2/5
f 6223/2/5 6203/2/5 6222/2/5
f 6224/2/5 6209/2/5 6208/2/5
f 6225/2/5 6209/2/5 6224/2/5
f 6226/2/5 6211/2/5 6210/2/5
f 6227/2/5 6177/2/5 6176/2/5
f 6228/2/5 6177/2/5 6227/2/5
f 6229/2/5 6181/2/5 6180/2/5
f 6230/2/5 6181/2/5 6229/2/5
f 6233/2/5 6189/2/5 6188/2/5
f 6234/2/5 6189/2/5 6233/2/5
f 6237/2/5 6197/2/5 6196/2/5
f 6238/2/5 6197/2/5 6237/2/5
f 6243/2/5 6205/2/5 6204/2/5
f 6244/2/5 6205/2/5 6243/2/5
f 6247/2/5 6226/2/5 6210/2/5
f 6248/2/5 6226/2/5 6247/2/5
f 6255/2/5 6191/2/5 6190/2/5
f 6256/2/5 6191/2/5 6255/2/5
f 6259/2/5 6201/2/5 6200/2/5
f 6260/2/5 6201/2/5 6259/2/5
f 6263/2/5 6207/2/5 6206/2/5
f 6264/2/5 6207/2/5 6263/2/5
f 6265/2/5 6246/2/5 6245/2/5
f 6266/2/5 6246/2/5 6265/2/5
f 6267/2/5 6246/2/5 6266/2/5
f 6268/2/5 6226/2/5 6248/2/5
f 6269/2/5 6226/2/5 6268/2/5
f 6270/2/5 6183/2/5 6182/2/5
f 6271/2/5 6183/2/5 6270/2/5
f 6272/2/5 6187/2/5 6186/2/5
f 6273/2/5 6187/2/5 6272/2/5
f 6276/2/5 6195/2/5 6194/2/5
f 6277/2/5 6195/2/5 6276/2/5
f 6282/2/5 6179/2/5 6178/2/5
f 6283/2/5 6179/2/5 6282/2/5
f 6290/2/5 6240/2/5 6239/2/5
f 6291/2/5 6240/2/5 6290/2/5
f 6292/2/5 6242/2/5 6241/2/5
f 6293/2/5 6242/2/5 6292/2/5
f 6294/2/5 6281/2/5 6280/2/5
f 6295/2/5 6281/2/5 6294/2/5
f 6296/2/5 6250/2/5 6249/2/5
f 6297/2/5 6250/2/5 6296/2/5
f 6300/2/5 6232/2/5 6231/2/5
f 6301/2/5 6232/2/5 6300/2/5
f 6302/2/5 6254/2/5 6253/2/5
f 6303/2/5 6254/2/5 6302/2/5
f 6304/2/5 6236/2/5 6235/2/5
f 6305/2/5 6236/2/5 6304/2/5
f 6306/2/5 6258/2/5 6257/2/5
f 6307/2/5 6258/2/5 6306/2/5
f 6312/2/5 6262/2/5 6261/2/5
f 6313/2/5 6262/2/5 6312/2/5
f 6314/2/5 6294/2/5 6280/2/5
f 6315/2/5 6294/2/5 6314/2/5
f 6322/2/5 6275/2/5 6274/2/5
f 6323/2/5 6275/2/5 6322/2/5
f 6330/2/5 6317/2/5 6316/2/5
f 6331/2/5 6317/2/5 6330/2/5
f 6332/2/5 6299/2/5 6298/2/5
f 6333/2/5 6299/2/5 6332/2/5
f 6334/2/5 6299/2/5 6333/2/5
f 6335/2/5 6252/2/5 6251/2/5
f 6336/2/5 6252/2/5 6335/2/5
f 6337/2/5 6252/2/5 6336/2/5
f 6338/2/5 6285/2/5 6284/2/5
f 6339/2/5 6285/2/5 6338/2/5
f 6340/2/5 6319/2/5 6318/2/5
f 6341/2/5 6319/2/5 6340/2/5
f 6342/2/5 6287/2/5 6286/2/5
f 6343/2/5 6287/2/5 6342/2/5
f 6344/2/5 6287/2/5 6343/2/5
f 6345/2/5 6321/2/5 6320/2/5
f 6346/2/5 6321/2/5 6345/2/5
f 6347/2/5 6321/2/5 6346/2/5
f 6348/2/5 6325/2/5 6324/2/5
f 6349/2/5 6325/2/5 6348/2/5
f 6350/2/5 6325/2/5 6349/2/5
f 6351/2/5 6289/2/5 6288/2/5
f 6352/2/5 6289/2/5 6351/2/5
f 6353/2/5 6289/2/5 6352/2/5
f 6354/2/5 6327/2/5 6326/2/5
f 6355/2/5 6327/2/5 6354/2/5
f 6356/2/5 6309/2/5 6308/2/5
f 6357/2/5 6309/2/5 6356/2/5
f 6358/2/5 6309/2/5 6357/2/5
f 6359/2/5 6279/2/5 6278/2/5
f 6360/2/5 6279/2/5 6359/2/5
f 6361/2/5 6279/2/5 6360/2/5
f 6362/2/5 6311/2/5 6310/2/5
f 6363/2/5 6311/2/5 6362/2/5
f 6364/2/5 6329/2/5 6328/2/5
f 6365/2/5 6329/2/5 6364/2/5
f 6404/2/5 6369/2/5 6368/2/5
f 6404/2/5 6370/2/5 6369/2/5
f 6405/2/5 6370/2/5 6404/2/5
f 6406/2/5 6375/2/5 6374/2/5
f 6407/2/5 6375/2/5 6406/2/5
f 6408/2/5 6379/2/5 6378/2/5
f 6408/2/5 6380/2/5 6379/2/5
f 6409/2/5 6380/2/5 6408/2/5
f 6410/2/5 6390/2/5 6389/2/5
f 6410/2/5 6391/2/5 6390/2/5
f 6411/2/5 6391/2/5 6410/2/5
f 6412/2/5 6403/2/5 6402/2/5
f 6423/2/5 6367/2/5 6366/2/5
f 6424/2/5 6367/2/5 6423/2/5
f 6425/2/5 6372/2/5 6371/2/5
f 6425/2/5 6373/2/5 6372/2/5
f 6426/2/5 6373/2/5 6425/2/5
f 6427/2/5 6377/2/5 6376/2/5
f 6428/2/5 6377/2/5 6427/2/5
f 6429/2/5 6385/2/5 6384/2/5
f 6430/2/5 6385/2/5 6429/2/5
f 6431/2/5 6395/2/5 6394/2/5
f 6431/2/5 6396/2/5 6395/2/5
f 6432/2/5 6396/2/5 6431/2/5
f 6433/2/5 6401/2/5 6400/2/5
f 6434/2/5 6401/2/5 6433/2/5
f 6435/2/5 6422/2/5 6421/2/5
f 6445/2/5 6393/2/5 6392/2/5
f 6446/2/5 6393/2/5 6445/2/5
f 6451/2/5 6436/2/5 6435/2/5
f 6452/2/5 6382/2/5 6381/2/5
f 6452/2/5 6383/2/5 6382/2/5
f 6453/2/5 6383/2/5 6452/2/5
f 6454/2/5 6387/2/5 6386/2/5
f 6454/2/5 6388/2/5 6387/2/5
f 6455/2/5 6388/2/5 6454/2/5
f 6463/2/5 6414/2/5 6413/2/5
f 6464/2/5 6414/2/5 6463/2/5
f 6465/2/5 6416/2/5 6415/2/5
f 6466/2/5 6416/2/5 6465/2/5
f 6467/2/5 6418/2/5 6417/2/5
f 6468/2/5 6418/2/5 6467/2/5
f 6473/2/5 6420/2/5 6419/2/5
f 6474/2/5 6420/2/5 6473/2/5
f 6475/2/5 6398/2/5 6397/2/5
f 6475/2/5 6399/2/5 6398/2/5
f 6476/2/5 6399/2/5 6475/2/5
f 6477/2/5 6412/2/5 6402/2/5
f 6478/2/5 6412/2/5 6477/2/5
f 6479/2/5 6435/2/5 6421/2/5
f 6479/2/5 6451/2/5 6435/2/5
f 6480/2/5 6451/2/5 6479/2/5
f 6481/2/5 6460/2/5 6459/2/5
f 6481/2/5 6459/2/5 6458/2/5
f 6483/2/5 6462/2/5 6461/2/5
f 6488/2/5 6442/2/5 6441/2/5
f 6489/2/5 6470/2/5 6469/2/5
f 6490/2/5 6470/2/5 6489/2/5
f 6491/2/5 6444/2/5 6443/2/5
f 6492/2/5 6444/2/5 6491/2/5
f 6493/2/5 6472/2/5 6471/2/5
f 6494/2/5 6472/2/5 6493/2/5
f 6495/2/5 6457/2/5 6456/2/5
f 6502/2/5 6483/2/5 6482/2/5
f 6502/2/5 6462/2/5 6483/2/5
f 6503/2/5 6438/2/5 6437/2/5
f 6504/2/5 6438/2/5 6503/2/5
f 6505/2/5 6440/2/5 6439/2/5
f 6506/2/5 6440/2/5 6505/2/5
f 6507/2/5 6488/2/5 6441/2/5
f 6508/2/5 6488/2/5 6507/2/5
f 6509/2/5 6488/2/5 6508/2/5
f 6510/2/5 6457/2/5 6495/2/5
f 6511/2/5 6457/2/5 6510/2/5
f 6512/2/5 6502/2/5 6482/2/5
f 6513/2/5 6502/2/5 6512/2/5
f 6518/2/5 6448/2/5 6447/2/5
f 6519/2/5 6448/2/5 6518/2/5
f 6520/2/5 6450/2/5 6449/2/5
f 6521/2/5 6450/2/5 6520/2/5
f 6522/2/5 6481/2/5 6458/2/5
f 6523/2/5 6481/2/5 6522/2/5
f 6528/2/5 6448/2/5 6519/2/5
f 6529/2/5 6448/2/5 6528/2/5
f 6530/2/5 6497/2/5 6496/2/5
f 6533/2/5 6499/2/5 6498/2/5
f 6534/2/5 6499/2/5 6533/2/5
f 6537/2/5 6485/2/5 6484/2/5
f 6538/2/5 6485/2/5 6537/2/5
f 6539/2/5 6487/2/5 6486/2/5
f 6540/2/5 6487/2/5 6539/2/5
f 6541/2/5 6497/2/5 6530/2/5
f 6542/2/5 6497/2/5 6541/2/5
f 6547/2/5 6517/2/5 6516/2/5
f 6548/2/5 6517/2/5 6547/2/5
f 6551/2/5 6497/2/5 6542/2/5
f 6552/2/5 6497/2/5 6551/2/5
f 6553/2/5 6501/2/5 6500/2/5
f 6554/2/5 6501/2/5 6553/2/5
f 6555/2/5 6525/2/5 6524/2/5
f 6556/2/5 6525/2/5 6555/2/5
f 6557/2/5 6527/2/5 6526/2/5
f 6558/2/5 6527/2/5 6557/2/5
f 6569/2/5 6515/2/5 6514/2/5
f 6570/2/5 6515/2/5 6569/2/5
f 6572/2/5 6562/2/5 6561/2/5
f 6573/2/5 6536/2/5 6535/2/5
f 6574/2/5 6536/2/5 6573/2/5
f 6579/2/5 6572/2/5 6571/2/5
f 6582/2/5 6550/2/5 6549/2/5
f 6583/2/5 6550/2/5 6582/2/5
f 6587/2/5 6578/2/5 6577/2/5
f 6588/2/5 6532/2/5 6531/2/5
f 6589/2/5 6532/2/5 6588/2/5
f 6590/2/5 6564/2/5 6563/2/5
f 6591/2/5 6564/2/5 6590/2/5
f 6592/2/5 6566/2/5 6565/2/5
f 6593/2/5 6566/2/5 6592/2/5
f 6594/2/5 6546/2/5 6545/2/5
f 6595/2/5 6546/2/5 6594/2/5
f 6598/2/5 6585/2/5 6584/2/5
f 6608/2/5 6568/2/5 6567/2/5
f 6609/2/5 6568/2/5 6608/2/5
f 6610/2/5 6576/2/5 6575/2/5
f 6611/2/5 6576/2/5 6610/2/5
f 6614/2/5 6560/2/5 6559/2/5
f 6615/2/5 6560/2/5 6614/2/5
f 6616/2/5 6598/2/5 6584/2/5
f 6616/2/5 6599/2/5 6598/2/5
f 6617/2/5 6599/2/5 6616/2/5
f 6624/2/5 6601/2/5 6600/2/5
f 6625/2/5 6601/2/5 6624/2/5
f 6626/2/5 6572/2/5 6579/2/5
f 6627/2/5 6562/2/5 6572/2/5
f 6627/2/5 6572/2/5 6626/2/5
f 6628/2/5 6544/2/5 6543/2/5
f 6629/2/5 6544/2/5 6628/2/5
f 6630/2/5 6581/2/5 6580/2/5
f 6631/2/5 6581/2/5 6630/2/5
f 6632/2/5 6607/2/5 6606/2/5
f 6651/2/5 6632/2/5 6606/2/5
f 6652/2/5 6632/2/5 6651/2/5
f 6653/2/5 6650/2/5 6649/2/5
f 6654/2/5 6650/2/5 6653/2/5
f 6655/2/5 6650/2/5 6654/2/5
f 6656/2/5 6632/2/5 6652/2/5
f 6657/2/5 6632/2/5 6656/2/5
f 6658/2/5 6636/2/5 6635/2/5
f 6659/2/5 6636/2/5 6658/2/5
f 6660/2/5 6621/2/5 6620/2/5
f 6661/2/5 6621/2/5 6660/2/5
f 6662/2/5 6587/2/5 6586/2/5
f 6663/2/5 6578/2/5 6587/2/5
f 6663/2/5 6587/2/5 6662/2/5
f 6664/2/5 6605/2/5 6604/2/5
f 6665/2/5 6634/2/5 6633/2/5
f 6666/2/5 6634/2/5 6665/2/5
f 6669/2/5 6597/2/5 6596/2/5
f 6670/2/5 6597/2/5 6669/2/5
f 6673/2/5 6623/2/5 6622/2/5
f 6674/2/5 6623/2/5 6673/2/5
f 6677/2/5 6603/2/5 6602/2/5
f 6678/2/5 6603/2/5 6677/2/5
f 6679/2/5 6664/2/5 6604/2/5
f 6680/2/5 6664/2/5 6679/2/5
f 6683/2/5 6613/2/5 6612/2/5
f 6684/2/5 6613/2/5 6683/2/5
f 6687/2/5 6619/2/5 6618/2/5
f 6688/2/5 6619/2/5 6687/2/5
f 6693/2/5 6679/2/5 6604/2/5
f 6694/2/5 6679/2/5 6693/2/5
f 6699/2/5 6648/2/5 6647/2/5
f 6700/2/5 6682/2/5 6681/2/5
f 6701/2/5 6682/2/5 6700/2/5
f 6702/2/5 6696/2/5 6695/2/5
f 6703/2/5 6696/2/5 6702/2/5
f 6704/2/5 6696/2/5 6703/2/5
f 6705/2/5 6668/2/5 6667/2/5
f 6706/2/5 6668/2/5 6705/2/5
f 6707/2/5 6668/2/5 6706/2/5
f 6708/2/5 6686/2/5 6685/2/5
f 6709/2/5 6686/2/5 6708/2/5
f 6710/2/5 6638/2/5 6637/2/5
f 6711/2/5 6638/2/5 6710/2/5
f 6712/2/5 6640/2/5 6639/2/5
f 6713/2/5 6640/2/5 6712/2/5
f 6714/2/5 6640/2/5 6713/2/5
f 6715/2/5 6642/2/5 6641/2/5
f 6716/2/5 6642/2/5 6715/2/5
f 6717/2/5 6642/2/5 6716/2/5
f 6718/2/5 6698/2/5 6697/2/5
f 6719/2/5 6698/2/5 6718/2/5
f 6720/2/5 6672/2/5 6671/2/5
f 6721/2/5 6672/2/5 6720/2/5
f 6722/2/5 6672/2/5 6721/2/5
f 6723/2/5 6690/2/5 6689/2/5
f 6724/2/5 6690/2/5 6723/2/5
f 6725/2/5 6690/2/5 6724/2/5
f 6726/2/5 6644/2/5 6643/2/5
f 6727/2/5 6644/2/5 6726/2/5
f 6728/2/5 6676/2/5 6675/2/5
f 6729/2/5 6676/2/5 6728/2/5
f 6730/2/5 6676/2/5 6729/2/5
f 6731/2/5 6646/2/5 6645/2/5
f 6732/2/5 6646/2/5 6731/2/5
f 6733/2/5 6646/2/5 6732/2/5
f 6734/2/5 6692/2/5 6691/2/5
f 6735/2/5 6692/2/5 6734/2/5
f 6736/2/5 6699/2/5 6647/2/5
f 6737/2/5 6699/2/5 6736/2/5
f 6776/2/5 6741/2/5 6740/2/5
f 6776/2/5 6742/2/5 6741/2/5
f 6777/2/5 6742/2/5 6776/2/5
f 6778/2/5 6757/2/5 6756/2/5
f 6779/2/5 6757/2/5 6778/2/5
f 6780/2/5 6775/2/5 6774/2/5
f 6781/2/5 6739/2/5 6738/2/5
f 6782/2/5 6739/2/5 6781/2/5
f 6785/2/5 6747/2/5 6746/2/5
f 6786/2/5 6747/2/5 6785/2/5
f 6789/2/5 6762/2/5 6761/2/5
f 6789/2/5 6763/2/5 6762/2/5
f 6790/2/5 6763/2/5 6789/2/5
f 6791/2/5 6773/2/5 6772/2/5
f 6792/2/5 6773/2/5 6791/2/5
f 6797/2/5 6744/2/5 6743/2/5
f 6797/2/5 6745/2/5 6744/2/5
f 6798/2/5 6745/2/5 6797/2/5
f 6801/2/5 6759/2/5 6758/2/5
f 6801/2/5 6760/2/5 6759/2/5
f 6802/2/5 6760/2/5 6801/2/5
f 6805/2/5 6767/2/5 6766/2/5
f 6805/2/5 6768/2/5 6767/2/5
f 6806/2/5 6768/2/5 6805/2/5
f 6809/2/5 6794/2/5 6793/2/5
f 6817/2/5 6810/2/5 6809/2/5
f 6823/2/5 6796/2/5 6795/2/5
f 6824/2/5 6796/2/5 6823/2/5
f 6825/2/5 6812/2/5 6811/2/5
f 6826/2/5 6812/2/5 6825/2/5
f 6827/2/5 6749/2/5 6748/2/5
f 6828/2/5 6749/2/5 6827/2/5
f 6829/2/5 6751/2/5 6750/2/5
f 6829/2/5 6752/2/5 6751/2/5
f 6830/2/5 6752/2/5 6829/2/5
f 6831/2/5 6754/2/5 6753/2/5
f 6831/2/5 6755/2/5 6754/2/5
f 6832/2/5 6755/2/5 6831/2/5
f 6833/2/5 6765/2/5 6764/2/5
f 6834/2/5 6765/2/5 6833/2/5
f 6835/2/5 6770/2/5 6769/2/5
f 6835/2/5 6771/2/5 6770/2/5
f 6836/2/5 6771/2/5 6835/2/5
f 6837/2/5 6780/2/5 6774/2/5
f 6838/2/5 6780/2/5 6837/2/5
f 6839/2/5 6819/2/5 6818/2/5
f 6839/2/5 6820/2/5 6819/2/5
f 6840/2/5 6820/2/5 6839/2/5
f 6842/2/5 6822/2/5 6821/2/5
f 6845/2/5 6784/2/5 6783/2/5
f 6846/2/5 6784/2/5 6845/2/5
f 6851/2/5 6788/2/5 6787/2/5
f 6852/2/5 6788/2/5 6851/2/5
f 6853/2/5 6814/2/5 6813/2/5
f 6854/2/5 6814/2/5 6853/2/5
f 6855/2/5 6804/2/5 6803/2/5
f 6856/2/5 6804/2/5 6855/2/5
f 6865/2/5 6842/2/5 6841/2/5
f 6865/2/5 6822/2/5 6842/2/5
f 6868/2/5 6800/2/5 6799/2/5
f 6869/2/5 6800/2/5 6868/2/5
f 6870/2/5 6850/2/5 6849/2/5
f 6871/2/5 6850/2/5 6870/2/5
f 6872/2/5 6858/2/5 6857/2/5
f 6873/2/5 6858/2/5 6872/2/5
f 6874/2/5 6808/2/5 6807/2/5
f 6875/2/5 6808/2/5 6874/2/5
f 6876/2/5 6817/2/5 6809/2/5
f 6876/2/5 6809/2/5 6793/2/5
f 6877/2/5 6817/2/5 6876/2/5
f 6878/2/5 6865/2/5 6841/2/5
f 6879/2/5 6865/2/5 6878/2/5
f 6884/2/5 6870/2/5 6849/2/5
f 6885/2/5 6870/2/5 6884/2/5
f 6886/2/5 6816/2/5 6815/2/5
f 6887/2/5 6816/2/5 6886/2/5
f 6894/2/5 6844/2/5 6843/2/5
f 6895/2/5 6844/2/5 6894/2/5
f 6896/2/5 6816/2/5 6887/2/5
f 6897/2/5 6816/2/5 6896/2/5
f 6898/2/5 6860/2/5 6859/2/5
f 6899/2/5 6864/2/5 6863/2/5
f 6900/2/5 6864/2/5 6899/2/5
f 6903/2/5 6860/2/5 6898/2/5
f 6904/2/5 6860/2/5 6903/2/5
f 6907/2/5 6848/2/5 6847/2/5
f 6908/2/5 6848/2/5 6907/2/5
f 6909/2/5 6860/2/5 6904/2/5
f 6910/2/5 6860/2/5 6909/2/5
f 6911/2/5 6891/2/5 6890/2/5
f 6912/2/5 6891/2/5 6911/2/5
f 6913/2/5 6893/2/5 6892/2/5
f 6914/2/5 6893/2/5 6913/2/5
f 6915/2/5 6881/2/5 6880/2/5
f 6916/2/5 6881/2/5 6915/2/5
f 6917/2/5 6867/2/5 6866/2/5
f 6918/2/5 6867/2/5 6917/2/5
f 6921/2/5 6883/2/5 6882/2/5
f 6922/2/5 6883/2/5 6921/2/5
f 6936/2/5 6924/2/5 6923/2/5
f 6937/2/5 6862/2/5 6861/2/5
f 6938/2/5 6862/2/5 6937/2/5
f 6941/2/5 6936/2/5 6935/2/5
f 6942/2/5 6889/2/5 6888/2/5
f 6943/2/5 6889/2/5 6942/2/5
f 6946/2/5 6906/2/5 6905/2/5
f 6947/2/5 6906/2/5 6946/2/5
f 6948/2/5 6902/2/5 6901/2/5
f 6949/2/5 6902/2/5 6948/2/5
f 6950/2/5 6920/2/5 6919/2/5
f 6951/2/5 6920/2/5 6950/2/5
f 6955/2/5 6940/2/5 6939/2/5
f 6960/2/5 6928/2/5 6927/2/5
f 6961/2/5 6928/2/5 6960/2/5
f 6962/2/5 6930/2/5 6929/2/5
f 6963/2/5 6930/2/5 6962/2/5
f 6968/2/5 6953/2/5 6952/2/5
f 6974/2/5 6932/2/5 6931/2/5
f 6975/2/5 6932/2/5 6974/2/5
f 6976/2/5 6934/2/5 6933/2/5
f 6977/2/5 6934/2/5 6976/2/5
f 6978/2/5 6969/2/5 6968/2/5
f 6985/2/5 6971/2/5 6970/2/5
f 6986/2/5 6936/2/5 6941/2/5
f 6987/2/5 6924/2/5 6936/2/5
f 6987/2/5 6936/2/5 6986/2/5
f 6988/2/5 6945/2/5 6944/2/5
f 6989/2/5 6945/2/5 6988/2/5
f 6990/2/5 6926/2/5 6925/2/5
f 6991/2/5 6926/2/5 6990/2/5
f 6992/2/5 6973/2/5 6972/2/5
f 6999/2/5 6980/2/5 6979/2/5
f 7000/2/5 6980/2/5 6999/2/5
f 7001/2/5 6984/2/5 6983/2/5
f 7002/2/5 6984/2/5 7001/2/5
f 7011/2/5 6959/2/5 6958/2/5
f 7012/2/5 6992/2/5 6972/2/5
f 7013/2/5 6992/2/5 7012/2/5
f 7018/2/5 6971/2/5 6985/2/5
f 7019/2/5 6971/2/5 7018/2/5
f 7020/2/5 7011/2/5 6958/2/5
f 7021/2/5 7011/2/5 7020/2/5
f 7022/2/5 7011/2/5 7021/2/5
f 7023/2/5 6992/2/5 7013/2/5
f 7024/2/5 6992/2/5 7023/2/5
f 7025/2/5 6965/2/5 6964/2/5
f 7026/2/5 6965/2/5 7025/2/5
f 7027/2/5 6967/2/5 6966/2/5
f 7028/2/5 6967/2/5 7027/2/5
f 7029/2/5 6968/2/5 6952/2/5
f 7029/2/5 6978/2/5 6968/2/5
f 7030/2/5 6978/2/5 7029/2/5
f 7031/2/5 6982/2/5 6981/2/5
f 7032/2/5 6982/2/5 7031/2/5
f 7035/2/5 6955/2/5 6954/2/5
f 7036/2/5 6940/2/5 6955/2/5
f 7036/2/5 6955/2/5 7035/2/5
f 7037/2/5 6957/2/5 6956/2/5
f 7038/2/5 6957/2/5 7037/2/5
f 7039/2/5 7010/2/5 7009/2/5
f 7052/2/5 7039/2/5 7009/2/5
f 7053/2/5 7039/2/5 7052/2/5
f 7054/2/5 6994/2/5 6993/2/5
f 7055/2/5 6994/2/5 7054/2/5
f 7056/2/5 6996/2/5 6995/2/5
f 7057/2/5 6996/2/5 7056/2/5
f 7058/2/5 6998/2/5 6997/2/5
f 7059/2/5 6998/2/5 7058/2/5
f 7060/2/5 7004/2/5 7003/2/5
f 7061/2/5 7004/2/5 7060/2/5
f 7062/2/5 7052/2/5 7009/2/5
f 7063/2/5 7052/2/5 7062/2/5
f 7072/2/5 7008/2/5 7007/2/5
f 7073/2/5 7041/2/5 7040/2/5
f 7074/2/5 7041/2/5 7073/2/5
f 7075/2/5 7065/2/5 7064/2/5
f 7076/2/5 7065/2/5 7075/2/5
f 7077/2/5 7065/2/5 7076/2/5
f 7078/2/5 7043/2/5 7042/2/5
f 7079/2/5 7043/2/5 7078/2/5
f 7080/2/5 7043/2/5 7079/2/5
f 7081/2/5 7067/2/5 7066/2/5
f 7082/2/5 7067/2/5 7081/2/5
f 7083/2/5 7045/2/5 7044/2/5
f 7084/2/5 7045/2/5 7083/2/5
f 7085/2/5 7069/2/5 7068/2/5
f 7086/2/5 7069/2/5 7085/2/5
f 7087/2/5 7069/2/5 7086/2/5
f 7088/2/5 7015/2/5 7014/2/5
f 7089/2/5 7015/2/5 7088/2/5
f 7090/2/5 7015/2/5 7089/2/5
f 7091/2/5 7047/2/5 7046/2/5
f 7092/2/5 7047/2/5 7091/2/5
f 7093/2/5 7017/2/5 7016/2/5
f 7094/2/5 7017/2/5 7093/2/5
f 7095/2/5 7017/2/5 7094/2/5
f 7096/2/5 7071/2/5 7070/2/5
f 7097/2/5 7071/2/5 7096/2/5
f 7098/2/5 7071/2/5 7097/2/5
f 7099/2/5 7034/2/5 7033/2/5
f 7100/2/5 7034/2/5 7099/2/5
f 7101/2/5 7049/2/5 7048/2/5
f 7102/2/5 7049/2/5 7101/2/5
f 7103/2/5 7049/2/5 7102/2/5
f 7104/2/5 7006/2/5 7005/2/5
f 7105/2/5 7006/2/5 7104/2/5
f 7106/2/5 7006/2/5 7105/2/5
f 7107/2/5 7051/2/5 7050/2/5
f 7108/2/5 7051/2/5 7107/2/5
f 7109/2/5 7072/2/5 7007/2/5
f 7110/2/5 7072/2/5 7109/2/5
f 7147/2/5 7122/2/5 7121/2/5
f 7148/2/5 7122/2/5 7147/2/5
f 7149/2/5 7127/2/5 7126/2/5
f 7149/2/5 7128/2/5 7127/2/5
f 7150/2/5 7128/2/5 7149/2/5
f 7153/2/5 7130/2/5 7129/2/5
f 7153/2/5 7131/2/5 7130/2/5
f 7154/2/5 7131/2/5 7153/2/5
f 7155/2/5 7136/2/5 7135/2/5
f 7156/2/5 7136/2/5 7155/2/5
f 7157/2/5 7146/2/5 7145/2/5
f 7158/2/5 7146/2/5 7157/2/5
f 7159/2/5 7114/2/5 7113/2/5
f 7159/2/5 7115/2/5 7114/2/5
f 7160/2/5 7115/2/5 7159/2/5
f 7169/2/5 7138/2/5 7137/2/5
f 7169/2/5 7139/2/5 7138/2/5
f 7170/2/5 7139/2/5 7169/2/5
f 7171/2/5 7144/2/5 7143/2/5
f 7172/2/5 7144/2/5 7171/2/5
f 7179/2/5 7120/2/5 7119/2/5
f 7180/2/5 7120/2/5 7179/2/5
f 7181/2/5 7124/2/5 7123/2/5
f 7181/2/5 7125/2/5 7124/2/5
f 7182/2/5 7125/2/5 7181/2/5
f 7183/2/5 7133/2/5 7132/2/5
f 7183/2/5 7134/2/5 7133/2/5
f 7184/2/5 7134/2/5 7183/2/5
f 7189/2/5 7176/2/5 7175/2/5
f 7191/2/5 7112/2/5 7111/2/5
f 7192/2/5 7112/2/5 7191/2/5
f 7197/2/5 7152/2/5 7151/2/5
f 7198/2/5 7152/2/5 7197/2/5
f 7201/2/5 7141/2/5 7140/2/5
f 7201/2/5 7142/2/5 7141/2/5
f 7202/2/5 7142/2/5 7201/2/5
f 7203/2/5 7189/2/5 7175/2/5
f 7203/2/5 7190/2/5 7189/2/5
f 7204/2/5 7190/2/5 7203/2/5
f 7207/2/5 7117/2/5 7116/2/5
f 7207/2/5 7118/2/5 7117/2/5
f 7208/2/5 7118/2/5 7207/2/5
f 7209/2/5 7164/2/5 7163/2/5
f 7210/2/5 7164/2/5 7209/2/5
f 7213/2/5 7168/2/5 7167/2/5
f 7214/2/5 7168/2/5 7213/2/5
f 7217/2/5 7174/2/5 7173/2/5
f 7218/2/5 7174/2/5 7217/2/5
f 7228/2/5 7162/2/5 7161/2/5
f 7229/2/5 7162/2/5 7228/2/5
f 7232/2/5 7166/2/5 7165/2/5
f 7233/2/5 7166/2/5 7232/2/5
f 7236/2/5 7186/2/5 7185/2/5
f 7237/2/5 7186/2/5 7236/2/5
f 7238/2/5 7188/2/5 7187/2/5
f 7239/2/5 7188/2/5 7238/2/5
f 7242/2/5 7223/2/5 7222/2/5
f 7242/2/5 7222/2/5 7221/2/5
f 7243/2/5 7223/2/5 7242/2/5
f 7245/2/5 7225/2/5 7224/2/5
f 7256/2/5 7245/2/5 7244/2/5
f 7256/2/5 7225/2/5 7245/2/5
f 7259/2/5 7178/2/5 7177/2/5
f 7260/2/5 7178/2/5 7259/2/5
f 7261/2/5 7227/2/5 7226/2/5
f 7262/2/5 7227/2/5 7261/2/5
f 7263/2/5 7194/2/5 7193/2/5
f 7264/2/5 7194/2/5 7263/2/5
f 7265/2/5 7247/2/5 7246/2/5
f 7266/2/5 7247/2/5 7265/2/5
f 7267/2/5 7196/2/5 7195/2/5
f 7268/2/5 7196/2/5 7267/2/5
f 7269/2/5 7231/2/5 7230/2/5
f 7270/2/5 7231/2/5 7269/2/5
f 7271/2/5 7212/2/5 7211/2/5
f 7272/2/5 7212/2/5 7271/2/5
f 7273/2/5 7249/2/5 7248/2/5
f 7274/2/5 7249/2/5 7273/2/5
f 7275/2/5 7200/2/5 7199/2/5
f 7276/2/5 7200/2/5 7275/2/5
f 7277/2/5 7235/2/5 7234/2/5
f 7278/2/5 7235/2/5 7277/2/5
f 7279/2/5 7251/2/5 7250/2/5
f 7280/2/5 7251/2/5 7279/2/5
f 7281/2/5 7216/2/5 7215/2/5
f 7282/2/5 7216/2/5 7281/2/5
f 7283/2/5 7253/2/5 7252/2/5
f 7284/2/5 7253/2/5 7283/2/5
f 7285/2/5 7241/2/5 7240/2/5
f 7286/2/5 7241/2/5 7285/2/5
f 7287/2/5 7220/2/5 7219/2/5
f 7288/2/5 7220/2/5 7287/2/5
f 7289/2/5 7255/2/5 7254/2/5
f 7290/2/5 7255/2/5 7289/2/5
f 7291/2/5 7256/2/5 7244/2/5
f 7292/2/5 7256/2/5 7291/2/5
f 7293/2/5 7258/2/5 7257/2/5
f 7294/2/5 7258/2/5 7293/2/5
f 7295/2/5 7206/2/5 7205/2/5
f 7296/2/5 7206/2/5 7295/2/5
f 7297/2/5 6175/2/5 6174/2/5
f 7298/2/5 6175/2/5 7297/2/5
f 7299/6/6 7300/6/6 7306/6/6
f 7306/6/6 7300/6/6 7307/6/6
f 7301/6/6 7302/6/6 7308/6/6
f 7308/6/6 7302/6/6 7309/6/6
f 7303/6/6 7304/6/6 7310/6/6
f 7310/6/6 7304/6/6 7311/6/6
f 7308/6/6 7309/6/6 7314/6/6
f 7312/6/6 7313/6/6 7314/6/6
f 7311/6/6 7312/6/6 7314/6/6
f 7310/6/6 7311/6/6 7314/6/6
f 7309/6/6 7310/6/6 7314/6/6
f 7306/6/6 7307/6/6 7314/6/6
f 7307/6/6 7308/6/6 7314/6/6
f 7305/6/6 7306/6/6 7314/6/6
f 7314/6/6 7313/6/6 7315/6/6
f 7315/6/6 7313/6/6 7316/6/6
f 7316/6/6 7313/6/6 7317/6/6
f 7317/6/6 7313/6/6 7318/6/6
f 7318/6/6 7313/6/6 7319/6/6
f 7319/6/6 7313/6/6 7320/6/6
f 7320/6/6 7313/6/6 7321/6/6
f 7321/6/6 7313/6/6 7322/6/6
f 7315/6/6 7316/6/6 7323/6/6
f 7323/6/6 7316/6/6 7324/6/6
f 7317/6/6 7318/6/6 7325/6/6
f 7325/6/6 7318/6/6 7326/6/6
f 7319/6/6 7320/6/6 7327/6/6
f 7327/6/6 7320/6/6 7328/6/6
f 7329/6/6 7330/6/6 7336/6/6
f 7336/6/6 7330/6/6 7337/6/6
f 7331/6/6 7332/6/6 7338/6/6
f 7338/6/6 7332/6/6 7339/6/6
f 7333/6/6 7334/6/6 7340/6/6
f 7340/6/6 7334/6/6 7341/6/6
f 7340/6/6 7341/6/6 7344/6/6
f 7342/6/6 7343/6/6 7344/6/6
f 7341/6/6 7342/6/6 7344/6/6
f 7339/6/6 7340/6/6 7344/6/6
f 7338/6/6 7339/6/6 7344/6/6
f 7337/6/6 7338/6/6 7344/6/6
f 7336/6/6 7337/6/6 7344/6/6
f 7335/6/6 7336/6/6 7344/6/6
f 7344/6/6 7343/6/6 7345/6/6
f 7345/6/6 7343/6/6 7346/6/6
f 7346/6/6 7343/6/6 7347/6/6
f 7347/6/6 7343/6/6 7348/6/6
f 7348/6/6 7343/6/6 7349/6/6
f 7349/6/6 7343/6/6 7350/6/6
f 7350/6/6 7343/6/6 7351/6/6
f 7351/6/6 7343/6/6 7352/6/6
f 7345/6/6 7346/6/6 7353/6/6
f 7353/6/6 7346/6/6 7354/6/6
f 7347/6/6 7348/6/6 7355/6/6
f 7355/6/6 7348/6/6 7356/6/6
f 7349/6/6 7350/6/6 7357/6/6
f 7357/6/6 7350/6/6 7358/6/6
f 7359/2/6 7360/2/6 7361/2/6
f 7361/2/6 7360/2/6 7362/2/6
f 7359/2/6 7361/2/6 7363/2/6
f 7363/2/6 7361/2/6 7364/2/6
f 7362/2/6 7360/2/6 7365/2/6
f 7365/2/6 7360/2/6 7366/2/6
f 7366/2/6 7360/2/6 7367/2/6
f 7367/2/6 7360/2/6 7368/2/6
f 7368/2/6 7360/2/6 7369/2/6
f 7369/2/6 7360/2/6 7370/2/6
f 7370/2/6 7360/2/6 7371/2/6
f 7371/2/6 7360/2/6 7372/2/6
f 7372/2/6 7360/2/6 7374/2/6
f 7373/2/6 7374/2/6 7376/2/6
f 7375/2/6 7376/2/6 7378/2/6
f 7359/2/6 7363/2/6 7379/2/6
f 7377/2/6 7378/2/6 7382/2/6
f 7379/2/6 7380/2/6 7383/2/6
f 7381/2/6 7382/2/6 7384/2/6
f 7379/2/6 7383/2/6 7385/2/6
f 7383/2/6 7384/2/6 7385/2/6
f 7384/2/6 7382/2/6 7386/2/6
f 7385/2/6 7384/2/6 7386/2/6
f 7379/2/6 7385/2/6 7387/2/6
f 7359/2/6 7379/2/6 7387/2/6
f 7387/2/6 7385/2/6 7388/2/6
f 7386/2/6 7382/2/6 7389/2/6
f 7382/2/6 7378/2/6 7390/2/6
f 7389/2/6 7382/2/6 7390/2/6
f 7390/2/6 7378/2/6 7391/2/6
f 7378/2/6 7376/2/6 7392/2/6
f 7391/2/6 7378/2/6 7392/2/6
f 7392/2/6 7376/2/6 7393/2/6
f 7376/2/6 7374/2/6 7394/2/6
f 7393/2/6 7376/2/6 7394/2/6
f 7394/2/6 7374/2/6 7395/2/6
f 7374/2/6 7360/2/6 7396/2/6
f 7395/2/6 7374/2/6 7396/2/6
f 7396/2/6 7360/2/6 7398/2/6
f 7397/2/6 7398/2/6 7400/2/6
f 7399/2/6 7400/2/6 7402/2/6
f 7359/2/6 7387/2/6 7403/2/6
f 7401/2/6 7402/2/6 7406/2/6
f 7403/2/6 7404/2/6 7407/2/6
f 7405/2/6 7406/2/6 7408/2/6
f 7403/2/6 7407/2/6 7409/2/6
f 7407/2/6 7408/2/6 7409/2/6
f 7359/2/6 7403/2/6 7409/2/6
f 7408/2/6 7406/2/6 7410/2/6
f 7409/2/6 7408/2/6 7410/2/6
f 7398/2/6 7360/2/6 7410/2/6
f 7406/2/6 7402/2/6 7410/2/6
f 7400/2/6 7398/2/6 7410/2/6
f 7402/2/6 7400/2/6 7410/2/6
f 7418/3/7 7412/3/7 7411/3/7
f 7419/3/7 7412/3/7 7418/3/7
f 7420/3/7 7412/3/7 7419/3/7
f 7421/3/7 7414/3/7 7413/3/7
f 7422/3/7 7414/3/7 7421/3/7
f 7423/3/7 7416/3/7 7415/3/7
f 7424/3/7 7416/3/7 7423/3/7
f 7425/3/7 7416/3/7 7424/3/7
f 7427/1/7 7418/1/7 7417/1/7
f 7427/1/7 7419/1/7 7418/1/7
f 7428/3/7 7420/3/7 7419/3/7
f 7428/1/7 7419/1/7 7427/1/7
f 7429/1/7 7421/1/7 7420/1/7
f 7429/3/7 7420/3/7 7428/3/7
f 7430/3/7 7422/3/7 7421/3/7
f 7430/1/7 7421/1/7 7429/1/7
f 7431/1/7 7423/1/7 7422/1/7
f 7431/3/7 7422/3/7 7430/3/7
f 7432/3/7 7424/3/7 7423/3/7
f 7432/1/7 7423/1/7 7431/1/7
f 7433/1/7 7426/1/7 7425/1/7
f 7433/3/7 7424/3/7 7432/3/7
f 7433/1/7 7425/1/7 7424/1/7
f 7434/1/7 7426/1/7 7433/1/7
f 7435/2/7 7429/2/7 7428/2/7
f 7435/2/7 7432/2/7 7431/2/7
f 7435/2/7 7434/2/7 7433/2/7
f 7435/2/7 7433/2/7 7432/2/7
f 7435/2/7 7430/2/7 7429/2/7
f 7435/2/7 7431/2/7 7430/2/7
f 7435/2/7 7428/2/7 7427/2/7
f 7436/2/7 7434/2/7 7435/2/7
f 7471/1/7 7438/1/7 7437/1/7
f 7472/1/7 7438/1/7 7471/1/7
f 7473/1/7 7440/1/7 7439/1/7
f 7474/1/7 7440/1/7 7473/1/7
f 7475/1/7 7442/1/7 7441/1/7
f 7476/1/7 7442/1/7 7475/1/7
f 7477/1/7 7444/1/7 7443/1/7
f 7478/1/7 7444/1/7 7477/1/7
f 7479/1/7 7446/1/7 7445/1/7
f 7480/1/7 7446/1/7 7479/1/7
f 7481/1/7 7448/1/7 7447/1/7
f 7482/1/7 7448/1/7 7481/1/7
f 7483/1/7 7450/1/7 7449/1/7
f 7484/1/7 7450/1/7 7483/1/7
f 7485/1/7 7452/1/7 7451/1/7
f 7486/1/7 7452/1/7 7485/1/7
f 7487/1/7 7454/1/7 7453/1/7
f 7488/1/7 7454/1/7 7487/1/7
f 7489/1/7 7456/1/7 7455/1/7
f 7490/1/7 7456/1/7 7489/1/7
f 7491/1/7 7458/1/7 7457/1/7
f 7492/1/7 7458/1/7 7491/1/7
f 7493/1/7 7460/1/7 7459/1/7
f 7494/1/7 7460/1/7 7493/1/7
f 7495/1/7 7462/1/7 7461/1/7
f 7496/1/7 7462/1/7 7495/1/7
f 7497/1/7 7464/1/7 7463/1/7
f 7498/1/7 7464/1/7 7497/1/7
f 7499/1/7 7466/1/7 7465/1/7
f 7500/1/7 7466/1/7 7499/1/7
f 7501/1/7 7468/1/7 7467/1/7
f 7502/1/7 7468/1/7 7501/1/7
f 7503/1/7 7470/1/7 7469/1/7
f 7504/1/7 7470/1/7 7503/1/7
f 7523/3/7 7506/3/7 7505/3/7
f 7524/3/7 7506/3/7 7523/3/7
f 7525/3/7 7508/3/7 7507/3/7
f 7526/3/7 7508/3/7 7525/3/7
f 7527/3/7 7510/3/7 7509/3/7
f 7528/3/7 7510/3/7 7527/3/7
f 7529/3/7 7512/3/7 7511/3/7
f 7530/3/7 7512/3/7 7529/3/7
f 7531/3/7 7514/3/7 7513/3/7
f 7532/3/7 7514/3/7 7531/3/7
f 7533/3/7 7516/3/7 7515/3/7
f 7534/3/7 7516/3/7 7533/3/7
f 7535/3/7 7518/3/7 7517/3/7
f 7536/3/7 7518/3/7 7535/3/7
f 7537/3/7 7520/3/7 7519/3/7
f 7538/3/7 7520/3/7 7537/3/7
f 7539/3/7 7522/3/7 7521/3/7
f 7540/3/7 7522/3/7 7539/3/7
f 7573/1/7 7542/1/7 7541/1/7
f 7574/1/7 7542/1/7 7573/1/7
f 7575/1/7 7544/1/7 7543/1/7
f 7576/1/7 7544/1/7 7575/1/7
f 7577/1/7 7546/1/7 7545/1/7
f 7578/1/7 7546/1/7 7577/1/7
f 7579/1/7 7548/1/7 7547/1/7
f 7580/1/7 7548/1/7 7579/1/7
f 7581/1/7 7550/1/7 7549/1/7
f 7582/1/7 7550/1/7 7581/1/7
f 7583/1/7 7552/1/7 7551/1/7
f 7584/1/7 7552/1/7 7583/1/7
f 7585/1/7 7554/1/7 7553/1/7
f 7586/1/7 7554/1/7 7585/1/7
f 7587/1/7 7556/1/7 7555/1/7
f 7588/1/7 7556/1/7 7587/1/7
f 7589/1/7 7558/1/7 7557/1/7
f 7590/1/7 7558/1/7 7589/1/7
f 7591/1/7 7560/1/7 7559/1/7
f 7592/1/7 7560/1/7 7591/1/7
f 7593/1/7 7562/1/7 7561/1/7
f 7594/1/7 7562/1/7 7593/1/7
f 7595/1/7 7564/1/7 7563/1/7
f 7596/1/7 7564/1/7 7595/1/7
f 7597/1/7 7566/1/7 7565/1/7
f 7598/1/7 7566/1/7 7597/1/7
f 7599/1/7 7568/1/7 7567/1/7
f 7600/1/7 7568/1/7 7599/1/7
f 7601/1/7 7570/1/7 7569/1/7
f 7602/1/7 7570/1/7 7601/1/7
f 7603/1/7 7572/1/7 7571/1/7
f 7604/1/7 7572/1/7 7603/1/7
f 7623/3/7 7606/3/7 7605/3/7
f 7624/3/7 7606/3/7 7623/3/7
f 7625/3/7 7608/3/7 7607/3/7
f 7626/3/7 7608/3/7 7625/3/7
f 7627/3/7 7610/3/7 7609/3/7
f 7628/3/7 7610/3/7 7627/3/7
f 7629/3/7 7612/3/7 7611/3/7
f 7630/3/7 7612/3/7 7629/3/7
f 7631/3/7 7614/3/7 7613/3/7
f 7632/3/7 7614/3/7 7631/3/7
f 7633/3/7 7616/3/7 7615/3/7
f 7634/3/7 7616/3/7 7633/3/7
f 7635/3/7 7618/3/7 7617/3/7
f 7636/3/7 7618/3/7 7635/3/7
f 7637/3/7 7620/3/7 7619/3/7
f 7638/3/7 7620/3/7 7637/3/7
f 7639/3/7 7622/3/7 7621/3/7
f 7640/3/7 7622/3/7 7639/3/7
f 7673/1/7 7642/1/7 7641/1/7
f 7674/1/7 7642/1/7 7673/1/7
f 7675/1/7 7644/1/7 7643/1/7
f 7676/1/7 7644/1/7 7675/1/7
f 7677/1/7 7646/1/7 7645/1/7
f 7678/1/7 7646/1/7 7677/1/7
f 7679/1/7 7648/1/7 7647/1/7
f 7680/1/7 7648/1/7 7679/1/7
f 7681/1/7 7650/1/7 7649/1/7
f 7682/1/7 7650/1/7 7681/1/7
f 7683/1/7 7652/1/7 7651/1/7
f 7684/1/7 7652/1/7 7683/1/7
f 7685/1/7 7654/1/7 7653/1/7
f 7686/1/7 7654/1/7 7685/1/7
f 7687/1/7 7656/1/7 7655/1/7
f 7688/1/7 7656/1/7 7687/1/7
f 7689/1/7 7658/1/7 7657/1/7
f 7690/1/7 7658/1/7 7689/1/7
f 7691/1/7 7660/1/7 7659/1/7
f 7692/1/7 7660/1/7 7691/1/7
f 7693/1/7 7662/1/7 7661/1/7
f 7694/1/7 7662/1/7 7693/1/7
f 7695/1/7 7664/1/7 7663/1/7
f 7696/1/7 7664/1/7 7695/1/7
f 7697/1/7 7666/1/7 7665/1/7
f 7698/1/7 7666/1/7 7697/1/7
f 7699/1/7 7668/1/7 7667/1/7
f 7700/1/7 7668/1/7 7699/1/7
f 7701/1/7 7670/1/7 7669/1/7
f 7702/1/7 7670/1/7 7701/1/7
f 7703/1/7 7672/1/7 7671/1/7
f 7704/1/7 7672/1/7 7703/1/7
f 7723/3/7 7706/3/7 7705/3/7
f 7724/3/7 7706/3/7 7723/3/7
f 7725/3/7 7708/3/7 7707/3/7
f 7726/3/7 7708/3/7 7725/3/7
f 7727/3/7 7710/3/7 7709/3/7
f 7728/3/7 7710/3/7 7727/3/7
f 7729/3/7 7712/3/7 7711/3/7
f 7730/3/7 7712/3/7 7729/3/7
f 7731/3/7 7714/3/7 7713/3/7
f 7732/3/7 7714/3/7 7731/3/7
f 7733/3/7 7716/3/7 7715/3/7
f 7734/3/7 7716/3/7 7733/3/7
f 7735/3/7 7718/3/7 7717/3/7
f 7736/3/7 7718/3/7 7735/3/7
f 7737/3/7 7720/3/7 7719/3/7
f 7738/3/7 7720/3/7 7737/3/7
f 7739/3/7 7722/3/7 7721/3/7
f 7740/3/7 7722/3/7 7739/3/7
f 7773/1/7 7742/1/7 7741/1/7
f 7774/1/7 7742/1/7 7773/1/7
f 7775/1/7 7744/1/7 7743/1/7
f 7776/1/7 7744/1/7 7775/1/7
f 7777/1/7 7746/1/7 7745/1/7
f 7778/1/7 7746/1/7 7777/1/7
f 7779/1/7 7748/1/7 7747/1/7
f 7780/1/7 7748/1/7 7779/1/7
f 7781/1/7 7750/1/7 7749/1/7
f 7782/1/7 7750/1/7 7781/1/7
f 7783/1/7 7752/1/7 7751/1/7
f 7784/1/7 7752/1/7 7783/1/7
f 7785/1/7 7754/1/7 7753/1/7
f 7786/1/7 7754/1/7 7785/1/7
f 7787/1/7 7756/1/7 7755/1/7
f 7788/1/7 7756/1/7 7787/1/7
f 7789/1/7 7758/1/7 7757/1/7
f 7790/1/7 7758/1/7 7789/1/7
f 7791/1/7 7760/1/7 7759/1/7
f 7792/1/7 7760/1/7 7791/1/7
f 7793/1/7 7762/1/7 7761/1/7
f 7794/1/7 7762/1/7 7793/1/7
f 7795/1/7 7764/1/7 7763/1/7
f 7796/1/7 7764/1/7 7795/1/7
f 7797/1/7 7766/1/7 7765/1/7
f 7798/1/7 7766/1/7 7797/1/7
f 7799/1/7 7768/1/7 7767/1/7
f 7800/1/7 7768/1/7 7799/1/7
f 7801/1/7 7770/1/7 7769/1/7
f 7802/1/7 7770/1/7 7801/1/7
f 7803/1/7 7772/1/7 7771/1/7
f 7804/1/7 7772/1/7 7803/1/7
f 7809/6/7 7806/6/7 7805/6/7
f 7810/6/7 7806/6/7 7809/6/7
f 7811/6/7 7808/6/7 7807/6/7
f 7812/6/7 7808/6/7 7811/6/7
f 7821/6/7 7814/6/7 7813/6/7
f 7822/6/7 7814/6/7 7821/6/7
f 7823/6/7 7816/6/7 7815/6/7
f 7824/6/7 7816/6/7 7823/6/7
f 7825/6/7 7818/6/7 7817/6/7
f 7826/6/7 7818/6/7 7825/6/7
f 7827/6/7 7820/6/7 7819/6/7
f 7828/6/7 7820/6/7 7827/6/7
f 7846/6/7 7830/6/7 7829/6/7
f 7847/6/7 7832/6/7 7831/6/7
f 7852/6/7 7834/6/7 7833/6/7
f 7853/6/7 7836/6/7 7835/6/7
f 7863/1/7 7838/1/7 7837/1/7
f 7864/1/7 7838/1/7 7863/1/7
f 7865/1/7 7840/1/7 7839/1/7
f 7866/1/7 7840/1/7 7865/1/7
f 7867/1/7 7842/1/7 7841/1/7
f 7868/1/7 7842/1/7 7867/1/7
f 7869/1/7 7844/1/7 7843/1/7
f 7870/1/7 7844/1/7 7869/1/7
f 7871/1/7 7846/1/7 7845/1/7
f 7872/6/7 7830/6/7 7846/6/7
f 7872/1/7 7846/1/7 7871/1/7
f 7873/6/7 7830/6/7 7872/6/7
f 7874/6/7 7847/6/7 7831/6/7
f 7875/6/7 7847/6/7 7874/6/7
f 7876/1/7 7849/1/7 7848/1/7
f 7877/1/7 7849/1/7 7876/1/7
f 7878/1/7 7851/1/7 7850/1/7
f 7879/1/7 7851/1/7 7878/1/7
f 7880/6/7 7834/6/7 7852/6/7
f 7881/6/7 7834/6/7 7880/6/7
f 7882/6/7 7853/6/7 7835/6/7
f 7883/1/7 7854/1/7 7853/1/7
f 7883/6/7 7853/6/7 7882/6/7
f 7884/1/7 7854/1/7 7883/1/7
f 7885/1/7 7856/1/7 7855/1/7
f 7886/1/7 7856/1/7 7885/1/7
f 7887/1/7 7858/1/7 7857/1/7
f 7888/1/7 7858/1/7 7887/1/7
f 7889/1/7 7860/1/7 7859/1/7
f 7890/1/7 7860/1/7 7889/1/7
f 7891/1/7 7862/1/7 7861/1/7
f 7892/1/7 7862/1/7 7891/1/7
f 7911/3/7 7894/3/7 7893/3/7
f 7912/3/7 7894/3/7 7911/3/7
f 7913/3/7 7896/3/7 7895/3/7
f 7914/3/7 7896/3/7 7913/3/7
f 7915/3/7 7898/3/7 7897/3/7
f 7916/3/7 7898/3/7 7915/3/7
f 7917/3/7 7900/3/7 7899/3/7
f 7918/3/7 7900/3/7 7917/3/7
f 7919/3/7 7902/3/7 7901/3/7
f 7920/3/7 7902/3/7 7919/3/7
f 7921/3/7 7904/3/7 7903/3/7
f 7922/3/7 7904/3/7 7921/3/7
f 7923/3/7 7906/3/7 7905/3/7
f 7924/3/7 7906/3/7 7923/3/7
f 7925/3/7 7908/3/7 7907/3/7
f 7926/3/7 7908/3/7 7925/3/7
f 7927/3/7 7910/3/7 7909/3/7
f 7928/3/7 7910/3/7 7927/3/7
f 7947/3/7 7930/3/7 7929/3/7
f 7948/3/7 7930/3/7 7947/3/7
f 7949/3/7 7932/3/7 7931/3/7
f 7950/3/7 7932/3/7 7949/3/7
f 7951/3/7 7934/3/7 7933/3/7
f 7952/3/7 7934/3/7 7951/3/7
f 7953/3/7 7936/3/7 7935/3/7
f 7954/3/7 7936/3/7 7953/3/7
f 7955/3/7 7938/3/7 7937/3/7
f 7956/3/7 7938/3/7 7955/3/7
f 7957/3/7 7940/3/7 7939/3/7
f 7958/3/7 7940/3/7 7957/3/7
f 7959/3/7 7942/3/7 7941/3/7
f 7960/3/7 7942/3/7 7959/3/7
f 7961/3/7 7944/3/7 7943/3/7
f 7962/3/7 7944/3/7 7961/3/7
f 7963/3/7 7946/3/7 7945/3/7
f 7964/3/7 7946/3/7 7963/3/7
f 7993/1/7 7974/1/7 7973/1/7
f 7994/1/7 7974/1/7 7993/1/7
f 7995/1/7 7976/1/7 7975/1/7
f 7996/1/7 7976/1/7 7995/1/7
f 7997/1/7 7978/1/7 7977/1/7
f 7998/1/7 7978/1/7 7997/1/7
f 7999/1/7 7980/1/7 7979/1/7
f 8000/1/7 7980/1/7 7999/1/7
f 8001/6/7 7966/6/7 7965/6/7
f 8002/6/7 7966/6/7 8001/6/7
f 8003/6/7 7968/6/7 7967/6/7
f 8004/6/7 7968/6/7 8003/6/7
f 8005/1/7 7982/1/7 7981/1/7
f 8006/1/7 7982/1/7 8005/1/7
f 8007/1/7 7984/1/7 7983/1/7
f 8008/1/7 7984/1/7 8007/1/7
f 8009/6/7 7970/6/7 7969/6/7
f 8010/6/7 7970/6/7 8009/6/7
f 8011/6/7 7972/6/7 7971/6/7
f 8012/6/7 7972/6/7 8011/6/7
f 8013/1/7 7986/1/7 7985/1/7
f 8014/1/7 7986/1/7 8013/1/7
f 8015/1/7 7988/1/7 7987/1/7
f 8016/1/7 7988/1/7 8015/1/7
f 8017/1/7 7990/1/7 7989/1/7
f 8018/1/7 7990/1/7 8017/1/7
f 8019/1/7 7992/1/7 7991/1/7
f 8020/1/7 7992/1/7 8019/1/7
f 8039/3/7 8022/3/7 8021/3/7
f 8040/3/7 8022/3/7 8039/3/7
f 8041/3/7 8024/3/7 8023/3/7
f 8042/3/7 8024/3/7 8041/3/7
f 8043/3/7 8026/3/7 8025/3/7
f 8044/3/7 8026/3/7 8043/3/7
f 8045/3/7 8028/3/7 8027/3/7
f 8046/3/7 8028/3/7 8045/3/7
f 8047/3/7 8030/3/7 8029/3/7
f 8048/3/7 8030/3/7 8047/3/7
f 8049/3/7 8032/3/7 8031/3/7
f 8050/3/7 8032/3/7 8049/3/7
f 8051/3/7 8034/3/7 8033/3/7
f 8052/3/7 8034/3/7 8051/3/7
f 8053/3/7 8036/3/7 8035/3/7
f 8054/3/7 8036/3/7 8053/3/7
f 8055/3/7 8038/3/7 8037/3/7
f 8056/3/7 8038/3/7 8055/3/7
f 8081/1/7 8058/1/7 8057/1/7
f 8082/1/7 8058/1/7 8081/1/7
f 8083/1/7 8060/1/7 8059/1/7
f 8084/1/7 8060/1/7 8083/1/7
f 8085/1/7 8062/1/7 8061/1/7
f 8086/1/7 8062/1/7 8085/1/7
f 8087/1/7 8064/1/7 8063/1/7
f 8088/1/7 8064/1/7 8087/1/7
f 8089/1/7 8066/1/7 8065/1/7
f 8090/1/7 8066/1/7 8089/1/7
f 8091/1/7 8068/1/7 8067/1/7
f 8092/1/7 8068/1/7 8091/1/7
f 8093/1/7 8070/1/7 8069/1/7
f 8094/1/7 8070/1/7 8093/1/7
f 8095/1/7 8072/1/7 8071/1/7
f 8096/1/7 8072/1/7 8095/1/7
f 8097/1/7 8074/1/7 8073/1/7
f 8098/1/7 8074/1/7 8097/1/7
f 8099/1/7 8076/1/7 8075/1/7
f 8100/1/7 8076/1/7 8099/1/7
f 8101/1/7 8078/1/7 8077/1/7
f 8102/1/7 8078/1/7 8101/1/7
f 8103/1/7 8080/1/7 8079/1/7
f 8104/1/7 8080/1/7 8103/1/7
f 8113/6/7 8106/6/7 8105/6/7
f 8114/6/7 8106/6/7 8113/6/7
f 8115/6/7 8108/6/7 8107/6/7
f 8116/6/7 8108/6/7 8115/6/7
f 8117/6/7 8110/6/7 8109/6/7
f 8118/6/7 8110/6/7 8117/6/7
f 8119/6/7 8112/6/7 8111/6/7
f 8120/6/7 8112/6/7 8119/6/7
f 8145/1/7 8122/1/7 8121/1/7
f 8146/1/7 8122/1/7 8145/1/7
f 8147/1/7 8124/1/7 8123/1/7
f 8148/1/7 8124/1/7 8147/1/7
f 8149/1/7 8126/1/7 8125/1/7
f 8150/1/7 8126/1/7 8149/1/7
f 8151/1/7 8128/1/7 8127/1/7
f 8152/1/7 8128/1/7 8151/1/7
f 8153/1/7 8130/1/7 8129/1/7
f 8154/1/7 8130/1/7 8153/1/7
f 8155/1/7 8132/1/7 8131/1/7
f 8156/1/7 8132/1/7 8155/1/7
f 8157/1/7 8134/1/7 8133/1/7
f 8158/1/7 8134/1/7 8157/1/7
f 8159/1/7 8136/1/7 8135/1/7
f 8160/1/7 8136/1/7 8159/1/7
f 8161/1/7 8138/1/7 8137/1/7
f 8162/1/7 8138/1/7 8161/1/7
f 8163/1/7 8140/1/7 8139/1/7
f 8164/1/7 8140/1/7 8163/1/7
f 8165/1/7 8142/1/7 8141/1/7
f 8166/1/7 8142/1/7 8165/1/7
f 8167/1/7 8144/1/7 8143/1/7
f 8168/1/7 8144/1/7 8167/1/7
f 8187/3/7 8170/3/7 8169/3/7
f 8188/3/7 8170/3/7 8187/3/7
f 8189/3/7 8172/3/7 8171/3/7
f 8190/3/7 8172/3/7 8189/3/7
f 8191/3/7 8174/3/7 8173/3/7
f 8192/3/7 8174/3/7 8191/3/7
f 8193/3/7 8176/3/7 8175/3/7
f 8194/3/7 8176/3/7 8193/3/7
f 8195/3/7 8178/3/7 8177/3/7
f 8196/3/7 8178/3/7 8195/3/7
f 8197/3/7 8180/3/7 8179/3/7
f 8198/3/7 8180/3/7 8197/3/7
f 8199/3/7 8182/3/7 8181/3/7
f 8200/3/7 8182/3/7 8199/3/7
f 8201/3/7 8184/3/7 8183/3/7
f 8202/3/7 8184/3/7 8201/3/7
f 8203/3/7 8186/3/7 8185/3/7
f 8204/3/7 8186/3/7 8203/3/7
f 8233/1/7 8206/1/7 8205/1/7
f 8234/1/7 8206/1/7 8233/1/7
f 8235/1/7 8208/1/7 8207/1/7
f 8236/1/7 8208/1/7 8235/1/7
f 8237/1/7 8210/1/7 8209/1/7
f 8238/1/7 8210/1/7 8237/1/7
f 8239/1/7 8212/1/7 8211/1/7
f 8240/1/7 8212/1/7 8239/1/7
f 8241/1/7 8214/1/7 8213/1/7
f 8242/1/7 8214/1/7 8241/1/7
f 8243/1/7 8216/1/7 8215/1/7
f 8244/1/7 8216/1/7 8243/1/7
f 8245/1/7 8218/1/7 8217/1/7
f 8246/1/7 8218/1/7 8245/1/7
f 8247/1/7 8220/1/7 8219/1/7
f 8248/1/7 8220/1/7 8247/1/7
f 8249/1/7 8222/1/7 8221/1/7
f 8250/1/7 8222/1/7 8249/1/7
f 8251/1/7 8224/1/7 8223/1/7
f 8252/1/7 8224/1/7 8251/1/7
f 8253/1/7 8226/1/7 8225/1/7
f 8254/1/7 8226/1/7 8253/1/7
f 8255/1/7 8228/1/7 8227/1/7
f 8256/1/7 8228/1/7 8255/1/7
f 8257/1/7 8230/1/7 8229/1/7
f 8258/1/7 8230/1/7 8257/1/7
f 8259/1/7 8232/1/7 8231/1/7
f 8260/1/7 8232/1/7 8259/1/7
f 8279/3/7 8262/3/7 8261/3/7
f 8280/3/7 8262/3/7 8279/3/7
f 8281/3/7 8264/3/7 8263/3/7
f 8282/3/7 8264/3/7 8281/3/7
f 8283/3/7 8266/3/7 8265/3/7
f 8284/3/7 8266/3/7 8283/3/7
f 8285/3/7 8268/3/7 8267/3/7
f 8286/3/7 8268/3/7 8285/3/7
f 8287/3/7 8270/3/7 8269/3/7
f 8288/3/7 8270/3/7 8287/3/7
f 8289/3/7 8272/3/7 8271/3/7
f 8290/3/7 8272/3/7 8289/3/7
f 8291/3/7 8274/3/7 8273/3/7
f 8292/3/7 8274/3/7 8291/3/7
f 8293/3/7 8276/3/7 8275/3/7
f 8294/3/7 8276/3/7 8293/3/7
f 8295/3/7 8278/3/7 8277/3/7
f 8296/3/7 8278/3/7 8295/3/7
f 8305/6/7 8298/6/7 8297/6/7
f 8306/6/7 8298/6/7 8305/6/7
f 8307/6/7 8300/6/7 8299/6/7
f 8308/6/7 8300/6/7 8307/6/7
f 8309/6/7 8302/6/7 8301/6/7
f 8310/6/7 8302/6/7 8309/6/7
f 8311/6/7 8304/6/7 8303/6/7
f 8312/6/7 8304/6/7 8311/6/7
f 8331/3/7 8314/3/7 8313/3/7
f 8332/3/7 8314/3/7 8331/3/7
f 8333/3/7 8316/3/7 8315/3/7
f 8334/3/7 8316/3/7 8333/3/7
f 8335/3/7 8318/3/7 8317/3/7
f 8336/3/7 8318/3/7 8335/3/7
f 8337/3/7 8320/3/7 8319/3/7
f 8338/3/7 8320/3/7 8337/3/7
f 8339/3/7 8322/3/7 8321/3/7
f 8340/3/7 8322/3/7 8339/3/7
f 8341/3/7 8324/3/7 8323/3/7
f 8342/3/7 8324/3/7 8341/3/7
f 8343/3/7 8326/3/7 8325/3/7
f 8344/3/7 8326/3/7 8343/3/7
f 8345/3/7 8328/3/7 8327/3/7
f 8346/3/7 8328/3/7 8345/3/7
f 8347/3/7 8330/3/7 8329/3/7
f 8348/3/7 8330/3/7 8347/3/7
f 8373/1/7 8350/1/7 8349/1/7
f 8374/1/7 8350/1/7 8373/1/7
f 8375/1/7 8352/1/7 8351/1/7
f 8376/1/7 8352/1/7 8375/1/7
f 8377/1/7 8354/1/7 8353/1/7
f 8378/1/7 8354/1/7 8377/1/7
f 8379/1/7 8356/1/7 8355/1/7
f 8380/1/7 8356/1/7 8379/1/7
f 8381/1/7 8358/1/7 8357/1/7
f 8382/1/7 8358/1/7 8381/1/7
f 8383/1/7 8360/1/7 8359/1/7
f 8384/1/7 8360/1/7 8383/1/7
f 8385/1/7 8362/1/7 8361/1/7
f 8386/1/7 8362/1/7 8385/1/7
f 8387/1/7 8364/1/7 8363/1/7
f 8388/1/7 8364/1/7 8387/1/7
f 8389/1/7 8366/1/7 8365/1/7
f 8390/1/7 8366/1/7 8389/1/7
f 8391/1/7 8368/1/7 8367/1/7
f 8392/1/7 8368/1/7 8391/1/7
f 8393/1/7 8370/1/7 8369/1/7
f 8394/1/7 8370/1/7 8393/1/7
f 8395/1/7 8372/1/7 8371/1/7
f 8396/1/7 8372/1/7 8395/1/7
f 8405/6/7 8398/6/7 8397/6/7
f 8406/6/7 8398/6/7 8405/6/7
f 8407/6/7 8400/6/7 8399/6/7
f 8408/6/7 8400/6/7 8407/6/7
f 8409/6/7 8402/6/7 8401/6/7
f 8410/6/7 8402/6/7 8409/6/7
f 8411/6/7 8404/6/7 8403/6/7
f 8412/6/7 8404/6/7 8411/6/7
f 8413/2/7 8406/2/7 8405/2/7
f 8414/2/7 8406/2/7 8413/2/7
f 8415/2/7 8408/2/7 8407/2/7
f 8416/2/7 8408/2/7 8415/2/7
f 8417/2/7 8410/2/7 8409/2/7
f 8418/2/7 8410/2/7 8417/2/7
f 8419/2/7 8412/2/7 8411/2/7
f 8420/2/7 8412/2/7 8419/2/7
f 8457/1/7 8430/1/7 8429/1/7
f 8458/1/7 8430/1/7 8457/1/7
f 8459/1/7 8432/1/7 8431/1/7
f 8460/1/7 8432/1/7 8459/1/7
f 8461/1/7 8434/1/7 8433/1/7
f 8462/1/7 8434/1/7 8461/1/7
f 8463/1/7 8436/1/7 8435/1/7
f 8464/1/7 8436/1/7 8463/1/7
f 8465/1/7 8438/1/7 8437/1/7
f 8466/1/7 8438/1/7 8465/1/7
f 8467/6/7 8422/6/7 8421/6/7
f 8468/6/7 8422/6/7 8467/6/7
f 8469/6/7 8424/6/7 8423/6/7
f 8470/6/7 8424/6/7 8469/6/7
f 8471/1/7 8440/1/7 8439/1/7
f 8472/1/7 8440/1/7 8471/1/7
f 8473/1/7 8442/1/7 8441/1/7
f 8474/1/7 8442/1/7 8473/1/7
f 8475/1/7 8444/1/7 8443/1/7
f 8476/1/7 8444/1/7 8475/1/7
f 8477/1/7 8446/1/7 8445/1/7
f 8478/1/7 8446/1/7 8477/1/7
f 8479/6/7 8426/6/7 8425/6/7
f 8480/6/7 8426/6/7 8479/6/7
f 8481/6/7 8428/6/7 8427/6/7
f 8482/6/7 8428/6/7 8481/6/7
f 8483/1/7 8448/1/7 8447/1/7
f 8484/1/7 8448/1/7 8483/1/7
f 8485/1/7 8450/1/7 8449/1/7
f 8486/1/7 8450/1/7 8485/1/7
f 8487/1/7 8452/1/7 8451/1/7
f 8488/1/7 8452/1/7 8487/1/7
f 8489/1/7 8454/1/7 8453/1/7
f 8490/1/7 8454/1/7 8489/1/7
f 8491/1/7 8456/1/7 8455/1/7
f 8492/1/7 8456/1/7 8491/1/7
f 8493/2/7 8468/2/7 8467/2/7
f 8494/2/7 8468/2/7 8493/2/7
f 8495/2/7 8470/2/7 8469/2/7
f 8496/2/7 8470/2/7 8495/2/7
f 8497/2/7 8480/2/7 8479/2/7
f 8498/2/7 8480/2/7 8497/2/7
f 8499/2/7 8482/2/7 8481/2/7
f 8500/2/7 8482/2/7 8499/2/7
f 8509/6/7 8502/6/7 8501/6/7
f 8510/6/7 8502/6/7 8509/6/7
f 8511/6/7 8504/6/7 8503/6/7
f 8512/6/7 8504/6/7 8511/6/7
f 8513/6/7 8506/6/7 8505/6/7
f 8514/6/7 8506/6/7 8513/6/7
f 8515/6/7 8508/6/7 8507/6/7
f 8516/6/7 8508/6/7 8515/6/7
f 8517/2/7 8510/2/7 8509/2/7
f 8518/2/7 8510/2/7 8517/2/7
f 8519/2/7 8512/2/7 8511/2/7
f 8520/2/7 8512/2/7 8519/2/7
f 8521/2/7 8514/2/7 8513/2/7
f 8522/2/7 8514/2/7 8521/2/7
f 8523/2/7 8516/2/7 8515/2/7
f 8524/2/7 8516/2/7 8523/2/7
f 8543/3/7 8526/3/7 8525/3/7
f 8544/3/7 8526/3/7 8543/3/7
f 8545/3/7 8528/3/7 8527/3/7
f 8546/3/7 8528/3/7 8545/3/7
f 8547/3/7 8530/3/7 8529/3/7
f 8548/3/7 8530/3/7 8547/3/7
f 8549/3/7 8532/3/7 8531/3/7
f 8550/3/7 8532/3/7 8549/3/7
f 8551/3/7 8534/3/7 8533/3/7
f 8552/3/7 8534/3/7 8551/3/7
f 8553/3/7 8536/3/7 8535/3/7
f 8554/3/7 8536/3/7 8553/3/7
f 8555/3/7 8538/3/7 8537/3/7
f 8556/3/7 8538/3/7 8555/3/7
f 8557/3/7 8540/3/7 8539/3/7
f 8558/3/7 8540/3/7 8557/3/7
f 8559/3/7 8542/3/7 8541/3/7
f 8560/3/7 8542/3/7 8559/3/7
f 8589/1/7 8562/1/7 8561/1/7
f 8590/1/7 8562/1/7 8589/1/7
f 8591/1/7 8564/1/7 8563/1/7
f 8592/1/7 8564/1/7 8591/1/7
f 8593/1/7 8566/1/7 8565/1/7
f 8594/1/7 8566/1/7 8593/1/7
f 8595/1/7 8568/1/7 8567/1/7
f 8596/1/7 8568/1/7 8595/1/7
f 8597/1/7 8570/1/7 8569/1/7
f 8598/1/7 8570/1/7 8597/1/7
f 8599/1/7 8572/1/7 8571/1/7
f 8600/1/7 8572/1/7 8599/1/7
f 8601/1/7 8574/1/7 8573/1/7
f 8602/1/7 8574/1/7 8601/1/7
f 8603/1/7 8576/1/7 8575/1/7
f 8604/1/7 8576/1/7 8603/1/7
f 8605/1/7 8578/1/7 8577/1/7
f 8606/1/7 8578/1/7 8605/1/7
f 8607/1/7 8580/1/7 8579/1/7
f 8608/1/7 8580/1/7 8607/1/7
f 8609/1/7 8582/1/7 8581/1/7
f 8610/1/7 8582/1/7 8609/1/7
f 8611/1/7 8584/1/7 8583/1/7
f 8612/1/7 8584/1/7 8611/1/7
f 8613/1/7 8586/1/7 8585/1/7
f 8614/1/7 8586/1/7 8613/1/7
f 8615/1/7 8588/1/7 8587/1/7
f 8616/1/7 8588/1/7 8615/1/7
f 8625/6/7 8618/6/7 8617/6/7
f 8626/6/7 8618/6/7 8625/6/7
f 8627/6/7 8620/6/7 8619/6/7
f 8628/6/7 8620/6/7 8627/6/7
f 8629/6/7 8622/6/7 8621/6/7
f 8630/6/7 8622/6/7 8629/6/7
f 8631/6/7 8624/6/7 8623/6/7
f 8632/6/7 8624/6/7 8631/6/7
f 8633/2/7 8626/2/7 8625/2/7
f 8634/2/7 8626/2/7 8633/2/7
f 8635/2/7 8628/2/7 8627/2/7
f 8636/2/7 8628/2/7 8635/2/7
f 8637/2/7 8630/2/7 8629/2/7
f 8638/2/7 8630/2/7 8637/2/7
f 8639/2/7 8632/2/7 8631/2/7
f 8640/2/7 8632/2/7 8639/2/7
f 8659/3/7 8642/3/7 8641/3/7
f 8660/3/7 8642/3/7 8659/3/7
f 8661/3/7 8644/3/7 8643/3/7
f 8662/3/7 8644/3/7 8661/3/7
f 8663/3/7 8646/3/7 8645/3/7
f 8664/3/7 8646/3/7 8663/3/7
f 8665/3/7 8648/3/7 8647/3/7
f 8666/3/7 8648/3/7 8665/3/7
f 8667/3/7 8650/3/7 8649/3/7
f 8668/3/7 8650/3/7 8667/3/7
f 8669/3/7 8652/3/7 8651/3/7
f 8670/3/7 8652/3/7 8669/3/7
f 8671/3/7 8654/3/7 8653/3/7
f 8672/3/7 8654/3/7 8671/3/7
f 8673/3/7 8656/3/7 8655/3/7
f 8674/3/7 8656/3/7 8673/3/7
f 8675/3/7 8658/3/7 8657/3/7
f 8676/3/7 8658/3/7 8675/3/7
f 8681/2/7 8678/2/7 8677/2/7
f 8682/2/7 8678/2/7 8681/2/7
f 8683/2/7 8680/2/7 8679/2/7
f 8684/2/7 8680/2/7 8683/2/7
f 8709/1/7 8686/1/7 8685/1/7
f 8710/1/7 8686/1/7 8709/1/7
f 8711/1/7 8688/1/7 8687/1/7
f 8712/1/7 8688/1/7 8711/1/7
f 8713/1/7 8690/1/7 8689/1/7
f 8714/1/7 8690/1/7 8713/1/7
f 8715/1/7 8692/1/7 8691/1/7
f 8716/1/7 8692/1/7 8715/1/7
f 8717/1/7 8694/1/7 8693/1/7
f 8718/1/7 8694/1/7 8717/1/7
f 8719/1/7 8696/1/7 8695/1/7
f 8720/1/7 8696/1/7 8719/1/7
f 8721/1/7 8698/1/7 8697/1/7
f 8722/1/7 8698/1/7 8721/1/7
f 8723/1/7 8700/1/7 8699/1/7
f 8724/1/7 8700/1/7 8723/1/7
f 8725/1/7 8702/1/7 8701/1/7
f 8726/1/7 8702/1/7 8725/1/7
f 8727/1/7 8704/1/7 8703/1/7
f 8728/1/7 8704/1/7 8727/1/7
f 8729/1/7 8706/1/7 8705/1/7
f 8730/1/7 8706/1/7 8729/1/7
f 8731/1/7 8708/1/7 8707/1/7
f 8732/1/7 8708/1/7 8731/1/7
f 8751/3/7 8734/3/7 8733/3/7
f 8752/3/7 8734/3/7 8751/3/7
f 8753/3/7 8736/3/7 8735/3/7
f 8754/3/7 8736/3/7 8753/3/7
f 8755/3/7 8738/3/7 8737/3/7
f 8756/3/7 8738/3/7 8755/3/7
f 8757/3/7 8740/3/7 8739/3/7
f 8758/3/7 8740/3/7 8757/3/7
f 8759/3/7 8742/3/7 8741/3/7
f 8760/3/7 8742/3/7 8759/3/7
f 8761/3/7 8744/3/7 8743/3/7
f 8762/3/7 8744/3/7 8761/3/7
f 8763/3/7 8746/3/7 8745/3/7
f 8764/3/7 8746/3/7 8763/3/7
f 8765/3/7 8748/3/7 8747/3/7
f 8766/3/7 8748/3/7 8765/3/7
f 8767/3/7 8750/3/7 8749/3/7
f 8768/3/7 8750/3/7 8767/3/7
f 8801/1/7 8770/1/7 8769/1/7
f 8802/1/7 8770/1/7 8801/1/7
f 8803/1/7 8772/1/7 8771/1/7
f 8804/1/7 8772/1/7 8803/1/7
f 8805/1/7 8774/1/7 8773/1/7
f 8806/1/7 8774/1/7 8805/1/7
f 8807/1/7 8776/1/7 8775/1/7
f 8808/1/7 8776/1/7 8807/1/7
f 8809/1/7 8778/1/7 8777/1/7
f 8810/1/7 8778/1/7 8809/1/7
f 8811/1/7 8780/1/7 8779/1/7
f 8812/1/7 8780/1/7 8811/1/7
f 8813/1/7 8782/1/7 8781/1/7
f 8814/1/7 8782/1/7 8813/1/7
f 8815/1/7 8784/1/7 8783/1/7
f 8816/1/7 8784/1/7 8815/1/7
f 8817/1/7 8786/1/7 8785/1/7
f 8818/1/7 8786/1/7 8817/1/7
f 8819/1/7 8788/1/7 8787/1/7
f 8820/1/7 8788/1/7 8819/1/7
f 8821/1/7 8790/1/7 8789/1/7
f 8822/1/7 8790/1/7 8821/1/7
f 8823/1/7 8792/1/7 8791/1/7
f 8824/1/7 8792/1/7 8823/1/7
f 8825/1/7 8794/1/7 8793/1/7
f 8826/1/7 8794/1/7 8825/1/7
f 8827/1/7 8796/1/7 8795/1/7
f 8828/1/7 8796/1/7 8827/1/7
f 8829/1/7 8798/1/7 8797/1/7
f 8830/1/7 8798/1/7 8829/1/7
f 8831/1/7 8800/1/7 8799/1/7
f 8832/1/7 8800/1/7 8831/1/7
f 8839/4/7 8834/4/7 8833/4/7
f 8840/4/7 8834/4/7 8839/4/7
f 8841/4/7 8836/4/7 8835/4/7
f 8842/4/7 8836/4/7 8841/4/7
f 8843/4/7 8838/4/7 8837/4/7
f 8844/4/7 8838/4/7 8843/4/7
f 8849/4/7 8839/4/7 8833/4/7
f 8850/4/7 8834/4/7 8840/4/7
f 8857/4/7 8841/4/7 8835/4/7
f 8858/4/7 8836/4/7 8842/4/7
f 8865/4/7 8843/4/7 8837/4/7
f 8866/4/7 8838/4/7 8844/4/7
f 8871/1/7 8846/1/7 8845/1/7
f 8872/1/7 8846/1/7 8871/1/7
f 8873/1/7 8848/1/7 8847/1/7
f 8874/1/7 8848/1/7 8873/1/7
f 8875/4/7 8839/4/7 8849/4/7
f 8876/4/7 8839/4/7 8875/4/7
f 8877/4/7 8850/4/7 8840/4/7
f 8878/1/7 8851/1/7 8850/1/7
f 8878/4/7 8850/4/7 8877/4/7
f 8879/1/7 8851/1/7 8878/1/7
f 8880/1/7 8853/1/7 8852/1/7
f 8881/1/7 8853/1/7 8880/1/7
f 8882/1/7 8855/1/7 8854/1/7
f 8883/1/7 8855/1/7 8882/1/7
f 8884/1/7 8857/1/7 8856/1/7
f 8885/4/7 8841/4/7 8857/4/7
f 8885/1/7 8857/1/7 8884/1/7
f 8886/4/7 8841/4/7 8885/4/7
f 8887/4/7 8858/4/7 8842/4/7
f 8888/1/7 8859/1/7 8858/1/7
f 8888/4/7 8858/4/7 8887/4/7
f 8889/1/7 8859/1/7 8888/1/7
f 8890/1/7 8861/1/7 8860/1/7
f 8891/1/7 8861/1/7 8890/1/7
f 8892/1/7 8863/1/7 8862/1/7
f 8893/1/7 8863/1/7 8892/1/7
f 8894/1/7 8865/1/7 8864/1/7
f 8895/4/7 8843/4/7 8865/4/7
f 8895/1/7 8865/1/7 8894/1/7
f 8896/4/7 8843/4/7 8895/4/7
f 8897/4/7 8866/4/7 8844/4/7
f 8898/4/7 8866/4/7 8897/4/7
f 8899/1/7 8868/1/7 8867/1/7
f 8900/1/7 8868/1/7 8899/1/7
f 8901/1/7 8870/1/7 8869/1/7
f 8902/1/7 8870/1/7 8901/1/7
f 8909/5/7 8904/5/7 8903/5/7
f 8910/5/7 8904/5/7 8909/5/7
f 8911/5/7 8906/5/7 8905/5/7
f 8912/5/7 8906/5/7 8911/5/7
f 8913/5/7 8908/5/7 8907/5/7
f 8914/5/7 8908/5/7 8913/5/7
f 8915/5/7 8909/5/7 8903/5/7
f 8916/5/7 8909/5/7 8915/5/7
f 8917/5/7 8904/5/7 8910/5/7
f 8918/5/7 8904/5/7 8917/5/7
f 8919/5/7 8911/5/7 8905/5/7
f 8920/5/7 8911/5/7 8919/5/7
f 8921/5/7 8906/5/7 8912/5/7
f 8922/5/7 8906/5/7 8921/5/7
f 8923/5/7 8913/5/7 8907/5/7
f 8924/5/7 8913/5/7 8923/5/7
f 8925/5/7 8908/5/7 8914/5/7
f 8926/5/7 8908/5/7 8925/5/7
f 8933/5/7 8928/5/7 8927/5/7
f 8934/5/7 8928/5/7 8933/5/7
f 8935/5/7 8930/5/7 8929/5/7
f 8936/5/7 8930/5/7 8935/5/7
f 8937/5/7 8932/5/7 8931/5/7
f 8938/5/7 8932/5/7 8937/5/7
f 8939/5/7 8933/5/7 8927/5/7
f 8940/5/7 8933/5/7 8939/5/7
f 8941/5/7 8928/5/7 8934/5/7
f 8942/5/7 8928/5/7 8941/5/7
f 8943/5/7 8935/5/7 8929/5/7
f 8944/5/7 8935/5/7 8943/5/7
f 8945/5/7 8930/5/7 8936/5/7
f 8946/5/7 8930/5/7 8945/5/7
f 8947/5/7 8937/5/7 8931/5/7
f 8948/5/7 8937/5/7 8947/5/7
f 8949/5/7 8932/5/7 8938/5/7
f 8950/5/7 8932/5/7 8949/5/7
f 8957/5/7 8952/5/7 8951/5/7
f 8958/5/7 8952/5/7 8957/5/7
f 8959/5/7 8954/5/7 8953/5/7
f 8960/5/7 8954/5/7 8959/5/7
f 8961/5/7 8956/5/7 8955/5/7
f 8962/5/7 8956/5/7 8961/5/7
f 8965/5/7 8957/5/7 8951/5/7
f 8966/5/7 8952/5/7 8958/5/7
f 8973/5/7 8959/5/7 8953/5/7
f 8974/5/7 8954/5/7 8960/5/7
f 8981/5/7 8961/5/7 8955/5/7
f 8982/5/7 8956/5/7 8962/5/7
f 8985/1/7 8964/1/7 8963/1/7
f 8986/1/7 8964/1/7 8985/1/7
f 8987/5/7 8957/5/7 8965/5/7
f 8988/5/7 8957/5/7 8987/5/7
f 8989/5/7 8966/5/7 8958/5/7
f 8990/1/7 8967/1/7 8966/1/7
f 8990/5/7 8966/5/7 8989/5/7
f 8991/1/7 8967/1/7 8990/1/7
f 8992/1/7 8969/1/7 8968/1/7
f 8993/1/7 8969/1/7 8992/1/7
f 8994/1/7 8971/1/7 8970/1/7
f 8995/1/7 8971/1/7 8994/1/7
f 8996/1/7 8973/1/7 8972/1/7
f 8997/5/7 8959/5/7 8973/5/7
f 8997/1/7 8973/1/7 8996/1/7
f 8998/5/7 8959/5/7 8997/5/7
f 8999/5/7 8974/5/7 8960/5/7
f 9000/1/7 8975/1/7 8974/1/7
f 9000/5/7 8974/5/7 8999/5/7
f 9001/1/7 8975/1/7 9000/1/7
f 9002/1/7 8977/1/7 8976/1/7
f 9003/1/7 8977/1/7 9002/1/7
f 9004/1/7 8979/1/7 8978/1/7
f 9005/1/7 8979/1/7 9004/1/7
f 9006/1/7 8981/1/7 8980/1/7
f 9007/5/7 8961/5/7 8981/5/7
f 9007/1/7 8981/1/7 9006/1/7
f 9008/5/7 8961/5/7 9007/5/7
f 9009/5/7 8982/5/7 8962/5/7
f 9010/5/7 8982/5/7 9009/5/7
f 9011/1/7 8984/1/7 8983/1/7
f 9012/1/7 8984/1/7 9011/1/7
f 9019/4/7 9014/4/7 9013/4/7
f 9020/4/7 9014/4/7 9019/4/7
f 9021/4/7 9016/4/7 9015/4/7
f 9022/4/7 9016/4/7 9021/4/7
f 9023/4/7 9018/4/7 9017/4/7
f 9024/4/7 9018/4/7 9023/4/7
f 9025/4/7 9019/4/7 9013/4/7
f 9026/4/7 9019/4/7 9025/4/7
f 9027/4/7 9014/4/7 9020/4/7
f 9028/4/7 9014/4/7 9027/4/7
f 9029/4/7 9021/4/7 9015/4/7
f 9030/4/7 9021/4/7 9029/4/7
f 9031/4/7 9016/4/7 9022/4/7
f 9032/4/7 9016/4/7 9031/4/7
f 9033/4/7 9023/4/7 9017/4/7
f 9034/4/7 9023/4/7 9033/4/7
f 9035/4/7 9018/4/7 9024/4/7
f 9036/4/7 9018/4/7 9035/4/7
f 9051/3/7 9038/3/7 9037/3/7
f 9052/3/7 9040/3/7 9039/3/7
f 9058/3/7 9042/3/7 9041/3/7
f 9059/3/7 9044/3/7 9043/3/7
f 9065/3/7 9046/3/7 9045/3/7
f 9066/3/7 9048/3/7 9047/3/7
f 9069/1/7 9050/1/7 9049/1/7
f 9070/1/7 9050/1/7 9069/1/7
f 9071/3/7 9038/3/7 9051/3/7
f 9072/3/7 9038/3/7 9071/3/7
f 9073/3/7 9052/3/7 9039/3/7
f 9074/1/7 9053/1/7 9052/1/7
f 9074/3/7 9052/3/7 9073/3/7
f 9075/1/7 9053/1/7 9074/1/7
f 9076/1/7 9055/1/7 9054/1/7
f 9077/1/7 9055/1/7 9076/1/7
f 9078/1/7 9057/1/7 9056/1/7
f 9079/1/7 9057/1/7 9078/1/7
f 9080/3/7 9042/3/7 9058/3/7
f 9081/3/7 9042/3/7 9080/3/7
f 9082/3/7 9059/3/7 9043/3/7
f 9083/3/7 9059/3/7 9082/3/7
f 9084/1/7 9061/1/7 9060/1/7
f 9085/1/7 9061/1/7 9084/1/7
f 9086/1/7 9063/1/7 9062/1/7
f 9087/1/7 9063/1/7 9086/1/7
f 9088/1/7 9065/1/7 9064/1/7
f 9089/3/7 9046/3/7 9065/3/7
f 9089/1/7 9065/1/7 9088/1/7
f 9090/3/7 9046/3/7 9089/3/7
f 9091/3/7 9066/3/7 9047/3/7
f 9092/3/7 9066/3/7 9091/3/7
f 9093/1/7 9068/1/7 9067/1/7
f 9094/1/7 9068/1/7 9093/1/7
f 9143/3/7 9096/3/7 9095/3/7
f 9144/3/7 9096/3/7 9143/3/7
f 9145/3/7 9098/3/7 9097/3/7
f 9146/3/7 9098/3/7 9145/3/7
f 9147/3/7 9100/3/7 9099/3/7
f 9148/3/7 9100/3/7 9147/3/7
f 9149/3/7 9102/3/7 9101/3/7
f 9150/3/7 9102/3/7 9149/3/7
f 9151/3/7 9104/3/7 9103/3/7
f 9152/3/7 9104/3/7 9151/3/7
f 9153/3/7 9106/3/7 9105/3/7
f 9154/3/7 9106/3/7 9153/3/7
f 9155/3/7 9108/3/7 9107/3/7
f 9156/3/7 9108/3/7 9155/3/7
f 9157/3/7 9110/3/7 9109/3/7
f 9158/3/7 9110/3/7 9157/3/7
f 9159/3/7 9112/3/7 9111/3/7
f 9160/3/7 9112/3/7 9159/3/7
f 9161/3/7 9114/3/7 9113/3/7
f 9162/3/7 9114/3/7 9161/3/7
f 9163/3/7 9116/3/7 9115/3/7
f 9164/3/7 9116/3/7 9163/3/7
f 9165/3/7 9118/3/7 9117/3/7
f 9166/3/7 9118/3/7 9165/3/7
f 9167/3/7 9120/3/7 9119/3/7
f 9168/3/7 9120/3/7 9167/3/7
f 9169/3/7 9122/3/7 9121/3/7
f 9170/3/7 9122/3/7 9169/3/7
f 9171/3/7 9124/3/7 9123/3/7
f 9172/3/7 9124/3/7 9171/3/7
f 9173/3/7 9126/3/7 9125/3/7
f 9174/3/7 9126/3/7 9173/3/7
f 9175/3/7 9128/3/7 9127/3/7
f 9176/3/7 9128/3/7 9175/3/7
f 9177/3/7 9130/3/7 9129/3/7
f 9178/3/7 9130/3/7 9177/3/7
f 9179/3/7 9132/3/7 9131/3/7
f 9180/3/7 9132/3/7 9179/3/7
f 9181/3/7 9134/3/7 9133/3/7
f 9182/3/7 9134/3/7 9181/3/7
f 9183/3/7 9136/3/7 9135/3/7
f 9184/3/7 9136/3/7 9183/3/7
f 9185/3/7 9138/3/7 9137/3/7
f 9186/3/7 9138/3/7 9185/3/7
f 9187/3/7 9140/3/7 9139/3/7
f 9188/3/7 9140/3/7 9187/3/7
f 9189/3/7 9142/3/7 9141/3/7
f 9190/3/7 9142/3/7 9189/3/7
f 9227/3/7 9194/3/7 9193/3/7
f 9228/3/7 9194/3/7 9227/3/7
f 9229/3/7 9196/3/7 9195/3/7
f 9230/3/7 9196/3/7 9229/3/7
f 9231/3/7 9198/3/7 9197/3/7
f 9232/3/7 9198/3/7 9231/3/7
f 9233/3/7 9200/3/7 9199/3/7
f 9234/3/7 9200/3/7 9233/3/7
f 9235/3/7 9206/3/7 9205/3/7
f 9236/3/7 9206/3/7 9235/3/7
f 9237/3/7 9208/3/7 9207/3/7
f 9238/3/7 9208/3/7 9237/3/7
f 9239/3/7 9210/3/7 9209/3/7
f 9240/3/7 9210/3/7 9239/3/7
f 9241/3/7 9212/3/7 9211/3/7
f 9242/3/7 9212/3/7 9241/3/7
f 9243/3/7 9218/3/7 9217/3/7
f 9244/3/7 9218/3/7 9243/3/7
f 9245/3/7 9220/3/7 9219/3/7
f 9246/3/7 9220/3/7 9245/3/7
f 9247/3/7 9222/3/7 9221/3/7
f 9248/3/7 9222/3/7 9247/3/7
f 9249/3/7 9224/3/7 9223/3/7
f 9250/3/7 9224/3/7 9249/3/7
f 9252/3/7 9192/3/7 9191/3/7
f 9253/3/7 9202/3/7 9201/3/7
f 9260/3/7 9204/3/7 9203/3/7
f 9261/3/7 9214/3/7 9213/3/7
f 9268/3/7 9216/3/7 9215/3/7
f 9269/3/7 9226/3/7 9225/3/7
f 9271/1/7 9252/1/7 9251/1/7
f 9272/3/7 9192/3/7 9252/3/7
f 9272/1/7 9252/1/7 9271/1/7
f 9273/3/7 9192/3/7 9272/3/7
f 9274/3/7 9253/3/7 9201/3/7
f 9275/1/7 9254/1/7 9253/1/7
f 9275/3/7 9253/3/7 9274/3/7
f 9276/1/7 9254/1/7 9275/1/7
f 9277/1/7 9256/1/7 9255/1/7
f 9278/1/7 9256/1/7 9277/1/7
f 9279/1/7 9258/1/7 9257/1/7
f 9280/1/7 9258/1/7 9279/1/7
f 9281/1/7 9260/1/7 9259/1/7
f 9282/3/7 9204/3/7 9260/3/7
f 9282/1/7 9260/1/7 9281/1/7
f 9283/3/7 9204/3/7 9282/3/7
f 9284/3/7 9261/3/7 9213/3/7
f 9285/1/7 9262/1/7 9261/1/7
f 9285/3/7 9261/3/7 9284/3/7
f 9286/1/7 9262/1/7 9285/1/7
f 9287/1/7 9264/1/7 9263/1/7
f 9288/1/7 9264/1/7 9287/1/7
f 9289/1/7 9266/1/7 9265/1/7
f 9290/1/7 9266/1/7 9289/1/7
f 9291/1/7 9268/1/7 9267/1/7
f 9292/3/7 9216/3/7 9268/3/7
f 9292/1/7 9268/1/7 9291/1/7
f 9293/3/7 9216/3/7 9292/3/7
f 9294/3/7 9269/3/7 9225/3/7
f 9295/1/7 9270/1/7 9269/1/7
f 9295/3/7 9269/3/7 9294/3/7
f 9296/1/7 9270/1/7 9295/1/7
f 9309/3/7 9298/3/7 9297/3/7
f 9310/3/7 9298/3/7 9309/3/7
f 9311/3/7 9300/3/7 9299/3/7
f 9312/3/7 9300/3/7 9311/3/7
f 9313/3/7 9302/3/7 9301/3/7
f 9314/3/7 9302/3/7 9313/3/7
f 9315/3/7 9304/3/7 9303/3/7
f 9316/3/7 9304/3/7 9315/3/7
f 9317/3/7 9306/3/7 9305/3/7
f 9318/3/7 9306/3/7 9317/3/7
f 9319/3/7 9308/3/7 9307/3/7
f 9320/3/7 9308/3/7 9319/3/7
f 9329/3/7 9322/3/7 9321/3/7
f 9330/3/7 9324/3/7 9323/3/7
f 9331/3/7 9324/3/7 9330/3/7
f 9332/3/7 9324/3/7 9331/3/7
f 9333/3/7 9324/3/7 9332/3/7
f 9334/3/7 9326/3/7 9325/3/7
f 9335/3/7 9326/3/7 9334/3/7
f 9336/3/7 9326/3/7 9335/3/7
f 9337/3/7 9326/3/7 9336/3/7
f 9338/3/7 9328/3/7 9327/3/7
f 9339/3/7 9322/3/7 9329/3/7
f 9340/3/7 9322/3/7 9339/3/7
f 9341/3/7 9332/3/7 9331/3/7
f 9342/3/7 9332/3/7 9341/3/7
f 9343/3/7 9324/3/7 9333/3/7
f 9344/3/7 9324/3/7 9343/3/7
f 9345/3/7 9334/3/7 9325/3/7
f 9346/3/7 9334/3/7 9345/3/7
f 9347/3/7 9336/3/7 9335/3/7
f 9348/3/7 9336/3/7 9347/3/7
f 9349/3/7 9338/3/7 9327/3/7
f 9350/3/7 9338/3/7 9349/3/7
f 9355/3/7 9352/3/7 9351/3/7
f 9356/3/7 9352/3/7 9355/3/7
f 9357/3/7 9354/3/7 9353/3/7
f 9358/3/7 9354/3/7 9357/3/7
f 9359/1/8 9360/1/8 9393/1/8
f 9393/1/8 9360/1/8 9394/1/8
f 9361/1/8 9362/1/8 9395/1/8
f 9395/1/8 9362/1/8 9396/1/8
f 9363/1/8 9364/1/8 9397/1/8
f 9397/1/8 9364/1/8 9398/1/8
f 9365/1/8 9366/1/8 9399/1/8
f 9399/1/8 9366/1/8 9400/1/8
f 9367/1/8 9368/1/8 9401/1/8
f 9401/1/8 9368/1/8 9402/1/8
f 9369/1/8 9370/1/8 9403/1/8
f 9403/1/8 9370/1/8 9404/1/8
f 9371/1/8 9372/1/8 9405/1/8
f 9405/1/8 9372/1/8 9406/1/8
f 9373/1/8 9374/1/8 9407/1/8
f 9407/1/8 9374/1/8 9408/1/8
f 9375/1/8 9376/1/8 9409/1/8
f 9409/1/8 9376/1/8 9410/1/8
f 9377/1/8 9378/1/8 9411/1/8
f 9411/1/8 9378/1/8 9412/1/8
f 9379/1/8 9380/1/8 9413/1/8
f 9413/1/8 9380/1/8 9414/1/8
f 9381/1/8 9382/1/8 9415/1/8
f 9415/1/8 9382/1/8 9416/1/8
f 9383/1/8 9384/1/8 9417/1/8
f 9417/1/8 9384/1/8 9418/1/8
f 9385/1/8 9386/1/8 9419/1/8
f 9419/1/8 9386/1/8 9420/1/8
f 9387/1/8 9388/1/8 9421/1/8
f 9421/1/8 9388/1/8 9422/1/8
f 9389/1/8 9390/1/8 9423/1/8
f 9423/1/8 9390/1/8 9424/1/8
f 9391/1/8 9392/1/8 9425/1/8
f 9425/1/8 9392/1/8 9426/1/8
f 9427/1/8 9428/1/8 9459/1/8
f 9459/1/8 9428/1/8 9460/1/8
f 9429/1/8 9430/1/8 9461/1/8
f 9461/1/8 9430/1/8 9462/1/8
f 9431/1/8 9432/1/8 9463/1/8
f 9463/1/8 9432/1/8 9464/1/8
f 9433/1/8 9434/1/8 9465/1/8
f 9465/1/8 9434/1/8 9466/1/8
f 9435/1/8 9436/1/8 9467/1/8
f 9467/1/8 9436/1/8 9468/1/8
f 9437/1/8 9438/1/8 9469/1/8
f 9469/1/8 9438/1/8 9470/1/8
f 9439/1/8 9440/1/8 9471/1/8
f 9471/1/8 9440/1/8 9472/1/8
f 9441/1/8 9442/1/8 9473/1/8
f 9473/1/8 9442/1/8 9474/1/8
f 9443/1/8 9444/1/8 9475/1/8
f 9475/1/8 9444/1/8 9476/1/8
f 9445/1/8 9446/1/8 9477/1/8
f 9477/1/8 9446/1/8 9478/1/8
f 9447/1/8 9448/1/8 9479/1/8
f 9479/1/8 9448/1/8 9480/1/8
f 9449/1/8 9450/1/8 9481/1/8
f 9481/1/8 9450/1/8 9482/1/8
f 9451/1/8 9452/1/8 9483/1/8
f 9483/1/8 9452/1/8 9484/1/8
f 9453/1/8 9454/1/8 9485/1/8
f 9485/1/8 9454/1/8 9486/1/8
f 9455/1/8 9456/1/8 9487/1/8
f 9487/1/8 9456/1/8 9488/1/8
f 9457/1/8 9458/1/8 9489/1/8
f 9489/1/8 9458/1/8 9490/1/8
f 9491/3/8 9492/3/8 9509/3/8
f 9509/3/8 9492/3/8 9510/3/8
f 9493/3/8 9494/3/8 9511/3/8
f 9511/3/8 9494/3/8 9512/3/8
f 9495/3/8 9496/3/8 9513/3/8
f 9513/3/8 9496/3/8 9514/3/8
f 9497/3/8 9498/3/8 9515/3/8
f 9515/3/8 9498/3/8 9516/3/8
f 9499/3/8 9500/3/8 9517/3/8
f 9517/3/8 9500/3/8 9518/3/8
f 9501/3/8 9502/3/8 9519/3/8
f 9519/3/8 9502/3/8 9520/3/8
f 9503/3/8 9504/3/8 9521/3/8
f 9521/3/8 9504/3/8 9522/3/8
f 9505/3/8 9506/3/8 9523/3/8
f 9523/3/8 9506/3/8 9524/3/8
f 9507/3/8 9508/3/8 9525/3/8
f 9525/3/8 9508/3/8 9526/3/8
f 9527/3/8 9528/3/8 9545/3/8
f 9545/3/8 9528/3/8 9546/3/8
f 9529/3/8 9530/3/8 9547/3/8
f 9547/3/8 9530/3/8 9548/3/8
f 9531/3/8 9532/3/8 9549/3/8
f 9549/3/8 9532/3/8 9550/3/8
f 9533/3/8 9534/3/8 9551/3/8
f 9551/3/8 9534/3/8 9552/3/8
f 9535/3/8 9536/3/8 9553/3/8
f 9553/3/8 9536/3/8 9554/3/8
f 9537/3/8 9538/3/8 9555/3/8
f 9555/3/8 9538/3/8 9556/3/8
f 9539/3/8 9540/3/8 9557/3/8
f 9557/3/8 9540/3/8 9558/3/8
f 9541/3/8 9542/3/8 9559/3/8
f 9559/3/8 9542/3/8 9560/3/8
f 9543/3/8 9544/3/8 9561/3/8
f 9561/3/8 9544/3/8 9562/3/8
f 9563/1/8 9564/1/8 9595/1/8
f 9595/1/8 9564/1/8 9596/1/8
f 9565/1/8 9566/1/8 9597/1/8
f 9597/1/8 9566/1/8 9598/1/8
f 9567/1/8 9568/1/8 9599/1/8
f 9599/1/8 9568/1/8 9600/1/8
f 9569/1/8 9570/1/8 9601/1/8
f 9601/1/8 9570/1/8 9602/1/8
f 9571/1/8 9572/1/8 9603/1/8
f 9603/1/8 9572/1/8 9604/1/8
f 9573/1/8 9574/1/8 9605/1/8
f 9605/1/8 9574/1/8 9606/1/8
f 9575/1/8 9576/1/8 9607/1/8
f 9607/1/8 9576/1/8 9608/1/8
f 9577/1/8 9578/1/8 9609/1/8
f 9609/1/8 9578/1/8 9610/1/8
f 9579/1/8 9580/1/8 9611/1/8
f 9611/1/8 9580/1/8 9612/1/8
f 9581/1/8 9582/1/8 9613/1/8
f 9613/1/8 9582/1/8 9614/1/8
f 9583/1/8 9584/1/8 9615/1/8
f 9615/1/8 9584/1/8 9616/1/8
f 9585/1/8 9586/1/8 9617/1/8
f 9617/1/8 9586/1/8 9618/1/8
f 9587/1/8 9588/1/8 9619/1/8
f 9619/1/8 9588/1/8 9620/1/8
f 9589/1/8 9590/1/8 9621/1/8
f 9621/1/8 9590/1/8 9622/1/8
f 9591/1/8 9592/1/8 9623/1/8
f 9623/1/8 9592/1/8 9624/1/8
f 9593/1/8 9594/1/8 9625/1/8
f 9625/1/8 9594/1/8 9626/1/8
f 9627/3/8 9628/3/8 9645/3/8
f 9645/3/8 9628/3/8 9646/3/8
f 9629/3/8 9630/3/8 9647/3/8
f 9647/3/8 9630/3/8 9648/3/8
f 9631/3/8 9632/3/8 9649/3/8
f 9649/3/8 9632/3/8 9650/3/8
f 9633/3/8 9634/3/8 9651/3/8
f 9651/3/8 9634/3/8 9652/3/8
f 9635/3/8 9636/3/8 9653/3/8
f 9653/3/8 9636/3/8 9654/3/8
f 9637/3/8 9638/3/8 9655/3/8
f 9655/3/8 9638/3/8 9656/3/8
f 9639/3/8 9640/3/8 9657/3/8
f 9657/3/8 9640/3/8 9658/3/8
f 9641/3/8 9642/3/8 9659/3/8
f 9659/3/8 9642/3/8 9660/3/8
f 9643/3/8 9644/3/8 9661/3/8
f 9661/3/8 9644/3/8 9662/3/8
f 9663/1/8 9664/1/8 9695/1/8
f 9695/1/8 9664/1/8 9696/1/8
f 9665/1/8 9666/1/8 9697/1/8
f 9697/1/8 9666/1/8 9698/1/8
f 9667/1/8 9668/1/8 9699/1/8
f 9699/1/8 9668/1/8 9700/1/8
f 9669/1/8 9670/1/8 9701/1/8
f 9701/1/8 9670/1/8 9702/1/8
f 9671/1/8 9672/1/8 9703/1/8
f 9703/1/8 9672/1/8 9704/1/8
f 9673/1/8 9674/1/8 9705/1/8
f 9705/1/8 9674/1/8 9706/1/8
f 9675/1/8 9676/1/8 9707/1/8
f 9707/1/8 9676/1/8 9708/1/8
f 9677/1/8 9678/1/8 9709/1/8
f 9709/1/8 9678/1/8 9710/1/8
f 9679/1/8 9680/1/8 9711/1/8
f 9711/1/8 9680/1/8 9712/1/8
f 9681/1/8 9682/1/8 9713/1/8
f 9713/1/8 9682/1/8 9714/1/8
f 9683/1/8 9684/1/8 9715/1/8
f 9715/1/8 9684/1/8 9716/1/8
f 9685/1/8 9686/1/8 9717/1/8
f 9717/1/8 9686/1/8 9718/1/8
f 9687/1/8 9688/1/8 9719/1/8
f 9719/1/8 9688/1/8 9720/1/8
f 9689/1/8 9690/1/8 9721/1/8
f 9721/1/8 9690/1/8 9722/1/8
f 9691/1/8 9692/1/8 9723/1/8
f 9723/1/8 9692/1/8 9724/1/8
f 9693/1/8 9694/1/8 9725/1/8
f 9725/1/8 9694/1/8 9726/1/8
f 9727/1/8 9728/1/8 9755/1/8
f 9755/1/8 9728/1/8 9756/1/8
f 9729/1/8 9730/1/8 9757/1/8
f 9757/1/8 9730/1/8 9758/1/8
f 9731/1/8 9732/1/8 9759/1/8
f 9759/1/8 9732/1/8 9760/1/8
f 9733/1/8 9734/1/8 9761/1/8
f 9761/1/8 9734/1/8 9762/1/8
f 9735/1/8 9736/1/8 9763/1/8
f 9763/1/8 9736/1/8 9764/1/8
f 9737/1/8 9738/1/8 9765/1/8
f 9765/1/8 9738/1/8 9766/1/8
f 9739/1/8 9740/1/8 9767/1/8
f 9767/1/8 9740/1/8 9768/1/8
f 9741/1/8 9742/1/8 9769/1/8
f 9769/1/8 9742/1/8 9770/1/8
f 9743/1/8 9744/1/8 9771/1/8
f 9771/1/8 9744/1/8 9772/1/8
f 9745/1/8 9746/1/8 9773/1/8
f 9773/1/8 9746/1/8 9774/1/8
f 9747/1/8 9748/1/8 9775/1/8
f 9775/1/8 9748/1/8 9776/1/8
f 9749/1/8 9750/1/8 9777/1/8
f 9777/1/8 9750/1/8 9778/1/8
f 9751/1/8 9752/1/8 9779/1/8
f 9779/1/8 9752/1/8 9780/1/8
f 9753/1/8 9754/1/8 9781/1/8
f 9781/1/8 9754/1/8 9782/1/8
f 9783/6/8 9784/6/8 9791/6/8
f 9791/6/8 9784/6/8 9792/6/9
f 9785/6/8 9786/6/8 9793/6/8
f 9793/6/8 9786/6/8 9794/6/8
f 9787/6/8 9788/6/8 9795/6/8
f 9795/6/8 9788/6/8 9796/6/8
f 9789/6/8 9790/6/8 9797/6/8
f 9797/6/8 9790/6/8 9798/6/8
f 9791/2/8 9792/2/9 9799/2/8
f 9793/2/8 9794/2/8 9799/2/8
f 9792/2/9 9793/2/8 9799/2/8
f 9799/2/8 9794/2/8 9800/2/8
f 9795/2/8 9796/2/8 9801/2/8
f 9797/2/8 9798/2/8 9801/2/8
f 9796/2/8 9797/2/8 9801/2/8
f 9801/2/8 9798/2/8 9802/2/8
f 9803/3/8 9804/3/8 9821/3/8
f 9821/3/8 9804/3/8 9822/3/8
f 9805/3/8 9806/3/8 9823/3/8
f 9823/3/8 9806/3/8 9824/3/8
f 9807/3/8 9808/3/8 9825/3/8
f 9825/3/8 9808/3/8 9826/3/8
f 9809/3/8 9810/3/8 9827/3/8
f 9827/3/8 9810/3/8 9828/3/8
f 9811/3/8 9812/3/8 9829/3/8
f 9829/3/8 9812/3/8 9830/3/8
f 9813/3/8 9814/3/8 9831/3/8
f 9831/3/8 9814/3/8 9832/3/8
f 9815/3/8 9816/3/8 9833/3/8
f 9833/3/8 9816/3/8 9834/3/8
f 9817/3/8 9818/3/8 9835/3/8
f 9835/3/8 9818/3/8 9836/3/8
f 9819/3/8 9820/3/8 9837/3/8
f 9837/3/8 9820/3/8 9838/3/8
f 9839/6/8 9840/6/8 9847/6/8
f 9847/6/8 9840/6/8 9848/6/8
f 9841/6/8 9842/6/8 9849/6/8
f 9849/6/8 9842/6/8 9850/6/8
f 9843/6/8 9844/6/8 9851/6/8
f 9851/6/8 9844/6/8 9852/6/8
f 9845/6/8 9846/6/8 9853/6/8
f 9853/6/8 9846/6/8 9854/6/8
f 9847/2/8 9848/2/8 9855/2/8
f 9855/2/8 9848/2/8 9856/2/8
f 9849/2/8 9850/2/8 9857/2/8
f 9857/2/8 9850/2/8 9858/2/8
f 9851/2/8 9852/2/8 9859/2/8
f 9859/2/8 9852/2/8 9860/2/8
f 9853/2/8 9854/2/8 9861/2/8
f 9861/2/8 9854/2/8 9862/2/8
f 9863/1/8 9864/1/8 9883/1/8
f 9883/1/8 9864/1/8 9884/1/8
f 9865/1/8 9866/1/8 9885/1/8
f 9885/1/8 9866/1/8 9886/1/8
f 9867/1/8 9868/1/8 9887/1/8
f 9887/1/8 9868/1/8 9888/1/8
f 9869/1/8 9870/1/8 9889/1/8
f 9889/1/8 9870/1/8 9890/1/8
f 9871/1/8 9872/1/8 9891/1/8
f 9891/1/8 9872/1/8 9892/1/8
f 9873/1/8 9874/1/8 9893/1/8
f 9893/1/8 9874/1/8 9894/1/8
f 9875/1/8 9876/1/8 9895/1/8
f 9895/1/8 9876/1/8 9896/1/8
f 9877/1/8 9878/1/8 9897/1/8
f 9897/1/8 9878/1/8 9898/1/8
f 9879/1/8 9880/1/8 9899/1/8
f 9899/1/8 9880/1/8 9900/1/8
f 9881/1/8 9882/1/8 9901/1/8
f 9901/1/8 9882/1/8 9902/1/8
f 9903/3/8 9904/3/8 9921/3/8
f 9921/3/8 9904/3/8 9922/3/8
f 9905/3/8 9906/3/8 9923/3/8
f 9923/3/8 9906/3/8 9924/3/8
f 9907/3/8 9908/3/8 9925/3/8
f 9925/3/8 9908/3/8 9926/3/8
f 9909/3/8 9910/3/8 9927/3/8
f 9927/3/8 9910/3/8 9928/3/8
f 9911/3/8 9912/3/8 9929/3/8
f 9929/3/8 9912/3/8 9930/3/8
f 9913/3/8 9914/3/8 9931/3/8
f 9931/3/8 9914/3/8 9932/3/8
f 9915/3/8 9916/3/8 9933/3/8
f 9933/3/8 9916/3/8 9934/3/8
f 9917/3/8 9918/3/8 9935/3/8
f 9935/3/8 9918/3/8 9936/3/8
f 9919/3/8 9920/3/8 9937/3/8
f 9937/3/8 9920/3/8 9938/3/8
f 9939/3/8 9940/3/8 9957/3/8
f 9957/3/8 9940/3/8 9958/3/8
f 9941/3/8 9942/3/8 9959/3/8
f 9959/3/8 9942/3/8 9960/3/8
f 9943/3/8 9944/3/8 9961/3/8
f 9961/3/8 9944/3/8 9962/3/8
f 9945/3/8 9946/3/8 9963/3/8
f 9963/3/8 9946/3/8 9964/3/8
f 9947/3/8 9948/3/8 9965/3/8
f 9965/3/8 9948/3/8 9966/3/8
f 9949/3/8 9950/3/8 9967/3/8
f 9967/3/8 9950/3/8 9968/3/8
f 9951/3/8 9952/3/8 9969/3/8
f 9969/3/8 9952/3/8 9970/3/8
f 9953/3/8 9954/3/8 9971/3/8
f 9971/3/8 9954/3/8 9972/3/8
f 9955/3/8 9956/3/8 9973/3/8
f 9973/3/8 9956/3/8 9974/3/8
f 9983/1/8 9984/1/8 10007/1/8
f 10007/1/8 9984/1/8 10008/1/8
f 9985/1/8 9986/1/8 10009/1/8
f 10009/1/8 9986/1/8 10010/1/8
f 9987/1/8 9988/1/8 10011/1/8
f 10011/1/8 9988/1/8 10012/1/8
f 9989/1/8 9990/1/8 10013/1/8
f 10013/1/8 9990/1/8 10014/1/8
f 9991/1/8 9992/1/8 10015/1/8
f 10015/1/8 9992/1/8 10016/1/8
f 9975/6/8 9976/6/8 10017/6/8
f 10017/6/8 9976/6/8 10018/6/8
f 9977/6/8 9978/6/8 10019/6/8
f 10019/6/8 9978/6/8 10020/6/8
f 9993/1/8 9994/1/8 10021/1/8
f 10021/1/8 9994/1/8 10022/1/8
f 9995/1/8 9996/1/8 10023/1/8
f 10023/1/8 9996/1/8 10024/1/8
f 9979/6/8 9980/6/8 10025/6/8
f 10025/6/8 9980/6/8 10026/6/8
f 9981/6/8 9982/6/8 10027/6/8
f 10027/6/8 9982/6/8 10028/6/8
f 9997/1/8 9998/1/8 10029/1/8
f 10029/1/8 9998/1/8 10030/1/8
f 9999/1/8 10000/1/8 10031/1/8
f 10031/1/8 10000/1/8 10032/1/8
f 10001/1/8 10002/1/8 10033/1/8
f 10033/1/8 10002/1/8 10034/1/8
f 10003/1/8 10004/1/8 10035/1/8
f 10035/1/8 10004/1/8 10036/1/8
f 10005/1/8 10006/1/8 10037/1/8
f 10037/1/8 10006/1/8 10038/1/8
f 10039/1/8 10040/1/8 10063/1/8
f 10063/1/8 10040/1/8 10064/1/8
f 10041/1/8 10042/1/8 10065/1/8
f 10065/1/8 10042/1/8 10066/1/8
f 10043/1/8 10044/1/8 10067/1/8
f 10067/1/8 10044/1/8 10068/1/8
f 10045/1/8 10046/1/8 10069/1/8
f 10069/1/8 10046/1/8 10070/1/8
f 10047/1/8 10048/1/8 10071/1/8
f 10071/1/8 10048/1/8 10072/1/8
f 10049/1/8 10050/1/8 10073/1/8
f 10073/1/8 10050/1/8 10074/1/8
f 10051/1/8 10052/1/8 10075/1/8
f 10075/1/8 10052/1/8 10076/1/8
f 10053/1/8 10054/1/8 10077/1/8
f 10077/1/8 10054/1/8 10078/1/8
f 10055/1/8 10056/1/8 10079/1/8
f 10079/1/8 10056/1/8 10080/1/8
f 10057/1/8 10058/1/8 10081/1/8
f 10081/1/8 10058/1/8 10082/1/8
f 10059/1/8 10060/1/8 10083/1/8
f 10083/1/8 10060/1/8 10084/1/8
f 10061/1/8 10062/1/8 10085/1/8
f 10085/1/8 10062/1/8 10086/1/8
f 10087/6/8 10088/6/8 10095/6/8
f 10095/6/8 10088/6/8 10096/6/8
f 10089/6/8 10090/6/8 10097/6/8
f 10097/6/8 10090/6/8 10098/6/8
f 10091/6/8 10092/6/8 10099/6/8
f 10099/6/8 10092/6/8 10100/6/8
f 10093/6/8 10094/6/8 10101/6/8
f 10101/6/8 10094/6/8 10102/6/8
f 10103/3/8 10104/3/8 10121/3/8
f 10121/3/8 10104/3/8 10122/3/8
f 10105/3/8 10106/3/8 10123/3/8
f 10123/3/8 10106/3/8 10124/3/8
f 10107/3/8 10108/3/8 10125/3/8
f 10125/3/8 10108/3/8 10126/3/8
f 10109/3/8 10110/3/8 10127/3/8
f 10127/3/8 10110/3/8 10128/3/8
f 10111/3/8 10112/3/8 10129/3/8
f 10129/3/8 10112/3/8 10130/3/8
f 10113/3/8 10114/3/8 10131/3/8
f 10131/3/8 10114/3/8 10132/3/8
f 10115/3/8 10116/3/8 10133/3/8
f 10133/3/8 10116/3/8 10134/3/8
f 10117/3/8 10118/3/8 10135/3/8
f 10135/3/8 10118/3/8 10136/3/8
f 10119/3/8 10120/3/8 10137/3/8
f 10137/3/8 10120/3/8 10138/3/8
f 10139/1/8 10140/1/8 10167/1/8
f 10167/1/8 10140/1/8 10168/1/8
f 10141/1/8 10142/1/8 10169/1/8
f 10169/1/8 10142/1/8 10170/1/8
f 10143/1/8 10144/1/8 10171/1/8
f 10171/1/8 10144/1/8 10172/1/8
f 10145/1/8 10146/1/8 10173/1/8
f 10173/1/8 10146/1/8 10174/1/8
f 10147/1/8 10148/1/8 10175/1/8
f 10175/1/8 10148/1/8 10176/1/8
f 10149/1/8 10150/1/8 10177/1/8
f 10177/1/8 10150/1/8 10178/1/8
f 10151/1/8 10152/1/8 10179/1/8
f 10179/1/8 10152/1/8 10180/1/8
f 10153/1/8 10154/1/8 10181/1/8
f 10181/1/8 10154/1/8 10182/1/8
f 10155/1/8 10156/1/8 10183/1/8
f 10183/1/8 10156/1/8 10184/1/8
f 10157/1/8 10158/1/8 10185/1/8
f 10185/1/8 10158/1/8 10186/1/8
f 10159/1/8 10160/1/8 10187/1/8
f 10187/1/8 10160/1/8 10188/1/8
f 10161/1/8 10162/1/8 10189/1/8
f 10189/1/8 10162/1/8 10190/1/8
f 10163/1/8 10164/1/8 10191/1/8
f 10191/1/8 10164/1/8 10192/1/8
f 10165/1/8 10166/1/8 10193/1/8
f 10193/1/8 10166/1/8 10194/1/8
f 10195/3/8 10196/3/8 10213/3/8
f 10213/3/8 10196/3/8 10214/3/8
f 10197/3/8 10198/3/8 10215/3/8
f 10215/3/8 10198/3/8 10216/3/8
f 10199/3/8 10200/3/8 10217/3/8
f 10217/3/8 10200/3/8 10218/3/8
f 10201/3/8 10202/3/8 10219/3/8
f 10219/3/8 10202/3/8 10220/3/8
f 10203/3/8 10204/3/8 10221/3/8
f 10221/3/8 10204/3/8 10222/3/8
f 10205/3/8 10206/3/8 10223/3/8
f 10223/3/8 10206/3/8 10224/3/8
f 10207/3/8 10208/3/8 10225/3/8
f 10225/3/8 10208/3/8 10226/3/8
f 10209/3/8 10210/3/8 10227/3/8
f 10227/3/8 10210/3/8 10228/3/8
f 10211/3/8 10212/3/8 10229/3/8
f 10229/3/8 10212/3/8 10230/3/8
f 10231/1/8 10232/1/8 10255/1/8
f 10255/1/8 10232/1/8 10256/1/8
f 10233/1/8 10234/1/8 10257/1/8
f 10257/1/8 10234/1/8 10258/1/8
f 10235/1/8 10236/1/8 10259/1/8
f 10259/1/8 10236/1/8 10260/1/8
f 10237/1/8 10238/1/8 10261/1/8
f 10261/1/8 10238/1/8 10262/1/8
f 10239/1/8 10240/1/8 10263/1/8
f 10263/1/8 10240/1/8 10264/1/8
f 10241/1/8 10242/1/8 10265/1/8
f 10265/1/8 10242/1/8 10266/1/8
f 10243/1/8 10244/1/8 10267/1/8
f 10267/1/8 10244/1/8 10268/1/8
f 10245/1/8 10246/1/8 10269/1/8
f 10269/1/8 10246/1/8 10270/1/8
f 10247/1/8 10248/1/8 10271/1/8
f 10271/1/8 10248/1/8 10272/1/8
f 10249/1/8 10250/1/8 10273/1/8
f 10273/1/8 10250/1/8 10274/1/8
f 10251/1/8 10252/1/8 10275/1/8
f 10275/1/8 10252/1/8 10276/1/8
f 10253/1/8 10254/1/8 10277/1/8
f 10277/1/8 10254/1/8 10278/1/8
f 10279/3/8 10280/3/8 10297/3/8
f 10297/3/8 10280/3/8 10298/3/8
f 10281/3/8 10282/3/8 10299/3/8
f 10299/3/8 10282/3/8 10300/3/8
f 10283/3/8 10284/3/8 10301/3/8
f 10301/3/8 10284/3/8 10302/3/8
f 10285/3/8 10286/3/8 10303/3/8
f 10303/3/8 10286/3/8 10304/3/8
f 10287/3/8 10288/3/8 10305/3/8
f 10305/3/8 10288/3/8 10306/3/8
f 10289/3/8 10290/3/8 10307/3/8
f 10307/3/8 10290/3/8 10308/3/8
f 10291/3/8 10292/3/8 10309/3/8
f 10309/3/8 10292/3/8 10310/3/8
f 10293/3/8 10294/3/8 10311/3/8
f 10311/3/8 10294/3/8 10312/3/8
f 10295/3/8 10296/3/8 10313/3/8
f 10313/3/8 10296/3/8 10314/3/8
f 10315/6/8 10316/6/8 10323/6/8
f 10323/6/8 10316/6/8 10324/6/8
f 10317/6/8 10318/6/8 10325/6/8
f 10325/6/8 10318/6/8 10326/6/8
f 10319/6/8 10320/6/8 10327/6/8
f 10327/6/8 10320/6/8 10328/6/8
f 10321/6/8 10322/6/8 10329/6/8
f 10329/6/8 10322/6/8 10330/6/8
f 10331/6/8 10332/6/8 10348/6/8
f 10333/6/8 10334/6/8 10349/6/8
f 10335/6/8 10336/6/8 10354/6/8
f 10337/6/8 10338/6/8 10355/6/8
f 10339/1/8 10340/1/8 10365/1/8
f 10365/1/8 10340/1/8 10366/1/8
f 10341/1/8 10342/1/8 10367/1/8
f 10367/1/8 10342/1/8 10368/1/8
f 10343/1/8 10344/1/8 10369/1/8
f 10369/1/8 10344/1/8 10370/1/8
f 10345/1/8 10346/1/8 10371/1/8
f 10371/1/8 10346/1/8 10372/1/8
f 10347/1/8 10348/1/8 10373/1/8
f 10348/6/8 10332/6/8 10374/6/8
f 10373/1/8 10348/1/8 10374/1/8
f 10374/6/8 10332/6/8 10375/6/8
f 10333/6/8 10349/6/8 10376/6/8
f 10376/6/8 10349/6/8 10377/6/8
f 10350/1/8 10351/1/8 10378/1/8
f 10378/1/8 10351/1/8 10379/1/8
f 10352/1/8 10353/1/8 10380/1/8
f 10380/1/8 10353/1/8 10381/1/8
f 10354/6/8 10336/6/8 10382/6/8
f 10382/6/8 10336/6/8 10383/6/8
f 10337/6/8 10355/6/8 10384/6/8
f 10355/1/8 10356/1/8 10385/1/8
f 10384/6/8 10355/6/8 10385/6/8
f 10385/1/8 10356/1/8 10386/1/8
f 10357/1/8 10358/1/8 10387/1/8
f 10387/1/8 10358/1/8 10388/1/8
f 10359/1/8 10360/1/8 10389/1/8
f 10389/1/8 10360/1/8 10390/1/8
f 10361/1/8 10362/1/8 10391/1/8
f 10391/1/8 10362/1/8 10392/1/8
f 10363/1/8 10364/1/8 10393/1/8
f 10393/1/8 10364/1/8 10394/1/8
f 10395/6/8 10396/6/8 10403/6/8
f 10403/6/8 10396/6/8 10404/6/8
f 10397/6/8 10398/6/8 10405/6/8
f 10405/6/8 10398/6/8 10406/6/8
f 10399/6/8 10400/6/8 10407/6/8
f 10407/6/8 10400/6/8 10408/6/8
f 10401/6/8 10402/6/8 10409/6/8
f 10409/6/8 10402/6/8 10410/6/8
f 10411/1/8 10412/1/8 10439/1/8
f 10439/1/8 10412/1/8 10440/1/8
f 10413/1/8 10414/1/8 10441/1/8
f 10441/1/8 10414/1/8 10442/1/8
f 10415/1/8 10416/1/8 10443/1/8
f 10443/1/8 10416/1/8 10444/1/8
f 10417/1/8 10418/1/8 10445/1/8
f 10445/1/8 10418/1/8 10446/1/8
f 10419/1/8 10420/1/8 10447/1/8
f 10447/1/8 10420/1/8 10448/1/8
f 10421/1/8 10422/1/8 10449/1/8
f 10449/1/8 10422/1/8 10450/1/8
f 10423/1/8 10424/1/8 10451/1/8
f 10451/1/8 10424/1/8 10452/1/8
f 10425/1/8 10426/1/8 10453/1/8
f 10453/1/8 10426/1/8 10454/1/8
f 10427/1/8 10428/1/8 10455/1/8
f 10455/1/8 10428/1/8 10456/1/8
f 10429/1/8 10430/1/8 10457/1/8
f 10457/1/8 10430/1/8 10458/1/8
f 10431/1/8 10432/1/8 10459/1/8
f 10459/1/8 10432/1/8 10460/1/8
f 10433/1/8 10434/1/8 10461/1/8
f 10461/1/8 10434/1/8 10462/1/8
f 10435/1/8 10436/1/8 10463/1/8
f 10463/1/8 10436/1/8 10464/1/8
f 10437/1/8 10438/1/8 10465/1/8
f 10465/1/8 10438/1/8 10466/1/8
f 10467/3/8 10468/3/8 10485/3/8
f 10485/3/8 10468/3/8 10486/3/8
f 10469/3/8 10470/3/8 10487/3/8
f 10487/3/8 10470/3/8 10488/3/8
f 10471/3/8 10472/3/8 10489/3/8
f 10489/3/8 10472/3/8 10490/3/8
f 10473/3/8 10474/3/8 10491/3/8
f 10491/3/8 10474/3/8 10492/3/8
f 10475/3/8 10476/3/8 10493/3/8
f 10493/3/8 10476/3/8 10494/3/8
f 10477/3/8 10478/3/8 10495/3/8
f 10495/3/8 10478/3/8 10496/3/8
f 10479/3/8 10480/3/8 10497/3/8
f 10497/3/8 10480/3/8 10498/3/8
f 10481/3/8 10482/3/8 10499/3/8
f 10499/3/8 10482/3/8 10500/3/8
f 10483/3/8 10484/3/8 10501/3/8
f 10501/3/8 10484/3/8 10502/3/8
f 10503/6/8 10504/6/8 10511/6/8
f 10511/6/8 10504/6/8 10512/6/8
f 10505/6/8 10506/6/8 10513/6/8
f 10513/6/8 10506/6/8 10514/6/8
f 10507/6/8 10508/6/8 10515/6/8
f 10515/6/8 10508/6/8 10516/6/8
f 10509/6/8 10510/6/8 10517/6/8
f 10517/6/8 10510/6/8 10518/6/8
f 10519/3/8 10520/3/8 10537/3/8
f 10537/3/8 10520/3/8 10538/3/8
f 10521/3/8 10522/3/8 10539/3/8
f 10539/3/8 10522/3/8 10540/3/8
f 10523/3/8 10524/3/8 10541/3/8
f 10541/3/8 10524/3/8 10542/3/8
f 10525/3/8 10526/3/8 10543/3/8
f 10543/3/8 10526/3/8 10544/3/8
f 10527/3/8 10528/3/8 10545/3/8
f 10545/3/8 10528/3/8 10546/3/8
f 10529/3/8 10530/3/8 10547/3/8
f 10547/3/8 10530/3/8 10548/3/8
f 10531/3/8 10532/3/8 10549/3/8
f 10549/3/8 10532/3/8 10550/3/8
f 10533/3/8 10534/3/8 10551/3/8
f 10551/3/8 10534/3/8 10552/3/8
f 10535/3/8 10536/3/8 10553/3/8
f 10553/3/8 10536/3/8 10554/3/8
f 10555/6/8 10556/6/8 10570/6/8
f 10557/6/8 10558/6/8 10571/6/8
f 10559/6/8 10560/6/8 10578/6/8
f 10561/6/8 10562/6/8 10579/6/8
f 10563/1/8 10564/1/8 10587/1/8
f 10587/1/8 10564/1/8 10588/1/8
f 10565/1/8 10566/1/8 10589/1/8
f 10589/1/8 10566/1/8 10590/1/8
f 10567/1/8 10568/1/8 10591/1/8
f 10591/1/8 10568/1/8 10592/1/8
f 10569/1/8 10570/1/8 10593/1/8
f 10570/6/8 10556/6/8 10594/6/8
f 10593/1/8 10570/1/8 10594/1/8
f 10594/6/8 10556/6/8 10595/6/8
f 10557/6/8 10571/6/8 10596/6/8
f 10571/1/8 10572/1/8 10597/1/8
f 10596/6/8 10571/6/8 10597/6/8
f 10597/1/8 10572/1/8 10598/1/8
f 10573/1/8 10574/1/8 10599/1/8
f 10599/1/8 10574/1/8 10600/1/8
f 10575/1/8 10576/1/8 10601/1/8
f 10601/1/8 10576/1/8 10602/1/8
f 10577/1/8 10578/1/8 10603/1/8
f 10578/6/8 10560/6/8 10604/6/8
f 10603/1/8 10578/1/8 10604/1/8
f 10604/6/8 10560/6/8 10605/6/8
f 10561/6/8 10579/6/8 10606/6/8
f 10579/1/8 10580/1/8 10607/1/8
f 10606/6/8 10579/6/8 10607/6/8
f 10607/1/8 10580/1/8 10608/1/8
f 10581/1/8 10582/1/8 10609/1/8
f 10609/1/8 10582/1/8 10610/1/8
f 10583/1/8 10584/1/8 10611/1/8
f 10611/1/8 10584/1/8 10612/1/8
f 10585/1/8 10586/1/8 10613/1/8
f 10613/1/8 10586/1/8 10614/1/8
f 10615/6/8 10616/6/8 10623/6/8
f 10623/6/8 10616/6/8 10624/6/8
f 10617/6/8 10618/6/8 10625/6/8
f 10625/6/8 10618/6/8 10626/6/8
f 10619/6/8 10620/6/8 10627/6/8
f 10627/6/8 10620/6/8 10628/6/8
f 10621/6/8 10622/6/8 10629/6/8
f 10629/6/8 10622/6/8 10630/6/8
f 10631/3/8 10632/3/8 10649/3/8
f 10649/3/8 10632/3/8 10650/3/8
f 10633/3/8 10634/3/8 10651/3/8
f 10651/3/8 10634/3/8 10652/3/8
f 10635/3/8 10636/3/8 10653/3/8
f 10653/3/8 10636/3/8 10654/3/8
f 10637/3/8 10638/3/8 10655/3/8
f 10655/3/8 10638/3/8 10656/3/8
f 10639/3/8 10640/3/8 10657/3/8
f 10657/3/8 10640/3/8 10658/3/8
f 10641/3/8 10642/3/8 10659/3/8
f 10659/3/8 10642/3/8 10660/3/8
f 10643/3/8 10644/3/8 10661/3/8
f 10661/3/8 10644/3/8 10662/3/8
f 10645/3/8 10646/3/8 10663/3/8
f 10663/3/8 10646/3/8 10664/3/8
f 10647/3/8 10648/3/8 10665/3/8
f 10665/3/8 10648/3/8 10666/3/8
f 10667/6/8 10668/6/8 10671/6/8
f 10671/6/8 10668/6/8 10672/6/8
f 10669/6/8 10670/6/8 10673/6/8
f 10673/6/8 10670/6/8 10674/6/8
f 10675/1/8 10676/1/8 10707/1/8
f 10707/1/8 10676/1/8 10708/1/8
f 10677/1/8 10678/1/8 10709/1/8
f 10709/1/8 10678/1/8 10710/1/8
f 10679/1/8 10680/1/8 10711/1/8
f 10711/1/8 10680/1/8 10712/1/8
f 10681/1/8 10682/1/8 10713/1/8
f 10713/1/8 10682/1/8 10714/1/8
f 10683/1/8 10684/1/8 10715/1/8
f 10715/1/8 10684/1/8 10716/1/8
f 10685/1/8 10686/1/8 10717/1/8
f 10717/1/8 10686/1/8 10718/1/8
f 10687/1/8 10688/1/8 10719/1/8
f 10719/1/8 10688/1/8 10720/1/8
f 10689/1/8 10690/1/8 10721/1/8
f 10721/1/8 10690/1/8 10722/1/8
f 10691/1/8 10692/1/8 10723/1/8
f 10723/1/8 10692/1/8 10724/1/8
f 10693/1/8 10694/1/8 10725/1/8
f 10725/1/8 10694/1/8 10726/1/8
f 10695/1/8 10696/1/8 10727/1/8
f 10727/1/8 10696/1/8 10728/1/8
f 10697/1/8 10698/1/8 10729/1/8
f 10729/1/8 10698/1/8 10730/1/8
f 10699/1/8 10700/1/8 10731/1/8
f 10731/1/8 10700/1/8 10732/1/8
f 10701/1/8 10702/1/8 10733/1/8
f 10733/1/8 10702/1/8 10734/1/8
f 10703/1/8 10704/1/8 10735/1/8
f 10735/1/8 10704/1/8 10736/1/8
f 10705/1/8 10706/1/8 10737/1/8
f 10737/1/8 10706/1/8 10738/1/8
f 10739/1/8 10740/1/8 10767/1/8
f 10767/1/8 10740/1/8 10768/1/8
f 10741/1/8 10742/1/8 10769/1/8
f 10769/1/8 10742/1/8 10770/1/8
f 10743/1/8 10744/1/8 10771/1/8
f 10771/1/8 10744/1/8 10772/1/8
f 10745/1/8 10746/1/8 10773/1/8
f 10773/1/8 10746/1/8 10774/1/8
f 10747/1/8 10748/1/8 10775/1/8
f 10775/1/8 10748/1/8 10776/1/8
f 10749/1/8 10750/1/8 10777/1/8
f 10777/1/8 10750/1/8 10778/1/8
f 10751/1/8 10752/1/8 10779/1/8
f 10779/1/8 10752/1/8 10780/1/8
f 10753/1/8 10754/1/8 10781/1/8
f 10781/1/8 10754/1/8 10782/1/8
f 10755/1/8 10756/1/8 10783/1/8
f 10783/1/8 10756/1/8 10784/1/8
f 10757/1/8 10758/1/8 10785/1/8
f 10785/1/8 10758/1/8 10786/1/8
f 10759/1/8 10760/1/8 10787/1/8
f 10787/1/8 10760/1/8 10788/1/8
f 10761/1/8 10762/1/8 10789/1/8
f 10789/1/8 10762/1/8 10790/1/8
f 10763/1/8 10764/1/8 10791/1/8
f 10791/1/8 10764/1/8 10792/1/8
f 10765/1/8 10766/1/8 10793/1/8
f 10793/1/8 10766/1/8 10794/1/8
f 10795/1/8 10796/1/8 10819/1/8
f 10819/1/8 10796/1/8 10820/1/8
f 10797/1/8 10798/1/8 10821/1/8
f 10821/1/8 10798/1/8 10822/1/8
f 10799/1/8 10800/1/8 10823/1/8
f 10823/1/8 10800/1/8 10824/1/8
f 10801/1/8 10802/1/8 10825/1/8
f 10825/1/8 10802/1/8 10826/1/8
f 10803/1/8 10804/1/8 10827/1/8
f 10827/1/8 10804/1/8 10828/1/8
f 10805/1/8 10806/1/8 10829/1/8
f 10829/1/8 10806/1/8 10830/1/8
f 10807/1/8 10808/1/8 10831/1/8
f 10831/1/8 10808/1/8 10832/1/8
f 10809/1/8 10810/1/8 10833/1/8
f 10833/1/8 10810/1/8 10834/1/8
f 10811/1/8 10812/1/8 10835/1/8
f 10835/1/8 10812/1/8 10836/1/8
f 10813/1/8 10814/1/8 10837/1/8
f 10837/1/8 10814/1/8 10838/1/8
f 10815/1/8 10816/1/8 10839/1/8
f 10839/1/8 10816/1/8 10840/1/8
f 10817/1/8 10818/1/8 10841/1/8
f 10841/1/8 10818/1/8 10842/1/8
f 10843/1/8 10844/1/8 10867/1/8
f 10867/1/8 10844/1/8 10868/1/8
f 10845/1/8 10846/1/8 10869/1/8
f 10869/1/8 10846/1/8 10870/1/8
f 10847/1/8 10848/1/8 10871/1/8
f 10871/1/8 10848/1/8 10872/1/8
f 10849/1/8 10850/1/8 10873/1/8
f 10873/1/8 10850/1/8 10874/1/8
f 10851/1/8 10852/1/8 10875/1/8
f 10875/1/8 10852/1/8 10876/1/8
f 10853/1/8 10854/1/8 10877/1/8
f 10877/1/8 10854/1/8 10878/1/8
f 10855/1/8 10856/1/8 10879/1/8
f 10879/1/8 10856/1/8 10880/1/8
f 10857/1/8 10858/1/8 10881/1/8
f 10881/1/8 10858/1/8 10882/1/8
f 10859/1/8 10860/1/8 10883/1/8
f 10883/1/8 10860/1/8 10884/1/8
f 10861/1/8 10862/1/8 10885/1/8
f 10885/1/8 10862/1/8 10886/1/8
f 10863/1/8 10864/1/8 10887/1/8
f 10887/1/8 10864/1/8 10888/1/8
f 10865/1/8 10866/1/8 10889/1/8
f 10889/1/8 10866/1/8 10890/1/8
f 10891/4/8 10892/4/8 10915/4/8
f 10915/4/8 10892/4/8 10916/4/8
f 10893/4/8 10894/4/8 10917/4/8
f 10917/4/8 10894/4/8 10918/4/8
f 10895/4/8 10896/4/8 10919/4/8
f 10919/4/8 10896/4/8 10920/4/8
f 10897/4/8 10898/4/8 10921/4/8
f 10921/4/8 10898/4/8 10922/4/8
f 10899/4/8 10900/4/8 10923/4/8
f 10923/4/8 10900/4/8 10924/4/8
f 10901/4/8 10902/4/8 10925/4/8
f 10925/4/8 10902/4/8 10926/4/8
f 10903/4/8 10904/4/8 10927/4/8
f 10927/4/8 10904/4/8 10928/4/8
f 10905/4/8 10906/4/8 10929/4/8
f 10929/4/8 10906/4/8 10930/4/8
f 10907/4/8 10908/4/8 10931/4/8
f 10931/4/8 10908/4/8 10932/4/8
f 10909/4/8 10910/4/8 10933/4/8
f 10933/4/8 10910/4/8 10934/4/8
f 10911/4/8 10912/4/8 10935/4/8
f 10935/4/8 10912/4/8 10936/4/8
f 10913/4/8 10914/4/8 10937/4/8
f 10937/4/8 10914/4/8 10938/4/8
f 10939/3/8 10940/3/8 10987/3/8
f 10987/3/8 10940/3/8 10988/3/8
f 10941/3/8 10942/3/8 10989/3/8
f 10989/3/8 10942/3/8 10990/3/8
f 10943/3/8 10944/3/8 10991/3/8
f 10991/3/8 10944/3/8 10992/3/8
f 10945/3/8 10946/3/8 10993/3/8
f 10993/3/8 10946/3/8 10994/3/8
f 10947/3/8 10948/3/8 10995/3/8
f 10995/3/8 10948/3/8 10996/3/8
f 10949/3/8 10950/3/8 10997/3/8
f 10997/3/8 10950/3/8 10998/3/8
f 10951/3/8 10952/3/8 10999/3/8
f 10999/3/8 10952/3/8 11000/3/8
f 10953/3/8 10954/3/8 11001/3/8
f 11001/3/8 10954/3/8 11002/3/8
f 10955/3/8 10956/3/8 11003/3/8
f 11003/3/8 10956/3/8 11004/3/8
f 10957/3/8 10958/3/8 11005/3/8
f 11005/3/8 10958/3/8 11006/3/8
f 10959/3/8 10960/3/8 11007/3/8
f 11007/3/8 10960/3/8 11008/3/8
f 10961/3/8 10962/3/8 11009/3/8
f 11009/3/8 10962/3/8 11010/3/8
f 10963/3/8 10964/3/8 11011/3/8
f 11011/3/8 10964/3/8 11012/3/8
f 10965/3/8 10966/3/8 11013/3/8
f 11013/3/8 10966/3/8 11014/3/8
f 10967/3/8 10968/3/8 11015/3/8
f 11015/3/8 10968/3/8 11016/3/8
f 10969/3/8 10970/3/8 11017/3/8
f 11017/3/8 10970/3/8 11018/3/8
f 10971/3/8 10972/3/8 11019/3/8
f 11019/3/8 10972/3/8 11020/3/8
f 10973/3/8 10974/3/8 11021/3/8
f 11021/3/8 10974/3/8 11022/3/8
f 10975/3/8 10976/3/8 11023/3/8
f 11023/3/8 10976/3/8 11024/3/8
f 10977/3/8 10978/3/8 11025/3/8
f 11025/3/8 10978/3/8 11026/3/8
f 10979/3/8 10980/3/8 11027/3/8
f 11027/3/8 10980/3/8 11028/3/8
f 10981/3/8 10982/3/8 11029/3/8
f 11029/3/8 10982/3/8 11030/3/8
f 10983/3/8 10984/3/8 11031/3/8
f 11031/3/8 10984/3/8 11032/3/8
f 10985/3/8 10986/3/8 11033/3/8
f 11033/3/8 10986/3/8 11034/3/8
f 11035/1/8 11036/1/8 11055/1/8
f 11055/1/8 11036/1/8 11056/1/8
f 11037/1/8 11038/1/8 11057/1/8
f 11057/1/8 11038/1/8 11058/1/8
f 11039/1/8 11040/1/8 11059/1/8
f 11059/1/8 11040/1/8 11060/1/8
f 11041/1/8 11042/1/8 11061/1/8
f 11061/1/8 11042/1/8 11062/1/8
f 11043/1/8 11044/1/8 11063/1/8
f 11063/1/8 11044/1/8 11064/1/8
f 11045/1/8 11046/1/8 11065/1/8
f 11065/1/8 11046/1/8 11066/1/8
f 11047/1/8 11048/1/8 11067/1/8
f 11067/1/8 11048/1/8 11068/1/8
f 11049/1/8 11050/1/8 11069/1/8
f 11069/1/8 11050/1/8 11070/1/8
f 11051/1/8 11052/1/8 11071/1/8
f 11071/1/8 11052/1/8 11072/1/8
f 11053/1/8 11054/1/8 11073/1/8
f 11073/1/8 11054/1/8 11074/1/8
f 11075/3/8 11076/3/8 11087/3/8
f 11087/3/8 11076/3/8 11088/3/8
f 11077/3/8 11078/3/8 11089/3/8
f 11089/3/8 11078/3/8 11090/3/8
f 11079/3/8 11080/3/8 11091/3/8
f 11091/3/8 11080/3/8 11092/3/8
f 11081/3/8 11082/3/8 11093/3/8
f 11093/3/8 11082/3/8 11094/3/8
f 11083/3/8 11084/3/8 11095/3/8
f 11095/3/8 11084/3/8 11096/3/8
f 11085/3/8 11086/3/8 11097/3/8
f 11097/3/8 11086/3/8 11098/3/8
f 11099/1/8 11100/1/8 11111/1/8
f 11111/1/8 11100/1/8 11112/1/8
f 11101/1/8 11102/1/8 11113/1/8
f 11113/1/8 11102/1/8 11114/1/8
f 11103/1/8 11104/1/8 11115/1/8
f 11115/1/8 11104/1/8 11116/1/8
f 11105/1/8 11106/1/8 11117/1/8
f 11117/1/8 11106/1/8 11118/1/8
f 11107/1/8 11108/1/8 11119/1/8
f 11119/1/8 11108/1/8 11120/1/8
f 11109/1/8 11110/1/8 11121/1/8
f 11121/1/8 11110/1/8 11122/1/8
f 11123/3/8 11124/3/8 11125/3/8
f 11125/3/8 11124/3/8 11126/3/8
f 11127/2/8 11128/2/8 11129/2/8
f 11129/2/8 11128/2/8 11130/2/8
