# Blender 5.0.0
# www.blender.org
mtllib Background.mtl
o Untitled
v -50.000000 -30.439713 -3.165131
v -50.000000 -30.439713 -4.165131
v -50.000000 31.560287 -3.165131
v -50.000000 31.560287 -4.165131
v -47.000000 24.560287 2.834869
v -47.000000 24.560287 -3.165131
v -47.000000 26.560287 2.834869
v -47.000000 26.560287 0.834869
v -47.000000 26.560287 -0.165131
v -47.000000 27.560287 0.834869
v -47.000000 27.560287 -0.165131
v -47.000000 27.560287 -3.165131
v -46.000000 23.560287 2.834869
v -46.000000 23.560287 -3.165131
v -46.000000 24.560287 2.834869
v -46.000000 24.560287 -3.165131
v -45.000000 18.560287 1.834869
v -45.000000 18.560287 -3.165131
v -45.000000 19.560287 2.834869
v -45.000000 19.560287 1.834869
v -45.000000 19.560287 -3.165131
v -45.000000 20.560287 2.834869
v -45.000000 20.560287 0.834869
v -45.000000 20.560287 -0.165131
v -45.000000 20.560287 -1.165131
v -45.000000 22.560287 2.834869
v -45.000000 22.560287 0.834869
v -45.000000 22.560287 -0.165131
v -45.000000 22.560287 -1.165131
v -45.000000 23.560287 2.834869
v -45.000000 23.560287 -3.165131
v -44.000000 17.560287 1.834869
v -44.000000 17.560287 -3.165131
v -44.000000 18.560287 1.834869
v -44.000000 18.560287 -3.165131
v -43.000000 16.560287 1.834869
v -43.000000 16.560287 -3.165131
v -43.000000 17.560287 1.834869
v -43.000000 17.560287 -3.165131
v -42.000000 15.560287 1.834869
v -42.000000 15.560287 -3.165131
v -42.000000 16.560287 1.834869
v -42.000000 16.560287 -3.165131
v -42.000000 19.560287 2.834869
v -42.000000 19.560287 1.834869
v -42.000000 19.560287 0.834869
v -42.000000 20.560287 2.834869
v -42.000000 20.560287 0.834869
v -42.000000 22.560287 2.834869
v -42.000000 22.560287 0.834869
v -42.000000 23.560287 2.834869
v -42.000000 23.560287 0.834869
v -41.000000 14.560287 1.834869
v -41.000000 14.560287 -3.165131
v -41.000000 15.560287 1.834869
v -41.000000 15.560287 -3.165131
v -41.000000 20.560287 2.834869
v -41.000000 20.560287 0.834869
v -41.000000 22.560287 2.834869
v -41.000000 22.560287 0.834869
v -40.000000 -30.439713 1.834869
v -40.000000 -30.439713 -3.165131
v -40.000000 -27.439713 1.834869
v -40.000000 -27.439713 0.834869
v -40.000000 -27.439713 -0.165131
v -40.000000 -26.439713 1.834869
v -40.000000 -26.439713 0.834869
v -40.000000 -26.439713 -0.165131
v -40.000000 -21.439713 1.834869
v -40.000000 -21.439713 0.834869
v -40.000000 -21.439713 -0.165131
v -40.000000 -20.439713 1.834869
v -40.000000 -20.439713 0.834869
v -40.000000 -20.439713 -0.165131
v -40.000000 -19.439713 1.834869
v -40.000000 -19.439713 0.834869
v -40.000000 -19.439713 -0.165131
v -40.000000 -18.439713 1.834869
v -40.000000 -18.439713 0.834869
v -40.000000 -18.439713 -0.165131
v -40.000000 -16.439713 1.834869
v -40.000000 -16.439713 0.834869
v -40.000000 -16.439713 -0.165131
v -40.000000 -15.439713 1.834869
v -40.000000 -15.439713 0.834869
v -40.000000 -15.439713 -0.165131
v -40.000000 -13.439713 1.834869
v -40.000000 -13.439713 0.834869
v -40.000000 -13.439713 -0.165131
v -40.000000 -12.439713 1.834869
v -40.000000 -12.439713 0.834869
v -40.000000 -12.439713 -0.165131
v -40.000000 -7.439713 1.834869
v -40.000000 -7.439713 0.834869
v -40.000000 -7.439713 -0.165131
v -40.000000 -6.439713 1.834869
v -40.000000 -6.439713 0.834869
v -40.000000 -6.439713 -0.165131
v -40.000000 -5.439713 1.834869
v -40.000000 -5.439713 0.834869
v -40.000000 -5.439713 -0.165131
v -40.000000 -4.439713 1.834869
v -40.000000 -4.439713 0.834869
v -40.000000 -4.439713 -0.165131
v -40.000000 -2.439713 1.834869
v -40.000000 -2.439713 0.834869
v -40.000000 -2.439713 -0.165131
v -40.000000 -1.439713 1.834869
v -40.000000 -1.439713 0.834869
v -40.000000 -1.439713 -0.165131
v -40.000000 0.560287 1.834869
v -40.000000 0.560287 0.834869
v -40.000000 0.560287 -0.165131
v -40.000000 1.560287 1.834869
v -40.000000 1.560287 0.834869
v -40.000000 1.560287 -0.165131
v -40.000000 6.560287 1.834869
v -40.000000 6.560287 0.834869
v -40.000000 6.560287 -0.165131
v -40.000000 7.560287 1.834869
v -40.000000 7.560287 0.834869
v -40.000000 7.560287 -0.165131
v -40.000000 8.560287 1.834869
v -40.000000 8.560287 0.834869
v -40.000000 8.560287 -0.165131
v -40.000000 9.560287 1.834869
v -40.000000 9.560287 0.834869
v -40.000000 9.560287 -0.165131
v -40.000000 11.560287 1.834869
v -40.000000 11.560287 0.834869
v -40.000000 11.560287 -0.165131
v -40.000000 12.560287 1.834869
v -40.000000 12.560287 0.834869
v -40.000000 12.560287 -0.165131
v -40.000000 14.560287 1.834869
v -40.000000 14.560287 -3.165131
v -37.000000 19.560287 2.834869
v -37.000000 19.560287 1.834869
v -37.000000 19.560287 0.834869
v -37.000000 20.560287 2.834869
v -37.000000 20.560287 0.834869
v -37.000000 22.560287 2.834869
v -37.000000 22.560287 0.834869
v -37.000000 23.560287 2.834869
v -37.000000 23.560287 0.834869
v -36.000000 -27.439713 1.834869
v -36.000000 -27.439713 0.834869
v -36.000000 -26.439713 1.834869
v -36.000000 -26.439713 0.834869
v -36.000000 -21.439713 1.834869
v -36.000000 -21.439713 0.834869
v -36.000000 -20.439713 1.834869
v -36.000000 -20.439713 0.834869
v -36.000000 -19.439713 1.834869
v -36.000000 -19.439713 0.834869
v -36.000000 -18.439713 1.834869
v -36.000000 -18.439713 0.834869
v -36.000000 -16.439713 1.834869
v -36.000000 -16.439713 0.834869
v -36.000000 -15.439713 1.834869
v -36.000000 -15.439713 0.834869
v -36.000000 -13.439713 1.834869
v -36.000000 -13.439713 0.834869
v -36.000000 -12.439713 1.834869
v -36.000000 -12.439713 0.834869
v -36.000000 -7.439713 1.834869
v -36.000000 -7.439713 0.834869
v -36.000000 -6.439713 1.834869
v -36.000000 -6.439713 0.834869
v -36.000000 -5.439713 1.834869
v -36.000000 -5.439713 0.834869
v -36.000000 -4.439713 1.834869
v -36.000000 -4.439713 0.834869
v -36.000000 -2.439713 1.834869
v -36.000000 -2.439713 0.834869
v -36.000000 -1.439713 1.834869
v -36.000000 -1.439713 0.834869
v -36.000000 0.560287 1.834869
v -36.000000 0.560287 0.834869
v -36.000000 1.560287 1.834869
v -36.000000 1.560287 0.834869
v -36.000000 6.560287 1.834869
v -36.000000 6.560287 0.834869
v -36.000000 7.560287 1.834869
v -36.000000 7.560287 0.834869
v -36.000000 8.560287 1.834869
v -36.000000 8.560287 0.834869
v -36.000000 9.560287 1.834869
v -36.000000 9.560287 0.834869
v -36.000000 11.560287 1.834869
v -36.000000 11.560287 0.834869
v -36.000000 12.560287 1.834869
v -36.000000 12.560287 0.834869
v -36.000000 20.560287 2.834869
v -36.000000 20.560287 0.834869
v -36.000000 22.560287 2.834869
v -36.000000 22.560287 0.834869
v -34.000000 -26.439713 1.834869
v -34.000000 -26.439713 0.834869
v -34.000000 -21.439713 1.834869
v -34.000000 -21.439713 0.834869
v -34.000000 -18.439713 1.834869
v -34.000000 -18.439713 0.834869
v -34.000000 -16.439713 1.834869
v -34.000000 -16.439713 0.834869
v -34.000000 -12.439713 1.834869
v -34.000000 -12.439713 0.834869
v -34.000000 -7.439713 1.834869
v -34.000000 -7.439713 0.834869
v -34.000000 -4.439713 1.834869
v -34.000000 -4.439713 0.834869
v -34.000000 -2.439713 1.834869
v -34.000000 -2.439713 0.834869
v -34.000000 1.560287 1.834869
v -34.000000 1.560287 0.834869
v -34.000000 6.560287 1.834869
v -34.000000 6.560287 0.834869
v -34.000000 9.560287 1.834869
v -34.000000 9.560287 0.834869
v -34.000000 11.560287 1.834869
v -34.000000 11.560287 0.834869
v -31.000000 19.560287 2.834869
v -31.000000 19.560287 1.834869
v -31.000000 19.560287 0.834869
v -31.000000 20.560287 2.834869
v -31.000000 20.560287 0.834869
v -31.000000 22.560287 2.834869
v -31.000000 22.560287 0.834869
v -31.000000 23.560287 2.834869
v -31.000000 23.560287 0.834869
v -30.000000 20.560287 2.834869
v -30.000000 20.560287 0.834869
v -30.000000 22.560287 2.834869
v -30.000000 22.560287 0.834869
v -26.000000 19.560287 2.834869
v -26.000000 19.560287 1.834869
v -26.000000 19.560287 0.834869
v -26.000000 20.560287 2.834869
v -26.000000 20.560287 0.834869
v -26.000000 22.560287 2.834869
v -26.000000 22.560287 0.834869
v -26.000000 23.560287 2.834869
v -26.000000 23.560287 0.834869
v -24.000000 -15.439713 -2.165131
v -24.000000 -15.439713 -3.165131
v -24.000000 0.560287 -2.165131
v -24.000000 0.560287 -3.165131
v -23.000000 -16.439713 -2.165131
v -23.000000 -16.439713 -3.165131
v -23.000000 -15.439713 -2.165131
v -23.000000 -15.439713 -3.165131
v -23.000000 0.560287 -2.165131
v -23.000000 0.560287 -3.165131
v -23.000000 2.560287 -2.165131
v -23.000000 2.560287 -3.165131
v -22.000000 -17.439713 -2.165131
v -22.000000 -17.439713 -3.165131
v -22.000000 -16.439713 -2.165131
v -22.000000 -16.439713 -3.165131
v -22.000000 2.560287 -2.165131
v -22.000000 2.560287 -3.165131
v -22.000000 4.560287 -2.165131
v -22.000000 4.560287 -3.165131
v -21.000000 -18.439713 -2.165131
v -21.000000 -18.439713 -3.165131
v -21.000000 -17.439713 -2.165131
v -21.000000 -17.439713 -3.165131
v -21.000000 4.560287 -2.165131
v -21.000000 4.560287 -3.165131
v -21.000000 6.560287 -2.165131
v -21.000000 6.560287 -3.165131
v -20.000000 6.560287 -2.165131
v -20.000000 6.560287 -3.165131
v -20.000000 7.560287 -2.165131
v -20.000000 7.560287 -3.165131
v -19.000000 7.560287 -2.165131
v -19.000000 7.560287 -3.165131
v -19.000000 8.560287 -2.165131
v -19.000000 8.560287 -3.165131
v -18.000000 -16.439713 -2.165131
v -18.000000 -16.439713 -3.165131
v -18.000000 -12.439713 -2.165131
v -18.000000 -12.439713 -3.165131
v -18.000000 -11.439713 -2.165131
v -18.000000 -11.439713 -3.165131
v -18.000000 -7.439713 -2.165131
v -18.000000 -7.439713 -3.165131
v -18.000000 -6.439713 -2.165131
v -18.000000 -6.439713 -3.165131
v -18.000000 -2.439713 -2.165131
v -18.000000 -2.439713 -3.165131
v -18.000000 -1.439713 -2.165131
v -18.000000 -1.439713 -3.165131
v -18.000000 6.560287 -2.165131
v -18.000000 6.560287 -3.165131
v -18.000000 8.560287 -2.165131
v -18.000000 8.560287 -3.165131
v -18.000000 9.560287 -2.165131
v -18.000000 9.560287 -3.165131
v -17.000000 6.560287 -3.165131
v -17.000000 6.560287 -4.165131
v -17.000000 7.560287 -3.165131
v -17.000000 7.560287 -4.165131
v -16.000000 4.560287 -2.165131
v -16.000000 4.560287 -3.165131
v -16.000000 4.560287 -4.165131
v -16.000000 6.560287 -2.165131
v -16.000000 6.560287 -3.165131
v -16.000000 6.560287 -4.165131
v -15.000000 2.560287 -2.165131
v -15.000000 2.560287 -3.165131
v -15.000000 2.560287 -4.165131
v -15.000000 4.560287 -2.165131
v -15.000000 4.560287 -3.165131
v -15.000000 4.560287 -4.165131
v -14.000000 -16.439713 -2.165131
v -14.000000 -16.439713 -3.165131
v -14.000000 -16.439713 -4.165131
v -14.000000 -15.439713 -2.165131
v -14.000000 -15.439713 -3.165131
v -14.000000 -15.439713 -4.165131
v -14.000000 0.560287 -2.165131
v -14.000000 0.560287 -3.165131
v -14.000000 0.560287 -4.165131
v -14.000000 2.560287 -2.165131
v -14.000000 2.560287 -3.165131
v -14.000000 2.560287 -4.165131
v -13.000000 -15.439713 -2.165131
v -13.000000 -15.439713 -3.165131
v -13.000000 -15.439713 -4.165131
v -13.000000 -12.439713 -2.165131
v -13.000000 -12.439713 -3.165131
v -13.000000 -11.439713 -2.165131
v -13.000000 -11.439713 -3.165131
v -13.000000 -7.439713 -2.165131
v -13.000000 -7.439713 -3.165131
v -13.000000 -6.439713 -2.165131
v -13.000000 -6.439713 -3.165131
v -13.000000 -2.439713 -2.165131
v -13.000000 -2.439713 -3.165131
v -13.000000 -1.439713 -2.165131
v -13.000000 -1.439713 -3.165131
v -13.000000 0.560287 -2.165131
v -13.000000 0.560287 -3.165131
v -13.000000 0.560287 -4.165131
v -12.000000 24.560287 2.834869
v -12.000000 24.560287 -3.165131
v -12.000000 26.560287 2.834869
v -12.000000 26.560287 0.834869
v -12.000000 26.560287 -0.165131
v -12.000000 27.560287 0.834869
v -12.000000 27.560287 -0.165131
v -12.000000 27.560287 -3.165131
v -11.000000 23.560287 2.834869
v -11.000000 23.560287 -3.165131
v -11.000000 24.560287 2.834869
v -11.000000 24.560287 -3.165131
v -10.000000 18.560287 1.834869
v -10.000000 18.560287 -3.165131
v -10.000000 19.560287 2.834869
v -10.000000 19.560287 1.834869
v -10.000000 19.560287 -3.165131
v -10.000000 20.560287 2.834869
v -10.000000 20.560287 0.834869
v -10.000000 20.560287 -0.165131
v -10.000000 20.560287 -1.165131
v -10.000000 22.560287 2.834869
v -10.000000 22.560287 0.834869
v -10.000000 22.560287 -0.165131
v -10.000000 22.560287 -1.165131
v -10.000000 23.560287 2.834869
v -10.000000 23.560287 -3.165131
v -9.000000 17.560287 1.834869
v -9.000000 17.560287 -3.165131
v -9.000000 18.560287 1.834869
v -9.000000 18.560287 -3.165131
v -8.000000 16.560287 1.834869
v -8.000000 16.560287 -3.165131
v -8.000000 17.560287 1.834869
v -8.000000 17.560287 -3.165131
v -7.000000 15.560287 1.834869
v -7.000000 15.560287 -3.165131
v -7.000000 16.560287 1.834869
v -7.000000 16.560287 -3.165131
v -7.000000 19.560287 2.834869
v -7.000000 19.560287 1.834869
v -7.000000 19.560287 0.834869
v -7.000000 20.560287 2.834869
v -7.000000 20.560287 0.834869
v -7.000000 22.560287 2.834869
v -7.000000 22.560287 0.834869
v -7.000000 23.560287 2.834869
v -7.000000 23.560287 0.834869
v -6.000000 14.560287 1.834869
v -6.000000 14.560287 -3.165131
v -6.000000 15.560287 1.834869
v -6.000000 15.560287 -3.165131
v -6.000000 20.560287 2.834869
v -6.000000 20.560287 0.834869
v -6.000000 22.560287 2.834869
v -6.000000 22.560287 0.834869
v -5.000000 -30.439713 1.834869
v -5.000000 -30.439713 -3.165131
v -5.000000 -27.439713 1.834869
v -5.000000 -27.439713 0.834869
v -5.000000 -27.439713 -0.165131
v -5.000000 -26.439713 1.834869
v -5.000000 -26.439713 0.834869
v -5.000000 -26.439713 -0.165131
v -5.000000 -21.439713 1.834869
v -5.000000 -21.439713 0.834869
v -5.000000 -21.439713 -0.165131
v -5.000000 -20.439713 1.834869
v -5.000000 -20.439713 0.834869
v -5.000000 -20.439713 -0.165131
v -5.000000 -19.439713 1.834869
v -5.000000 -19.439713 0.834869
v -5.000000 -19.439713 -0.165131
v -5.000000 -18.439713 1.834869
v -5.000000 -18.439713 0.834869
v -5.000000 -18.439713 -0.165131
v -5.000000 -16.439713 1.834869
v -5.000000 -16.439713 0.834869
v -5.000000 -16.439713 -0.165131
v -5.000000 -15.439713 1.834869
v -5.000000 -15.439713 0.834869
v -5.000000 -15.439713 -0.165131
v -5.000000 -13.439713 1.834869
v -5.000000 -13.439713 0.834869
v -5.000000 -13.439713 -0.165131
v -5.000000 -12.439713 1.834869
v -5.000000 -12.439713 0.834869
v -5.000000 -12.439713 -0.165131
v -5.000000 -7.439713 1.834869
v -5.000000 -7.439713 0.834869
v -5.000000 -7.439713 -0.165131
v -5.000000 -6.439713 1.834869
v -5.000000 -6.439713 0.834869
v -5.000000 -6.439713 -0.165131
v -5.000000 -5.439713 1.834869
v -5.000000 -5.439713 0.834869
v -5.000000 -5.439713 -0.165131
v -5.000000 -4.439713 1.834869
v -5.000000 -4.439713 0.834869
v -5.000000 -4.439713 -0.165131
v -5.000000 -2.439713 1.834869
v -5.000000 -2.439713 0.834869
v -5.000000 -2.439713 -0.165131
v -5.000000 -1.439713 1.834869
v -5.000000 -1.439713 0.834869
v -5.000000 -1.439713 -0.165131
v -5.000000 0.560287 1.834869
v -5.000000 0.560287 0.834869
v -5.000000 0.560287 -0.165131
v -5.000000 1.560287 1.834869
v -5.000000 1.560287 0.834869
v -5.000000 1.560287 -0.165131
v -5.000000 6.560287 1.834869
v -5.000000 6.560287 0.834869
v -5.000000 6.560287 -0.165131
v -5.000000 7.560287 1.834869
v -5.000000 7.560287 0.834869
v -5.000000 7.560287 -0.165131
v -5.000000 8.560287 1.834869
v -5.000000 8.560287 0.834869
v -5.000000 8.560287 -0.165131
v -5.000000 9.560287 1.834869
v -5.000000 9.560287 0.834869
v -5.000000 9.560287 -0.165131
v -5.000000 11.560287 1.834869
v -5.000000 11.560287 0.834869
v -5.000000 11.560287 -0.165131
v -5.000000 12.560287 1.834869
v -5.000000 12.560287 0.834869
v -5.000000 12.560287 -0.165131
v -5.000000 14.560287 1.834869
v -5.000000 14.560287 -3.165131
v -2.000000 19.560287 2.834869
v -2.000000 19.560287 1.834869
v -2.000000 19.560287 0.834869
v -2.000000 20.560287 2.834869
v -2.000000 20.560287 0.834869
v -2.000000 22.560287 2.834869
v -2.000000 22.560287 0.834869
v -2.000000 23.560287 2.834869
v -2.000000 23.560287 0.834869
v -1.000000 -27.439713 1.834869
v -1.000000 -27.439713 0.834869
v -1.000000 -26.439713 1.834869
v -1.000000 -26.439713 0.834869
v -1.000000 -21.439713 1.834869
v -1.000000 -21.439713 0.834869
v -1.000000 -20.439713 1.834869
v -1.000000 -20.439713 0.834869
v -1.000000 -19.439713 1.834869
v -1.000000 -19.439713 0.834869
v -1.000000 -18.439713 1.834869
v -1.000000 -18.439713 0.834869
v -1.000000 -16.439713 1.834869
v -1.000000 -16.439713 0.834869
v -1.000000 -15.439713 1.834869
v -1.000000 -15.439713 0.834869
v -1.000000 -13.439713 1.834869
v -1.000000 -13.439713 0.834869
v -1.000000 -12.439713 1.834869
v -1.000000 -12.439713 0.834869
v -1.000000 -7.439713 1.834869
v -1.000000 -7.439713 0.834869
v -1.000000 -6.439713 1.834869
v -1.000000 -6.439713 0.834869
v -1.000000 -5.439713 1.834869
v -1.000000 -5.439713 0.834869
v -1.000000 -4.439713 1.834869
v -1.000000 -4.439713 0.834869
v -1.000000 -2.439713 1.834869
v -1.000000 -2.439713 0.834869
v -1.000000 -1.439713 1.834869
v -1.000000 -1.439713 0.834869
v -1.000000 0.560287 1.834869
v -1.000000 0.560287 0.834869
v -1.000000 1.560287 1.834869
v -1.000000 1.560287 0.834869
v -1.000000 6.560287 1.834869
v -1.000000 6.560287 0.834869
v -1.000000 7.560287 1.834869
v -1.000000 7.560287 0.834869
v -1.000000 8.560287 1.834869
v -1.000000 8.560287 0.834869
v -1.000000 9.560287 1.834869
v -1.000000 9.560287 0.834869
v -1.000000 11.560287 1.834869
v -1.000000 11.560287 0.834869
v -1.000000 12.560287 1.834869
v -1.000000 12.560287 0.834869
v -1.000000 20.560287 2.834869
v -1.000000 20.560287 0.834869
v -1.000000 22.560287 2.834869
v -1.000000 22.560287 0.834869
v 1.000000 -26.439713 1.834869
v 1.000000 -26.439713 0.834869
v 1.000000 -21.439713 1.834869
v 1.000000 -21.439713 0.834869
v 1.000000 -18.439713 1.834869
v 1.000000 -18.439713 0.834869
v 1.000000 -16.439713 1.834869
v 1.000000 -16.439713 0.834869
v 1.000000 -12.439713 1.834869
v 1.000000 -12.439713 0.834869
v 1.000000 -7.439713 1.834869
v 1.000000 -7.439713 0.834869
v 1.000000 -4.439713 1.834869
v 1.000000 -4.439713 0.834869
v 1.000000 -2.439713 1.834869
v 1.000000 -2.439713 0.834869
v 1.000000 1.560287 1.834869
v 1.000000 1.560287 0.834869
v 1.000000 6.560287 1.834869
v 1.000000 6.560287 0.834869
v 1.000000 9.560287 1.834869
v 1.000000 9.560287 0.834869
v 1.000000 11.560287 1.834869
v 1.000000 11.560287 0.834869
v 4.000000 19.560287 2.834869
v 4.000000 19.560287 1.834869
v 4.000000 19.560287 0.834869
v 4.000000 20.560287 2.834869
v 4.000000 20.560287 0.834869
v 4.000000 22.560287 2.834869
v 4.000000 22.560287 0.834869
v 4.000000 23.560287 2.834869
v 4.000000 23.560287 0.834869
v 5.000000 20.560287 2.834869
v 5.000000 20.560287 0.834869
v 5.000000 22.560287 2.834869
v 5.000000 22.560287 0.834869
v 9.000000 19.560287 2.834869
v 9.000000 19.560287 1.834869
v 9.000000 19.560287 0.834869
v 9.000000 20.560287 2.834869
v 9.000000 20.560287 0.834869
v 9.000000 22.560287 2.834869
v 9.000000 22.560287 0.834869
v 9.000000 23.560287 2.834869
v 9.000000 23.560287 0.834869
v 11.000000 -15.439713 -2.165131
v 11.000000 -15.439713 -3.165131
v 11.000000 0.560287 -2.165131
v 11.000000 0.560287 -3.165131
v 12.000000 -16.439713 -2.165131
v 12.000000 -16.439713 -3.165131
v 12.000000 -15.439713 -2.165131
v 12.000000 -15.439713 -3.165131
v 12.000000 0.560287 -2.165131
v 12.000000 0.560287 -3.165131
v 12.000000 2.560287 -2.165131
v 12.000000 2.560287 -3.165131
v 13.000000 -17.439713 -2.165131
v 13.000000 -17.439713 -3.165131
v 13.000000 -16.439713 -2.165131
v 13.000000 -16.439713 -3.165131
v 13.000000 2.560287 -2.165131
v 13.000000 2.560287 -3.165131
v 13.000000 4.560287 -2.165131
v 13.000000 4.560287 -3.165131
v 14.000000 -18.439713 -2.165131
v 14.000000 -18.439713 -3.165131
v 14.000000 -17.439713 -2.165131
v 14.000000 -17.439713 -3.165131
v 14.000000 4.560287 -2.165131
v 14.000000 4.560287 -3.165131
v 14.000000 6.560287 -2.165131
v 14.000000 6.560287 -3.165131
v 15.000000 6.560287 -2.165131
v 15.000000 6.560287 -3.165131
v 15.000000 7.560287 -2.165131
v 15.000000 7.560287 -3.165131
v 16.000000 7.560287 -2.165131
v 16.000000 7.560287 -3.165131
v 16.000000 8.560287 -2.165131
v 16.000000 8.560287 -3.165131
v 17.000000 -16.439713 -2.165131
v 17.000000 -16.439713 -3.165131
v 17.000000 -12.439713 -2.165131
v 17.000000 -12.439713 -3.165131
v 17.000000 -11.439713 -2.165131
v 17.000000 -11.439713 -3.165131
v 17.000000 -7.439713 -2.165131
v 17.000000 -7.439713 -3.165131
v 17.000000 -6.439713 -2.165131
v 17.000000 -6.439713 -3.165131
v 17.000000 -2.439713 -2.165131
v 17.000000 -2.439713 -3.165131
v 17.000000 -1.439713 -2.165131
v 17.000000 -1.439713 -3.165131
v 17.000000 6.560287 -2.165131
v 17.000000 6.560287 -3.165131
v 17.000000 8.560287 -2.165131
v 17.000000 8.560287 -3.165131
v 17.000000 9.560287 -2.165131
v 17.000000 9.560287 -3.165131
v 18.000000 6.560287 -3.165131
v 18.000000 6.560287 -4.165131
v 18.000000 7.560287 -3.165131
v 18.000000 7.560287 -4.165131
v 19.000000 4.560287 -2.165131
v 19.000000 4.560287 -3.165131
v 19.000000 4.560287 -4.165131
v 19.000000 6.560287 -2.165131
v 19.000000 6.560287 -3.165131
v 19.000000 6.560287 -4.165131
v 20.000000 2.560287 -2.165131
v 20.000000 2.560287 -3.165131
v 20.000000 2.560287 -4.165131
v 20.000000 4.560287 -2.165131
v 20.000000 4.560287 -3.165131
v 20.000000 4.560287 -4.165131
v 21.000000 -16.439713 -2.165131
v 21.000000 -16.439713 -3.165131
v 21.000000 -16.439713 -4.165131
v 21.000000 -15.439713 -2.165131
v 21.000000 -15.439713 -3.165131
v 21.000000 -15.439713 -4.165131
v 21.000000 0.560287 -2.165131
v 21.000000 0.560287 -3.165131
v 21.000000 0.560287 -4.165131
v 21.000000 2.560287 -2.165131
v 21.000000 2.560287 -3.165131
v 21.000000 2.560287 -4.165131
v 22.000000 -15.439713 -2.165131
v 22.000000 -15.439713 -3.165131
v 22.000000 -15.439713 -4.165131
v 22.000000 -12.439713 -2.165131
v 22.000000 -12.439713 -3.165131
v 22.000000 -11.439713 -2.165131
v 22.000000 -11.439713 -3.165131
v 22.000000 -7.439713 -2.165131
v 22.000000 -7.439713 -3.165131
v 22.000000 -6.439713 -2.165131
v 22.000000 -6.439713 -3.165131
v 22.000000 -2.439713 -2.165131
v 22.000000 -2.439713 -3.165131
v 22.000000 -1.439713 -2.165131
v 22.000000 -1.439713 -3.165131
v 22.000000 0.560287 -2.165131
v 22.000000 0.560287 -3.165131
v 22.000000 0.560287 -4.165131
v 23.000000 24.560287 2.834869
v 23.000000 24.560287 -3.165131
v 23.000000 26.560287 2.834869
v 23.000000 26.560287 0.834869
v 23.000000 26.560287 -0.165131
v 23.000000 27.560287 0.834869
v 23.000000 27.560287 -0.165131
v 23.000000 27.560287 -3.165131
v 24.000000 23.560287 2.834869
v 24.000000 23.560287 -3.165131
v 24.000000 24.560287 2.834869
v 24.000000 24.560287 -3.165131
v 25.000000 18.560287 1.834869
v 25.000000 18.560287 -3.165131
v 25.000000 19.560287 2.834869
v 25.000000 19.560287 1.834869
v 25.000000 19.560287 -3.165131
v 25.000000 20.560287 2.834869
v 25.000000 20.560287 0.834869
v 25.000000 20.560287 -0.165131
v 25.000000 20.560287 -1.165131
v 25.000000 22.560287 2.834869
v 25.000000 22.560287 0.834869
v 25.000000 22.560287 -0.165131
v 25.000000 22.560287 -1.165131
v 25.000000 23.560287 2.834869
v 25.000000 23.560287 -3.165131
v 26.000000 17.560287 1.834869
v 26.000000 17.560287 -3.165131
v 26.000000 18.560287 1.834869
v 26.000000 18.560287 -3.165131
v 27.000000 16.560287 1.834869
v 27.000000 16.560287 -3.165131
v 27.000000 17.560287 1.834869
v 27.000000 17.560287 -3.165131
v 28.000000 15.560287 1.834869
v 28.000000 15.560287 -3.165131
v 28.000000 16.560287 1.834869
v 28.000000 16.560287 -3.165131
v 28.000000 19.560287 2.834869
v 28.000000 19.560287 1.834869
v 28.000000 19.560287 0.834869
v 28.000000 20.560287 2.834869
v 28.000000 20.560287 0.834869
v 28.000000 22.560287 2.834869
v 28.000000 22.560287 0.834869
v 28.000000 23.560287 2.834869
v 28.000000 23.560287 0.834869
v 29.000000 14.560287 1.834869
v 29.000000 14.560287 -3.165131
v 29.000000 15.560287 1.834869
v 29.000000 15.560287 -3.165131
v 29.000000 20.560287 2.834869
v 29.000000 20.560287 0.834869
v 29.000000 22.560287 2.834869
v 29.000000 22.560287 0.834869
v 30.000000 -30.439713 1.834869
v 30.000000 -30.439713 -3.165131
v 30.000000 -27.439713 1.834869
v 30.000000 -27.439713 0.834869
v 30.000000 -27.439713 -0.165131
v 30.000000 -26.439713 1.834869
v 30.000000 -26.439713 0.834869
v 30.000000 -26.439713 -0.165131
v 30.000000 -21.439713 1.834869
v 30.000000 -21.439713 0.834869
v 30.000000 -21.439713 -0.165131
v 30.000000 -20.439713 1.834869
v 30.000000 -20.439713 0.834869
v 30.000000 -20.439713 -0.165131
v 30.000000 -19.439713 1.834869
v 30.000000 -19.439713 0.834869
v 30.000000 -19.439713 -0.165131
v 30.000000 -18.439713 1.834869
v 30.000000 -18.439713 0.834869
v 30.000000 -18.439713 -0.165131
v 30.000000 -16.439713 1.834869
v 30.000000 -16.439713 0.834869
v 30.000000 -16.439713 -0.165131
v 30.000000 -15.439713 1.834869
v 30.000000 -15.439713 0.834869
v 30.000000 -15.439713 -0.165131
v 30.000000 -13.439713 1.834869
v 30.000000 -13.439713 0.834869
v 30.000000 -13.439713 -0.165131
v 30.000000 -12.439713 1.834869
v 30.000000 -12.439713 0.834869
v 30.000000 -12.439713 -0.165131
v 30.000000 -7.439713 1.834869
v 30.000000 -7.439713 0.834869
v 30.000000 -7.439713 -0.165131
v 30.000000 -6.439713 1.834869
v 30.000000 -6.439713 0.834869
v 30.000000 -6.439713 -0.165131
v 30.000000 -5.439713 1.834869
v 30.000000 -5.439713 0.834869
v 30.000000 -5.439713 -0.165131
v 30.000000 -4.439713 1.834869
v 30.000000 -4.439713 0.834869
v 30.000000 -4.439713 -0.165131
v 30.000000 -2.439713 1.834869
v 30.000000 -2.439713 0.834869
v 30.000000 -2.439713 -0.165131
v 30.000000 -1.439713 1.834869
v 30.000000 -1.439713 0.834869
v 30.000000 -1.439713 -0.165131
v 30.000000 0.560287 1.834869
v 30.000000 0.560287 0.834869
v 30.000000 0.560287 -0.165131
v 30.000000 1.560287 1.834869
v 30.000000 1.560287 0.834869
v 30.000000 1.560287 -0.165131
v 30.000000 6.560287 1.834869
v 30.000000 6.560287 0.834869
v 30.000000 6.560287 -0.165131
v 30.000000 7.560287 1.834869
v 30.000000 7.560287 0.834869
v 30.000000 7.560287 -0.165131
v 30.000000 8.560287 1.834869
v 30.000000 8.560287 0.834869
v 30.000000 8.560287 -0.165131
v 30.000000 9.560287 1.834869
v 30.000000 9.560287 0.834869
v 30.000000 9.560287 -0.165131
v 30.000000 11.560287 1.834869
v 30.000000 11.560287 0.834869
v 30.000000 11.560287 -0.165131
v 30.000000 12.560287 1.834869
v 30.000000 12.560287 0.834869
v 30.000000 12.560287 -0.165131
v 30.000000 14.560287 1.834869
v 30.000000 14.560287 -3.165131
v 33.000000 19.560287 2.834869
v 33.000000 19.560287 1.834869
v 33.000000 19.560287 0.834869
v 33.000000 20.560287 2.834869
v 33.000000 20.560287 0.834869
v 33.000000 22.560287 2.834869
v 33.000000 22.560287 0.834869
v 33.000000 23.560287 2.834869
v 33.000000 23.560287 0.834869
v 34.000000 -27.439713 1.834869
v 34.000000 -27.439713 0.834869
v 34.000000 -26.439713 1.834869
v 34.000000 -26.439713 0.834869
v 34.000000 -21.439713 1.834869
v 34.000000 -21.439713 0.834869
v 34.000000 -20.439713 1.834869
v 34.000000 -20.439713 0.834869
v 34.000000 -19.439713 1.834869
v 34.000000 -19.439713 0.834869
v 34.000000 -18.439713 1.834869
v 34.000000 -18.439713 0.834869
v 34.000000 -16.439713 1.834869
v 34.000000 -16.439713 0.834869
v 34.000000 -15.439713 1.834869
v 34.000000 -15.439713 0.834869
v 34.000000 -13.439713 1.834869
v 34.000000 -13.439713 0.834869
v 34.000000 -12.439713 1.834869
v 34.000000 -12.439713 0.834869
v 34.000000 -7.439713 1.834869
v 34.000000 -7.439713 0.834869
v 34.000000 -6.439713 1.834869
v 34.000000 -6.439713 0.834869
v 34.000000 -5.439713 1.834869
v 34.000000 -5.439713 0.834869
v 34.000000 -4.439713 1.834869
v 34.000000 -4.439713 0.834869
v 34.000000 -2.439713 1.834869
v 34.000000 -2.439713 0.834869
v 34.000000 -1.439713 1.834869
v 34.000000 -1.439713 0.834869
v 34.000000 0.560287 1.834869
v 34.000000 0.560287 0.834869
v 34.000000 1.560287 1.834869
v 34.000000 1.560287 0.834869
v 34.000000 6.560287 1.834869
v 34.000000 6.560287 0.834869
v 34.000000 7.560287 1.834869
v 34.000000 7.560287 0.834869
v 34.000000 8.560287 1.834869
v 34.000000 8.560287 0.834869
v 34.000000 9.560287 1.834869
v 34.000000 9.560287 0.834869
v 34.000000 11.560287 1.834869
v 34.000000 11.560287 0.834869
v 34.000000 12.560287 1.834869
v 34.000000 12.560287 0.834869
v 34.000000 20.560287 2.834869
v 34.000000 20.560287 0.834869
v 34.000000 22.560287 2.834869
v 34.000000 22.560287 0.834869
v 36.000000 -26.439713 1.834869
v 36.000000 -26.439713 0.834869
v 36.000000 -21.439713 1.834869
v 36.000000 -21.439713 0.834869
v 36.000000 -18.439713 1.834869
v 36.000000 -18.439713 0.834869
v 36.000000 -16.439713 1.834869
v 36.000000 -16.439713 0.834869
v 36.000000 -12.439713 1.834869
v 36.000000 -12.439713 0.834869
v 36.000000 -7.439713 1.834869
v 36.000000 -7.439713 0.834869
v 36.000000 -4.439713 1.834869
v 36.000000 -4.439713 0.834869
v 36.000000 -2.439713 1.834869
v 36.000000 -2.439713 0.834869
v 36.000000 1.560287 1.834869
v 36.000000 1.560287 0.834869
v 36.000000 6.560287 1.834869
v 36.000000 6.560287 0.834869
v 36.000000 9.560287 1.834869
v 36.000000 9.560287 0.834869
v 36.000000 11.560287 1.834869
v 36.000000 11.560287 0.834869
v 39.000000 19.560287 2.834869
v 39.000000 19.560287 1.834869
v 39.000000 19.560287 0.834869
v 39.000000 20.560287 2.834869
v 39.000000 20.560287 0.834869
v 39.000000 22.560287 2.834869
v 39.000000 22.560287 0.834869
v 39.000000 23.560287 2.834869
v 39.000000 23.560287 0.834869
v 40.000000 20.560287 2.834869
v 40.000000 20.560287 0.834869
v 40.000000 22.560287 2.834869
v 40.000000 22.560287 0.834869
v 44.000000 19.560287 2.834869
v 44.000000 19.560287 1.834869
v 44.000000 19.560287 0.834869
v 44.000000 20.560287 2.834869
v 44.000000 20.560287 0.834869
v 44.000000 22.560287 2.834869
v 44.000000 22.560287 0.834869
v 44.000000 23.560287 2.834869
v 44.000000 23.560287 0.834869
v -44.000000 19.560287 2.834869
v -44.000000 19.560287 1.834869
v -44.000000 19.560287 0.834869
v -44.000000 20.560287 2.834869
v -44.000000 20.560287 0.834869
v -44.000000 22.560287 2.834869
v -44.000000 22.560287 0.834869
v -44.000000 23.560287 2.834869
v -44.000000 23.560287 0.834869
v -40.000000 20.560287 2.834869
v -40.000000 20.560287 0.834869
v -40.000000 22.560287 2.834869
v -40.000000 22.560287 0.834869
v -39.000000 19.560287 2.834869
v -39.000000 19.560287 1.834869
v -39.000000 19.560287 0.834869
v -39.000000 20.560287 2.834869
v -39.000000 20.560287 0.834869
v -39.000000 22.560287 2.834869
v -39.000000 22.560287 0.834869
v -39.000000 23.560287 2.834869
v -39.000000 23.560287 0.834869
v -36.000000 -26.439713 1.834869
v -36.000000 -26.439713 0.834869
v -36.000000 -21.439713 1.834869
v -36.000000 -21.439713 0.834869
v -36.000000 -18.439713 1.834869
v -36.000000 -18.439713 0.834869
v -36.000000 -16.439713 1.834869
v -36.000000 -16.439713 0.834869
v -36.000000 -12.439713 1.834869
v -36.000000 -12.439713 0.834869
v -36.000000 -7.439713 1.834869
v -36.000000 -7.439713 0.834869
v -36.000000 -4.439713 1.834869
v -36.000000 -4.439713 0.834869
v -36.000000 -2.439713 1.834869
v -36.000000 -2.439713 0.834869
v -36.000000 1.560287 1.834869
v -36.000000 1.560287 0.834869
v -36.000000 6.560287 1.834869
v -36.000000 6.560287 0.834869
v -36.000000 9.560287 1.834869
v -36.000000 9.560287 0.834869
v -36.000000 11.560287 1.834869
v -36.000000 11.560287 0.834869
v -34.000000 -27.439713 1.834869
v -34.000000 -27.439713 0.834869
v -34.000000 -26.439713 1.834869
v -34.000000 -26.439713 0.834869
v -34.000000 -21.439713 1.834869
v -34.000000 -21.439713 0.834869
v -34.000000 -20.439713 1.834869
v -34.000000 -20.439713 0.834869
v -34.000000 -19.439713 1.834869
v -34.000000 -19.439713 0.834869
v -34.000000 -18.439713 1.834869
v -34.000000 -18.439713 0.834869
v -34.000000 -16.439713 1.834869
v -34.000000 -16.439713 0.834869
v -34.000000 -15.439713 1.834869
v -34.000000 -15.439713 0.834869
v -34.000000 -13.439713 1.834869
v -34.000000 -13.439713 0.834869
v -34.000000 -12.439713 1.834869
v -34.000000 -12.439713 0.834869
v -34.000000 -7.439713 1.834869
v -34.000000 -7.439713 0.834869
v -34.000000 -6.439713 1.834869
v -34.000000 -6.439713 0.834869
v -34.000000 -5.439713 1.834869
v -34.000000 -5.439713 0.834869
v -34.000000 -4.439713 1.834869
v -34.000000 -4.439713 0.834869
v -34.000000 -2.439713 1.834869
v -34.000000 -2.439713 0.834869
v -34.000000 -1.439713 1.834869
v -34.000000 -1.439713 0.834869
v -34.000000 0.560287 1.834869
v -34.000000 0.560287 0.834869
v -34.000000 1.560287 1.834869
v -34.000000 1.560287 0.834869
v -34.000000 6.560287 1.834869
v -34.000000 6.560287 0.834869
v -34.000000 7.560287 1.834869
v -34.000000 7.560287 0.834869
v -34.000000 8.560287 1.834869
v -34.000000 8.560287 0.834869
v -34.000000 9.560287 1.834869
v -34.000000 9.560287 0.834869
v -34.000000 11.560287 1.834869
v -34.000000 11.560287 0.834869
v -34.000000 12.560287 1.834869
v -34.000000 12.560287 0.834869
v -34.000000 20.560287 2.834869
v -34.000000 20.560287 0.834869
v -34.000000 22.560287 2.834869
v -34.000000 22.560287 0.834869
v -33.000000 19.560287 2.834869
v -33.000000 19.560287 1.834869
v -33.000000 19.560287 0.834869
v -33.000000 20.560287 2.834869
v -33.000000 20.560287 0.834869
v -33.000000 22.560287 2.834869
v -33.000000 22.560287 0.834869
v -33.000000 23.560287 2.834869
v -33.000000 23.560287 0.834869
v -30.000000 -30.439713 1.834869
v -30.000000 -30.439713 -3.165131
v -30.000000 -27.439713 1.834869
v -30.000000 -27.439713 0.834869
v -30.000000 -27.439713 -0.165131
v -30.000000 -26.439713 1.834869
v -30.000000 -26.439713 0.834869
v -30.000000 -26.439713 -0.165131
v -30.000000 -21.439713 1.834869
v -30.000000 -21.439713 0.834869
v -30.000000 -21.439713 -0.165131
v -30.000000 -20.439713 1.834869
v -30.000000 -20.439713 0.834869
v -30.000000 -20.439713 -0.165131
v -30.000000 -19.439713 1.834869
v -30.000000 -19.439713 0.834869
v -30.000000 -19.439713 -0.165131
v -30.000000 -18.439713 1.834869
v -30.000000 -18.439713 0.834869
v -30.000000 -18.439713 -0.165131
v -30.000000 -16.439713 1.834869
v -30.000000 -16.439713 0.834869
v -30.000000 -16.439713 -0.165131
v -30.000000 -15.439713 1.834869
v -30.000000 -15.439713 0.834869
v -30.000000 -15.439713 -0.165131
v -30.000000 -13.439713 1.834869
v -30.000000 -13.439713 0.834869
v -30.000000 -13.439713 -0.165131
v -30.000000 -12.439713 1.834869
v -30.000000 -12.439713 0.834869
v -30.000000 -12.439713 -0.165131
v -30.000000 -7.439713 1.834869
v -30.000000 -7.439713 0.834869
v -30.000000 -7.439713 -0.165131
v -30.000000 -6.439713 1.834869
v -30.000000 -6.439713 0.834869
v -30.000000 -6.439713 -0.165131
v -30.000000 -5.439713 1.834869
v -30.000000 -5.439713 0.834869
v -30.000000 -5.439713 -0.165131
v -30.000000 -4.439713 1.834869
v -30.000000 -4.439713 0.834869
v -30.000000 -4.439713 -0.165131
v -30.000000 -2.439713 1.834869
v -30.000000 -2.439713 0.834869
v -30.000000 -2.439713 -0.165131
v -30.000000 -1.439713 1.834869
v -30.000000 -1.439713 0.834869
v -30.000000 -1.439713 -0.165131
v -30.000000 0.560287 1.834869
v -30.000000 0.560287 0.834869
v -30.000000 0.560287 -0.165131
v -30.000000 1.560287 1.834869
v -30.000000 1.560287 0.834869
v -30.000000 1.560287 -0.165131
v -30.000000 6.560287 1.834869
v -30.000000 6.560287 0.834869
v -30.000000 6.560287 -0.165131
v -30.000000 7.560287 1.834869
v -30.000000 7.560287 0.834869
v -30.000000 7.560287 -0.165131
v -30.000000 8.560287 1.834869
v -30.000000 8.560287 0.834869
v -30.000000 8.560287 -0.165131
v -30.000000 9.560287 1.834869
v -30.000000 9.560287 0.834869
v -30.000000 9.560287 -0.165131
v -30.000000 11.560287 1.834869
v -30.000000 11.560287 0.834869
v -30.000000 11.560287 -0.165131
v -30.000000 12.560287 1.834869
v -30.000000 12.560287 0.834869
v -30.000000 12.560287 -0.165131
v -30.000000 14.560287 1.834869
v -30.000000 14.560287 -3.165131
v -29.000000 14.560287 1.834869
v -29.000000 14.560287 -3.165131
v -29.000000 15.560287 1.834869
v -29.000000 15.560287 -3.165131
v -29.000000 20.560287 2.834869
v -29.000000 20.560287 0.834869
v -29.000000 22.560287 2.834869
v -29.000000 22.560287 0.834869
v -28.000000 15.560287 1.834869
v -28.000000 15.560287 -3.165131
v -28.000000 16.560287 1.834869
v -28.000000 16.560287 -3.165131
v -28.000000 19.560287 2.834869
v -28.000000 19.560287 1.834869
v -28.000000 19.560287 0.834869
v -28.000000 20.560287 2.834869
v -28.000000 20.560287 0.834869
v -28.000000 22.560287 2.834869
v -28.000000 22.560287 0.834869
v -28.000000 23.560287 2.834869
v -28.000000 23.560287 0.834869
v -27.000000 16.560287 1.834869
v -27.000000 16.560287 -3.165131
v -27.000000 17.560287 1.834869
v -27.000000 17.560287 -3.165131
v -26.000000 17.560287 1.834869
v -26.000000 17.560287 -3.165131
v -26.000000 18.560287 1.834869
v -26.000000 18.560287 -3.165131
v -25.000000 18.560287 1.834869
v -25.000000 18.560287 -3.165131
v -25.000000 19.560287 2.834869
v -25.000000 19.560287 1.834869
v -25.000000 19.560287 -3.165131
v -25.000000 20.560287 2.834869
v -25.000000 20.560287 0.834869
v -25.000000 20.560287 -0.165131
v -25.000000 20.560287 -1.165131
v -25.000000 22.560287 2.834869
v -25.000000 22.560287 0.834869
v -25.000000 22.560287 -0.165131
v -25.000000 22.560287 -1.165131
v -25.000000 23.560287 2.834869
v -25.000000 23.560287 -3.165131
v -24.000000 23.560287 2.834869
v -24.000000 23.560287 -3.165131
v -24.000000 24.560287 2.834869
v -24.000000 24.560287 -3.165131
v -23.000000 24.560287 2.834869
v -23.000000 24.560287 -3.165131
v -23.000000 26.560287 2.834869
v -23.000000 26.560287 0.834869
v -23.000000 26.560287 -0.165131
v -23.000000 27.560287 0.834869
v -23.000000 27.560287 -0.165131
v -23.000000 27.560287 -3.165131
v -22.000000 -15.439713 -2.165131
v -22.000000 -15.439713 -3.165131
v -22.000000 -15.439713 -4.165131
v -22.000000 -12.439713 -2.165131
v -22.000000 -12.439713 -3.165131
v -22.000000 -11.439713 -2.165131
v -22.000000 -11.439713 -3.165131
v -22.000000 -7.439713 -2.165131
v -22.000000 -7.439713 -3.165131
v -22.000000 -6.439713 -2.165131
v -22.000000 -6.439713 -3.165131
v -22.000000 -2.439713 -2.165131
v -22.000000 -2.439713 -3.165131
v -22.000000 -1.439713 -2.165131
v -22.000000 -1.439713 -3.165131
v -22.000000 0.560287 -2.165131
v -22.000000 0.560287 -3.165131
v -22.000000 0.560287 -4.165131
v -21.000000 -16.439713 -2.165131
v -21.000000 -16.439713 -3.165131
v -21.000000 -16.439713 -4.165131
v -21.000000 -15.439713 -2.165131
v -21.000000 -15.439713 -3.165131
v -21.000000 -15.439713 -4.165131
v -21.000000 0.560287 -2.165131
v -21.000000 0.560287 -3.165131
v -21.000000 0.560287 -4.165131
v -21.000000 2.560287 -2.165131
v -21.000000 2.560287 -3.165131
v -21.000000 2.560287 -4.165131
v -20.000000 2.560287 -2.165131
v -20.000000 2.560287 -3.165131
v -20.000000 2.560287 -4.165131
v -20.000000 4.560287 -2.165131
v -20.000000 4.560287 -3.165131
v -20.000000 4.560287 -4.165131
v -19.000000 4.560287 -2.165131
v -19.000000 4.560287 -3.165131
v -19.000000 4.560287 -4.165131
v -19.000000 6.560287 -2.165131
v -19.000000 6.560287 -3.165131
v -19.000000 6.560287 -4.165131
v -18.000000 6.560287 -3.165131
v -18.000000 6.560287 -4.165131
v -18.000000 7.560287 -3.165131
v -18.000000 7.560287 -4.165131
v -17.000000 -16.439713 -2.165131
v -17.000000 -16.439713 -3.165131
v -17.000000 -12.439713 -2.165131
v -17.000000 -12.439713 -3.165131
v -17.000000 -11.439713 -2.165131
v -17.000000 -11.439713 -3.165131
v -17.000000 -7.439713 -2.165131
v -17.000000 -7.439713 -3.165131
v -17.000000 -6.439713 -2.165131
v -17.000000 -6.439713 -3.165131
v -17.000000 -2.439713 -2.165131
v -17.000000 -2.439713 -3.165131
v -17.000000 -1.439713 -2.165131
v -17.000000 -1.439713 -3.165131
v -17.000000 6.560287 -2.165131
v -17.000000 6.560287 -3.165131
v -17.000000 8.560287 -2.165131
v -17.000000 8.560287 -3.165131
v -17.000000 9.560287 -2.165131
v -17.000000 9.560287 -3.165131
v -16.000000 7.560287 -2.165131
v -16.000000 7.560287 -3.165131
v -16.000000 8.560287 -2.165131
v -16.000000 8.560287 -3.165131
v -15.000000 6.560287 -2.165131
v -15.000000 6.560287 -3.165131
v -15.000000 7.560287 -2.165131
v -15.000000 7.560287 -3.165131
v -14.000000 -18.439713 -2.165131
v -14.000000 -18.439713 -3.165131
v -14.000000 -17.439713 -2.165131
v -14.000000 -17.439713 -3.165131
v -14.000000 4.560287 -2.165131
v -14.000000 4.560287 -3.165131
v -14.000000 6.560287 -2.165131
v -14.000000 6.560287 -3.165131
v -13.000000 -17.439713 -2.165131
v -13.000000 -17.439713 -3.165131
v -13.000000 -16.439713 -2.165131
v -13.000000 -16.439713 -3.165131
v -13.000000 2.560287 -2.165131
v -13.000000 2.560287 -3.165131
v -13.000000 4.560287 -2.165131
v -13.000000 4.560287 -3.165131
v -12.000000 -16.439713 -2.165131
v -12.000000 -16.439713 -3.165131
v -12.000000 -15.439713 -2.165131
v -12.000000 -15.439713 -3.165131
v -12.000000 0.560287 -2.165131
v -12.000000 0.560287 -3.165131
v -12.000000 2.560287 -2.165131
v -12.000000 2.560287 -3.165131
v -11.000000 -15.439713 -2.165131
v -11.000000 -15.439713 -3.165131
v -11.000000 0.560287 -2.165131
v -11.000000 0.560287 -3.165131
v -9.000000 19.560287 2.834869
v -9.000000 19.560287 1.834869
v -9.000000 19.560287 0.834869
v -9.000000 20.560287 2.834869
v -9.000000 20.560287 0.834869
v -9.000000 22.560287 2.834869
v -9.000000 22.560287 0.834869
v -9.000000 23.560287 2.834869
v -9.000000 23.560287 0.834869
v -5.000000 20.560287 2.834869
v -5.000000 20.560287 0.834869
v -5.000000 22.560287 2.834869
v -5.000000 22.560287 0.834869
v -4.000000 19.560287 2.834869
v -4.000000 19.560287 1.834869
v -4.000000 19.560287 0.834869
v -4.000000 20.560287 2.834869
v -4.000000 20.560287 0.834869
v -4.000000 22.560287 2.834869
v -4.000000 22.560287 0.834869
v -4.000000 23.560287 2.834869
v -4.000000 23.560287 0.834869
v -1.000000 -26.439713 1.834869
v -1.000000 -26.439713 0.834869
v -1.000000 -21.439713 1.834869
v -1.000000 -21.439713 0.834869
v -1.000000 -18.439713 1.834869
v -1.000000 -18.439713 0.834869
v -1.000000 -16.439713 1.834869
v -1.000000 -16.439713 0.834869
v -1.000000 -12.439713 1.834869
v -1.000000 -12.439713 0.834869
v -1.000000 -7.439713 1.834869
v -1.000000 -7.439713 0.834869
v -1.000000 -4.439713 1.834869
v -1.000000 -4.439713 0.834869
v -1.000000 -2.439713 1.834869
v -1.000000 -2.439713 0.834869
v -1.000000 1.560287 1.834869
v -1.000000 1.560287 0.834869
v -1.000000 6.560287 1.834869
v -1.000000 6.560287 0.834869
v -1.000000 9.560287 1.834869
v -1.000000 9.560287 0.834869
v -1.000000 11.560287 1.834869
v -1.000000 11.560287 0.834869
v 1.000000 -27.439713 1.834869
v 1.000000 -27.439713 0.834869
v 1.000000 -26.439713 1.834869
v 1.000000 -26.439713 0.834869
v 1.000000 -21.439713 1.834869
v 1.000000 -21.439713 0.834869
v 1.000000 -20.439713 1.834869
v 1.000000 -20.439713 0.834869
v 1.000000 -19.439713 1.834869
v 1.000000 -19.439713 0.834869
v 1.000000 -18.439713 1.834869
v 1.000000 -18.439713 0.834869
v 1.000000 -16.439713 1.834869
v 1.000000 -16.439713 0.834869
v 1.000000 -15.439713 1.834869
v 1.000000 -15.439713 0.834869
v 1.000000 -13.439713 1.834869
v 1.000000 -13.439713 0.834869
v 1.000000 -12.439713 1.834869
v 1.000000 -12.439713 0.834869
v 1.000000 -7.439713 1.834869
v 1.000000 -7.439713 0.834869
v 1.000000 -6.439713 1.834869
v 1.000000 -6.439713 0.834869
v 1.000000 -5.439713 1.834869
v 1.000000 -5.439713 0.834869
v 1.000000 -4.439713 1.834869
v 1.000000 -4.439713 0.834869
v 1.000000 -2.439713 1.834869
v 1.000000 -2.439713 0.834869
v 1.000000 -1.439713 1.834869
v 1.000000 -1.439713 0.834869
v 1.000000 0.560287 1.834869
v 1.000000 0.560287 0.834869
v 1.000000 1.560287 1.834869
v 1.000000 1.560287 0.834869
v 1.000000 6.560287 1.834869
v 1.000000 6.560287 0.834869
v 1.000000 7.560287 1.834869
v 1.000000 7.560287 0.834869
v 1.000000 8.560287 1.834869
v 1.000000 8.560287 0.834869
v 1.000000 9.560287 1.834869
v 1.000000 9.560287 0.834869
v 1.000000 11.560287 1.834869
v 1.000000 11.560287 0.834869
v 1.000000 12.560287 1.834869
v 1.000000 12.560287 0.834869
v 1.000000 20.560287 2.834869
v 1.000000 20.560287 0.834869
v 1.000000 22.560287 2.834869
v 1.000000 22.560287 0.834869
v 2.000000 19.560287 2.834869
v 2.000000 19.560287 1.834869
v 2.000000 19.560287 0.834869
v 2.000000 20.560287 2.834869
v 2.000000 20.560287 0.834869
v 2.000000 22.560287 2.834869
v 2.000000 22.560287 0.834869
v 2.000000 23.560287 2.834869
v 2.000000 23.560287 0.834869
v 5.000000 -30.439713 1.834869
v 5.000000 -30.439713 -3.165131
v 5.000000 -27.439713 1.834869
v 5.000000 -27.439713 0.834869
v 5.000000 -27.439713 -0.165131
v 5.000000 -26.439713 1.834869
v 5.000000 -26.439713 0.834869
v 5.000000 -26.439713 -0.165131
v 5.000000 -21.439713 1.834869
v 5.000000 -21.439713 0.834869
v 5.000000 -21.439713 -0.165131
v 5.000000 -20.439713 1.834869
v 5.000000 -20.439713 0.834869
v 5.000000 -20.439713 -0.165131
v 5.000000 -19.439713 1.834869
v 5.000000 -19.439713 0.834869
v 5.000000 -19.439713 -0.165131
v 5.000000 -18.439713 1.834869
v 5.000000 -18.439713 0.834869
v 5.000000 -18.439713 -0.165131
v 5.000000 -16.439713 1.834869
v 5.000000 -16.439713 0.834869
v 5.000000 -16.439713 -0.165131
v 5.000000 -15.439713 1.834869
v 5.000000 -15.439713 0.834869
v 5.000000 -15.439713 -0.165131
v 5.000000 -13.439713 1.834869
v 5.000000 -13.439713 0.834869
v 5.000000 -13.439713 -0.165131
v 5.000000 -12.439713 1.834869
v 5.000000 -12.439713 0.834869
v 5.000000 -12.439713 -0.165131
v 5.000000 -7.439713 1.834869
v 5.000000 -7.439713 0.834869
v 5.000000 -7.439713 -0.165131
v 5.000000 -6.439713 1.834869
v 5.000000 -6.439713 0.834869
v 5.000000 -6.439713 -0.165131
v 5.000000 -5.439713 1.834869
v 5.000000 -5.439713 0.834869
v 5.000000 -5.439713 -0.165131
v 5.000000 -4.439713 1.834869
v 5.000000 -4.439713 0.834869
v 5.000000 -4.439713 -0.165131
v 5.000000 -2.439713 1.834869
v 5.000000 -2.439713 0.834869
v 5.000000 -2.439713 -0.165131
v 5.000000 -1.439713 1.834869
v 5.000000 -1.439713 0.834869
v 5.000000 -1.439713 -0.165131
v 5.000000 0.560287 1.834869
v 5.000000 0.560287 0.834869
v 5.000000 0.560287 -0.165131
v 5.000000 1.560287 1.834869
v 5.000000 1.560287 0.834869
v 5.000000 1.560287 -0.165131
v 5.000000 6.560287 1.834869
v 5.000000 6.560287 0.834869
v 5.000000 6.560287 -0.165131
v 5.000000 7.560287 1.834869
v 5.000000 7.560287 0.834869
v 5.000000 7.560287 -0.165131
v 5.000000 8.560287 1.834869
v 5.000000 8.560287 0.834869
v 5.000000 8.560287 -0.165131
v 5.000000 9.560287 1.834869
v 5.000000 9.560287 0.834869
v 5.000000 9.560287 -0.165131
v 5.000000 11.560287 1.834869
v 5.000000 11.560287 0.834869
v 5.000000 11.560287 -0.165131
v 5.000000 12.560287 1.834869
v 5.000000 12.560287 0.834869
v 5.000000 12.560287 -0.165131
v 5.000000 14.560287 1.834869
v 5.000000 14.560287 -3.165131
v 6.000000 14.560287 1.834869
v 6.000000 14.560287 -3.165131
v 6.000000 15.560287 1.834869
v 6.000000 15.560287 -3.165131
v 6.000000 20.560287 2.834869
v 6.000000 20.560287 0.834869
v 6.000000 22.560287 2.834869
v 6.000000 22.560287 0.834869
v 7.000000 15.560287 1.834869
v 7.000000 15.560287 -3.165131
v 7.000000 16.560287 1.834869
v 7.000000 16.560287 -3.165131
v 7.000000 19.560287 2.834869
v 7.000000 19.560287 1.834869
v 7.000000 19.560287 0.834869
v 7.000000 20.560287 2.834869
v 7.000000 20.560287 0.834869
v 7.000000 22.560287 2.834869
v 7.000000 22.560287 0.834869
v 7.000000 23.560287 2.834869
v 7.000000 23.560287 0.834869
v 8.000000 16.560287 1.834869
v 8.000000 16.560287 -3.165131
v 8.000000 17.560287 1.834869
v 8.000000 17.560287 -3.165131
v 9.000000 17.560287 1.834869
v 9.000000 17.560287 -3.165131
v 9.000000 18.560287 1.834869
v 9.000000 18.560287 -3.165131
v 10.000000 18.560287 1.834869
v 10.000000 18.560287 -3.165131
v 10.000000 19.560287 2.834869
v 10.000000 19.560287 1.834869
v 10.000000 19.560287 -3.165131
v 10.000000 20.560287 2.834869
v 10.000000 20.560287 0.834869
v 10.000000 20.560287 -0.165131
v 10.000000 20.560287 -1.165131
v 10.000000 22.560287 2.834869
v 10.000000 22.560287 0.834869
v 10.000000 22.560287 -0.165131
v 10.000000 22.560287 -1.165131
v 10.000000 23.560287 2.834869
v 10.000000 23.560287 -3.165131
v 11.000000 23.560287 2.834869
v 11.000000 23.560287 -3.165131
v 11.000000 24.560287 2.834869
v 11.000000 24.560287 -3.165131
v 12.000000 24.560287 2.834869
v 12.000000 24.560287 -3.165131
v 12.000000 26.560287 2.834869
v 12.000000 26.560287 0.834869
v 12.000000 26.560287 -0.165131
v 12.000000 27.560287 0.834869
v 12.000000 27.560287 -0.165131
v 12.000000 27.560287 -3.165131
v 13.000000 -15.439713 -2.165131
v 13.000000 -15.439713 -3.165131
v 13.000000 -15.439713 -4.165131
v 13.000000 -12.439713 -2.165131
v 13.000000 -12.439713 -3.165131
v 13.000000 -11.439713 -2.165131
v 13.000000 -11.439713 -3.165131
v 13.000000 -7.439713 -2.165131
v 13.000000 -7.439713 -3.165131
v 13.000000 -6.439713 -2.165131
v 13.000000 -6.439713 -3.165131
v 13.000000 -2.439713 -2.165131
v 13.000000 -2.439713 -3.165131
v 13.000000 -1.439713 -2.165131
v 13.000000 -1.439713 -3.165131
v 13.000000 0.560287 -2.165131
v 13.000000 0.560287 -3.165131
v 13.000000 0.560287 -4.165131
v 14.000000 -16.439713 -2.165131
v 14.000000 -16.439713 -3.165131
v 14.000000 -16.439713 -4.165131
v 14.000000 -15.439713 -2.165131
v 14.000000 -15.439713 -3.165131
v 14.000000 -15.439713 -4.165131
v 14.000000 0.560287 -2.165131
v 14.000000 0.560287 -3.165131
v 14.000000 0.560287 -4.165131
v 14.000000 2.560287 -2.165131
v 14.000000 2.560287 -3.165131
v 14.000000 2.560287 -4.165131
v 15.000000 2.560287 -2.165131
v 15.000000 2.560287 -3.165131
v 15.000000 2.560287 -4.165131
v 15.000000 4.560287 -2.165131
v 15.000000 4.560287 -3.165131
v 15.000000 4.560287 -4.165131
v 16.000000 4.560287 -2.165131
v 16.000000 4.560287 -3.165131
v 16.000000 4.560287 -4.165131
v 16.000000 6.560287 -2.165131
v 16.000000 6.560287 -3.165131
v 16.000000 6.560287 -4.165131
v 17.000000 6.560287 -3.165131
v 17.000000 6.560287 -4.165131
v 17.000000 7.560287 -3.165131
v 17.000000 7.560287 -4.165131
v 18.000000 -16.439713 -2.165131
v 18.000000 -16.439713 -3.165131
v 18.000000 -12.439713 -2.165131
v 18.000000 -12.439713 -3.165131
v 18.000000 -11.439713 -2.165131
v 18.000000 -11.439713 -3.165131
v 18.000000 -7.439713 -2.165131
v 18.000000 -7.439713 -3.165131
v 18.000000 -6.439713 -2.165131
v 18.000000 -6.439713 -3.165131
v 18.000000 -2.439713 -2.165131
v 18.000000 -2.439713 -3.165131
v 18.000000 -1.439713 -2.165131
v 18.000000 -1.439713 -3.165131
v 18.000000 6.560287 -2.165131
v 18.000000 6.560287 -3.165131
v 18.000000 8.560287 -2.165131
v 18.000000 8.560287 -3.165131
v 18.000000 9.560287 -2.165131
v 18.000000 9.560287 -3.165131
v 19.000000 7.560287 -2.165131
v 19.000000 7.560287 -3.165131
v 19.000000 8.560287 -2.165131
v 19.000000 8.560287 -3.165131
v 20.000000 6.560287 -2.165131
v 20.000000 6.560287 -3.165131
v 20.000000 7.560287 -2.165131
v 20.000000 7.560287 -3.165131
v 21.000000 -18.439713 -2.165131
v 21.000000 -18.439713 -3.165131
v 21.000000 -17.439713 -2.165131
v 21.000000 -17.439713 -3.165131
v 21.000000 4.560287 -2.165131
v 21.000000 4.560287 -3.165131
v 21.000000 6.560287 -2.165131
v 21.000000 6.560287 -3.165131
v 22.000000 -17.439713 -2.165131
v 22.000000 -17.439713 -3.165131
v 22.000000 -16.439713 -2.165131
v 22.000000 -16.439713 -3.165131
v 22.000000 2.560287 -2.165131
v 22.000000 2.560287 -3.165131
v 22.000000 4.560287 -2.165131
v 22.000000 4.560287 -3.165131
v 23.000000 -16.439713 -2.165131
v 23.000000 -16.439713 -3.165131
v 23.000000 -15.439713 -2.165131
v 23.000000 -15.439713 -3.165131
v 23.000000 0.560287 -2.165131
v 23.000000 0.560287 -3.165131
v 23.000000 2.560287 -2.165131
v 23.000000 2.560287 -3.165131
v 24.000000 -15.439713 -2.165131
v 24.000000 -15.439713 -3.165131
v 24.000000 0.560287 -2.165131
v 24.000000 0.560287 -3.165131
v 26.000000 19.560287 2.834869
v 26.000000 19.560287 1.834869
v 26.000000 19.560287 0.834869
v 26.000000 20.560287 2.834869
v 26.000000 20.560287 0.834869
v 26.000000 22.560287 2.834869
v 26.000000 22.560287 0.834869
v 26.000000 23.560287 2.834869
v 26.000000 23.560287 0.834869
v 30.000000 20.560287 2.834869
v 30.000000 20.560287 0.834869
v 30.000000 22.560287 2.834869
v 30.000000 22.560287 0.834869
v 31.000000 19.560287 2.834869
v 31.000000 19.560287 1.834869
v 31.000000 19.560287 0.834869
v 31.000000 20.560287 2.834869
v 31.000000 20.560287 0.834869
v 31.000000 22.560287 2.834869
v 31.000000 22.560287 0.834869
v 31.000000 23.560287 2.834869
v 31.000000 23.560287 0.834869
v 34.000000 -26.439713 1.834869
v 34.000000 -26.439713 0.834869
v 34.000000 -21.439713 1.834869
v 34.000000 -21.439713 0.834869
v 34.000000 -18.439713 1.834869
v 34.000000 -18.439713 0.834869
v 34.000000 -16.439713 1.834869
v 34.000000 -16.439713 0.834869
v 34.000000 -12.439713 1.834869
v 34.000000 -12.439713 0.834869
v 34.000000 -7.439713 1.834869
v 34.000000 -7.439713 0.834869
v 34.000000 -4.439713 1.834869
v 34.000000 -4.439713 0.834869
v 34.000000 -2.439713 1.834869
v 34.000000 -2.439713 0.834869
v 34.000000 1.560287 1.834869
v 34.000000 1.560287 0.834869
v 34.000000 6.560287 1.834869
v 34.000000 6.560287 0.834869
v 34.000000 9.560287 1.834869
v 34.000000 9.560287 0.834869
v 34.000000 11.560287 1.834869
v 34.000000 11.560287 0.834869
v 36.000000 -27.439713 1.834869
v 36.000000 -27.439713 0.834869
v 36.000000 -26.439713 1.834869
v 36.000000 -26.439713 0.834869
v 36.000000 -21.439713 1.834869
v 36.000000 -21.439713 0.834869
v 36.000000 -20.439713 1.834869
v 36.000000 -20.439713 0.834869
v 36.000000 -19.439713 1.834869
v 36.000000 -19.439713 0.834869
v 36.000000 -18.439713 1.834869
v 36.000000 -18.439713 0.834869
v 36.000000 -16.439713 1.834869
v 36.000000 -16.439713 0.834869
v 36.000000 -15.439713 1.834869
v 36.000000 -15.439713 0.834869
v 36.000000 -13.439713 1.834869
v 36.000000 -13.439713 0.834869
v 36.000000 -12.439713 1.834869
v 36.000000 -12.439713 0.834869
v 36.000000 -7.439713 1.834869
v 36.000000 -7.439713 0.834869
v 36.000000 -6.439713 1.834869
v 36.000000 -6.439713 0.834869
v 36.000000 -5.439713 1.834869
v 36.000000 -5.439713 0.834869
v 36.000000 -4.439713 1.834869
v 36.000000 -4.439713 0.834869
v 36.000000 -2.439713 1.834869
v 36.000000 -2.439713 0.834869
v 36.000000 -1.439713 1.834869
v 36.000000 -1.439713 0.834869
v 36.000000 0.560287 1.834869
v 36.000000 0.560287 0.834869
v 36.000000 1.560287 1.834869
v 36.000000 1.560287 0.834869
v 36.000000 6.560287 1.834869
v 36.000000 6.560287 0.834869
v 36.000000 7.560287 1.834869
v 36.000000 7.560287 0.834869
v 36.000000 8.560287 1.834869
v 36.000000 8.560287 0.834869
v 36.000000 9.560287 1.834869
v 36.000000 9.560287 0.834869
v 36.000000 11.560287 1.834869
v 36.000000 11.560287 0.834869
v 36.000000 12.560287 1.834869
v 36.000000 12.560287 0.834869
v 36.000000 20.560287 2.834869
v 36.000000 20.560287 0.834869
v 36.000000 22.560287 2.834869
v 36.000000 22.560287 0.834869
v 37.000000 19.560287 2.834869
v 37.000000 19.560287 1.834869
v 37.000000 19.560287 0.834869
v 37.000000 20.560287 2.834869
v 37.000000 20.560287 0.834869
v 37.000000 22.560287 2.834869
v 37.000000 22.560287 0.834869
v 37.000000 23.560287 2.834869
v 37.000000 23.560287 0.834869
v 40.000000 -30.439713 1.834869
v 40.000000 -30.439713 -3.165131
v 40.000000 -27.439713 1.834869
v 40.000000 -27.439713 0.834869
v 40.000000 -27.439713 -0.165131
v 40.000000 -26.439713 1.834869
v 40.000000 -26.439713 0.834869
v 40.000000 -26.439713 -0.165131
v 40.000000 -21.439713 1.834869
v 40.000000 -21.439713 0.834869
v 40.000000 -21.439713 -0.165131
v 40.000000 -20.439713 1.834869
v 40.000000 -20.439713 0.834869
v 40.000000 -20.439713 -0.165131
v 40.000000 -19.439713 1.834869
v 40.000000 -19.439713 0.834869
v 40.000000 -19.439713 -0.165131
v 40.000000 -18.439713 1.834869
v 40.000000 -18.439713 0.834869
v 40.000000 -18.439713 -0.165131
v 40.000000 -16.439713 1.834869
v 40.000000 -16.439713 0.834869
v 40.000000 -16.439713 -0.165131
v 40.000000 -15.439713 1.834869
v 40.000000 -15.439713 0.834869
v 40.000000 -15.439713 -0.165131
v 40.000000 -13.439713 1.834869
v 40.000000 -13.439713 0.834869
v 40.000000 -13.439713 -0.165131
v 40.000000 -12.439713 1.834869
v 40.000000 -12.439713 0.834869
v 40.000000 -12.439713 -0.165131
v 40.000000 -7.439713 1.834869
v 40.000000 -7.439713 0.834869
v 40.000000 -7.439713 -0.165131
v 40.000000 -6.439713 1.834869
v 40.000000 -6.439713 0.834869
v 40.000000 -6.439713 -0.165131
v 40.000000 -5.439713 1.834869
v 40.000000 -5.439713 0.834869
v 40.000000 -5.439713 -0.165131
v 40.000000 -4.439713 1.834869
v 40.000000 -4.439713 0.834869
v 40.000000 -4.439713 -0.165131
v 40.000000 -2.439713 1.834869
v 40.000000 -2.439713 0.834869
v 40.000000 -2.439713 -0.165131
v 40.000000 -1.439713 1.834869
v 40.000000 -1.439713 0.834869
v 40.000000 -1.439713 -0.165131
v 40.000000 0.560287 1.834869
v 40.000000 0.560287 0.834869
v 40.000000 0.560287 -0.165131
v 40.000000 1.560287 1.834869
v 40.000000 1.560287 0.834869
v 40.000000 1.560287 -0.165131
v 40.000000 6.560287 1.834869
v 40.000000 6.560287 0.834869
v 40.000000 6.560287 -0.165131
v 40.000000 7.560287 1.834869
v 40.000000 7.560287 0.834869
v 40.000000 7.560287 -0.165131
v 40.000000 8.560287 1.834869
v 40.000000 8.560287 0.834869
v 40.000000 8.560287 -0.165131
v 40.000000 9.560287 1.834869
v 40.000000 9.560287 0.834869
v 40.000000 9.560287 -0.165131
v 40.000000 11.560287 1.834869
v 40.000000 11.560287 0.834869
v 40.000000 11.560287 -0.165131
v 40.000000 12.560287 1.834869
v 40.000000 12.560287 0.834869
v 40.000000 12.560287 -0.165131
v 40.000000 14.560287 1.834869
v 40.000000 14.560287 -3.165131
v 41.000000 14.560287 1.834869
v 41.000000 14.560287 -3.165131
v 41.000000 15.560287 1.834869
v 41.000000 15.560287 -3.165131
v 41.000000 20.560287 2.834869
v 41.000000 20.560287 0.834869
v 41.000000 22.560287 2.834869
v 41.000000 22.560287 0.834869
v 42.000000 15.560287 1.834869
v 42.000000 15.560287 -3.165131
v 42.000000 16.560287 1.834869
v 42.000000 16.560287 -3.165131
v 42.000000 19.560287 2.834869
v 42.000000 19.560287 1.834869
v 42.000000 19.560287 0.834869
v 42.000000 20.560287 2.834869
v 42.000000 20.560287 0.834869
v 42.000000 22.560287 2.834869
v 42.000000 22.560287 0.834869
v 42.000000 23.560287 2.834869
v 42.000000 23.560287 0.834869
v 43.000000 16.560287 1.834869
v 43.000000 16.560287 -3.165131
v 43.000000 17.560287 1.834869
v 43.000000 17.560287 -3.165131
v 44.000000 17.560287 1.834869
v 44.000000 17.560287 -3.165131
v 44.000000 18.560287 1.834869
v 44.000000 18.560287 -3.165131
v 45.000000 18.560287 1.834869
v 45.000000 18.560287 -3.165131
v 45.000000 19.560287 2.834869
v 45.000000 19.560287 1.834869
v 45.000000 19.560287 -3.165131
v 45.000000 20.560287 2.834869
v 45.000000 20.560287 0.834869
v 45.000000 20.560287 -0.165131
v 45.000000 20.560287 -1.165131
v 45.000000 22.560287 2.834869
v 45.000000 22.560287 0.834869
v 45.000000 22.560287 -0.165131
v 45.000000 22.560287 -1.165131
v 45.000000 23.560287 2.834869
v 45.000000 23.560287 -3.165131
v 46.000000 23.560287 2.834869
v 46.000000 23.560287 -3.165131
v 46.000000 24.560287 2.834869
v 46.000000 24.560287 -3.165131
v 47.000000 24.560287 2.834869
v 47.000000 24.560287 -3.165131
v 47.000000 26.560287 2.834869
v 47.000000 26.560287 0.834869
v 47.000000 26.560287 -0.165131
v 47.000000 27.560287 0.834869
v 47.000000 27.560287 -0.165131
v 47.000000 27.560287 -3.165131
v 50.000000 -30.439713 -3.165131
v 50.000000 -30.439713 -4.165131
v 50.000000 31.560287 -3.165131
v 50.000000 31.560287 -4.165131
v -47.000000 24.560287 2.834869
v -47.000000 26.560287 2.834869
v -46.000000 23.560287 2.834869
v -46.000000 24.560287 2.834869
v -45.000000 19.560287 2.834869
v -45.000000 20.560287 2.834869
v -45.000000 22.560287 2.834869
v -45.000000 23.560287 2.834869
v -44.000000 19.560287 2.834869
v -44.000000 20.560287 2.834869
v -44.000000 22.560287 2.834869
v -44.000000 23.560287 2.834869
v -42.000000 19.560287 2.834869
v -42.000000 20.560287 2.834869
v -42.000000 22.560287 2.834869
v -42.000000 23.560287 2.834869
v -41.000000 20.560287 2.834869
v -41.000000 22.560287 2.834869
v -40.000000 20.560287 2.834869
v -40.000000 22.560287 2.834869
v -39.000000 19.560287 2.834869
v -39.000000 20.560287 2.834869
v -39.000000 22.560287 2.834869
v -39.000000 23.560287 2.834869
v -37.000000 19.560287 2.834869
v -37.000000 20.560287 2.834869
v -37.000000 22.560287 2.834869
v -37.000000 23.560287 2.834869
v -36.000000 20.560287 2.834869
v -36.000000 22.560287 2.834869
v -34.000000 20.560287 2.834869
v -34.000000 22.560287 2.834869
v -33.000000 19.560287 2.834869
v -33.000000 20.560287 2.834869
v -33.000000 22.560287 2.834869
v -33.000000 23.560287 2.834869
v -31.000000 19.560287 2.834869
v -31.000000 20.560287 2.834869
v -31.000000 22.560287 2.834869
v -31.000000 23.560287 2.834869
v -30.000000 20.560287 2.834869
v -30.000000 22.560287 2.834869
v -29.000000 20.560287 2.834869
v -29.000000 22.560287 2.834869
v -28.000000 19.560287 2.834869
v -28.000000 20.560287 2.834869
v -28.000000 22.560287 2.834869
v -28.000000 23.560287 2.834869
v -26.000000 19.560287 2.834869
v -26.000000 20.560287 2.834869
v -26.000000 22.560287 2.834869
v -26.000000 23.560287 2.834869
v -25.000000 19.560287 2.834869
v -25.000000 20.560287 2.834869
v -25.000000 22.560287 2.834869
v -25.000000 23.560287 2.834869
v -24.000000 23.560287 2.834869
v -24.000000 24.560287 2.834869
v -23.000000 24.560287 2.834869
v -23.000000 26.560287 2.834869
v -12.000000 24.560287 2.834869
v -12.000000 26.560287 2.834869
v -11.000000 23.560287 2.834869
v -11.000000 24.560287 2.834869
v -10.000000 19.560287 2.834869
v -10.000000 20.560287 2.834869
v -10.000000 22.560287 2.834869
v -10.000000 23.560287 2.834869
v -9.000000 19.560287 2.834869
v -9.000000 20.560287 2.834869
v -9.000000 22.560287 2.834869
v -9.000000 23.560287 2.834869
v -7.000000 19.560287 2.834869
v -7.000000 20.560287 2.834869
v -7.000000 22.560287 2.834869
v -7.000000 23.560287 2.834869
v -6.000000 20.560287 2.834869
v -6.000000 22.560287 2.834869
v -5.000000 20.560287 2.834869
v -5.000000 22.560287 2.834869
v -4.000000 19.560287 2.834869
v -4.000000 20.560287 2.834869
v -4.000000 22.560287 2.834869
v -4.000000 23.560287 2.834869
v -2.000000 19.560287 2.834869
v -2.000000 20.560287 2.834869
v -2.000000 22.560287 2.834869
v -2.000000 23.560287 2.834869
v -1.000000 20.560287 2.834869
v -1.000000 22.560287 2.834869
v 1.000000 20.560287 2.834869
v 1.000000 22.560287 2.834869
v 2.000000 19.560287 2.834869
v 2.000000 20.560287 2.834869
v 2.000000 22.560287 2.834869
v 2.000000 23.560287 2.834869
v 4.000000 19.560287 2.834869
v 4.000000 20.560287 2.834869
v 4.000000 22.560287 2.834869
v 4.000000 23.560287 2.834869
v 5.000000 20.560287 2.834869
v 5.000000 22.560287 2.834869
v 6.000000 20.560287 2.834869
v 6.000000 22.560287 2.834869
v 7.000000 19.560287 2.834869
v 7.000000 20.560287 2.834869
v 7.000000 22.560287 2.834869
v 7.000000 23.560287 2.834869
v 9.000000 19.560287 2.834869
v 9.000000 20.560287 2.834869
v 9.000000 22.560287 2.834869
v 9.000000 23.560287 2.834869
v 10.000000 19.560287 2.834869
v 10.000000 20.560287 2.834869
v 10.000000 22.560287 2.834869
v 10.000000 23.560287 2.834869
v 11.000000 23.560287 2.834869
v 11.000000 24.560287 2.834869
v 12.000000 24.560287 2.834869
v 12.000000 26.560287 2.834869
v 23.000000 24.560287 2.834869
v 23.000000 26.560287 2.834869
v 24.000000 23.560287 2.834869
v 24.000000 24.560287 2.834869
v 25.000000 19.560287 2.834869
v 25.000000 20.560287 2.834869
v 25.000000 22.560287 2.834869
v 25.000000 23.560287 2.834869
v 26.000000 19.560287 2.834869
v 26.000000 20.560287 2.834869
v 26.000000 22.560287 2.834869
v 26.000000 23.560287 2.834869
v 28.000000 19.560287 2.834869
v 28.000000 20.560287 2.834869
v 28.000000 22.560287 2.834869
v 28.000000 23.560287 2.834869
v 29.000000 20.560287 2.834869
v 29.000000 22.560287 2.834869
v 30.000000 20.560287 2.834869
v 30.000000 22.560287 2.834869
v 31.000000 19.560287 2.834869
v 31.000000 20.560287 2.834869
v 31.000000 22.560287 2.834869
v 31.000000 23.560287 2.834869
v 33.000000 19.560287 2.834869
v 33.000000 20.560287 2.834869
v 33.000000 22.560287 2.834869
v 33.000000 23.560287 2.834869
v 34.000000 20.560287 2.834869
v 34.000000 22.560287 2.834869
v 36.000000 20.560287 2.834869
v 36.000000 22.560287 2.834869
v 37.000000 19.560287 2.834869
v 37.000000 20.560287 2.834869
v 37.000000 22.560287 2.834869
v 37.000000 23.560287 2.834869
v 39.000000 19.560287 2.834869
v 39.000000 20.560287 2.834869
v 39.000000 22.560287 2.834869
v 39.000000 23.560287 2.834869
v 40.000000 20.560287 2.834869
v 40.000000 22.560287 2.834869
v 41.000000 20.560287 2.834869
v 41.000000 22.560287 2.834869
v 42.000000 19.560287 2.834869
v 42.000000 20.560287 2.834869
v 42.000000 22.560287 2.834869
v 42.000000 23.560287 2.834869
v 44.000000 19.560287 2.834869
v 44.000000 20.560287 2.834869
v 44.000000 22.560287 2.834869
v 44.000000 23.560287 2.834869
v 45.000000 19.560287 2.834869
v 45.000000 20.560287 2.834869
v 45.000000 22.560287 2.834869
v 45.000000 23.560287 2.834869
v 46.000000 23.560287 2.834869
v 46.000000 24.560287 2.834869
v 47.000000 24.560287 2.834869
v 47.000000 26.560287 2.834869
v -45.000000 18.560287 1.834869
v -45.000000 19.560287 1.834869
v -44.000000 17.560287 1.834869
v -44.000000 18.560287 1.834869
v -44.000000 19.560287 1.834869
v -43.000000 16.560287 1.834869
v -43.000000 17.560287 1.834869
v -42.000000 15.560287 1.834869
v -42.000000 16.560287 1.834869
v -42.000000 19.560287 1.834869
v -41.000000 14.560287 1.834869
v -41.000000 15.560287 1.834869
v -40.000000 -30.439713 1.834869
v -40.000000 -27.439713 1.834869
v -40.000000 -26.439713 1.834869
v -40.000000 -21.439713 1.834869
v -40.000000 -20.439713 1.834869
v -40.000000 -19.439713 1.834869
v -40.000000 -18.439713 1.834869
v -40.000000 -16.439713 1.834869
v -40.000000 -15.439713 1.834869
v -40.000000 -13.439713 1.834869
v -40.000000 -12.439713 1.834869
v -40.000000 -7.439713 1.834869
v -40.000000 -6.439713 1.834869
v -40.000000 -5.439713 1.834869
v -40.000000 -4.439713 1.834869
v -40.000000 -2.439713 1.834869
v -40.000000 -1.439713 1.834869
v -40.000000 0.560287 1.834869
v -40.000000 1.560287 1.834869
v -40.000000 6.560287 1.834869
v -40.000000 7.560287 1.834869
v -40.000000 8.560287 1.834869
v -40.000000 9.560287 1.834869
v -40.000000 11.560287 1.834869
v -40.000000 12.560287 1.834869
v -40.000000 14.560287 1.834869
v -39.000000 19.560287 1.834869
v -37.000000 19.560287 1.834869
v -36.000000 -27.439713 1.834869
v -36.000000 -26.439713 1.834869
v -36.000000 -21.439713 1.834869
v -36.000000 -20.439713 1.834869
v -36.000000 -19.439713 1.834869
v -36.000000 -18.439713 1.834869
v -36.000000 -16.439713 1.834869
v -36.000000 -15.439713 1.834869
v -36.000000 -13.439713 1.834869
v -36.000000 -12.439713 1.834869
v -36.000000 -7.439713 1.834869
v -36.000000 -6.439713 1.834869
v -36.000000 -5.439713 1.834869
v -36.000000 -4.439713 1.834869
v -36.000000 -2.439713 1.834869
v -36.000000 -1.439713 1.834869
v -36.000000 0.560287 1.834869
v -36.000000 1.560287 1.834869
v -36.000000 6.560287 1.834869
v -36.000000 7.560287 1.834869
v -36.000000 8.560287 1.834869
v -36.000000 9.560287 1.834869
v -36.000000 11.560287 1.834869
v -36.000000 12.560287 1.834869
v -34.000000 -27.439713 1.834869
v -34.000000 -26.439713 1.834869
v -34.000000 -21.439713 1.834869
v -34.000000 -20.439713 1.834869
v -34.000000 -19.439713 1.834869
v -34.000000 -18.439713 1.834869
v -34.000000 -16.439713 1.834869
v -34.000000 -15.439713 1.834869
v -34.000000 -13.439713 1.834869
v -34.000000 -12.439713 1.834869
v -34.000000 -7.439713 1.834869
v -34.000000 -6.439713 1.834869
v -34.000000 -5.439713 1.834869
v -34.000000 -4.439713 1.834869
v -34.000000 -2.439713 1.834869
v -34.000000 -1.439713 1.834869
v -34.000000 0.560287 1.834869
v -34.000000 1.560287 1.834869
v -34.000000 6.560287 1.834869
v -34.000000 7.560287 1.834869
v -34.000000 8.560287 1.834869
v -34.000000 9.560287 1.834869
v -34.000000 11.560287 1.834869
v -34.000000 12.560287 1.834869
v -33.000000 19.560287 1.834869
v -31.000000 19.560287 1.834869
v -30.000000 -30.439713 1.834869
v -30.000000 -27.439713 1.834869
v -30.000000 -26.439713 1.834869
v -30.000000 -21.439713 1.834869
v -30.000000 -20.439713 1.834869
v -30.000000 -19.439713 1.834869
v -30.000000 -18.439713 1.834869
v -30.000000 -16.439713 1.834869
v -30.000000 -15.439713 1.834869
v -30.000000 -13.439713 1.834869
v -30.000000 -12.439713 1.834869
v -30.000000 -7.439713 1.834869
v -30.000000 -6.439713 1.834869
v -30.000000 -5.439713 1.834869
v -30.000000 -4.439713 1.834869
v -30.000000 -2.439713 1.834869
v -30.000000 -1.439713 1.834869
v -30.000000 0.560287 1.834869
v -30.000000 1.560287 1.834869
v -30.000000 6.560287 1.834869
v -30.000000 7.560287 1.834869
v -30.000000 8.560287 1.834869
v -30.000000 9.560287 1.834869
v -30.000000 11.560287 1.834869
v -30.000000 12.560287 1.834869
v -30.000000 14.560287 1.834869
v -29.000000 14.560287 1.834869
v -29.000000 15.560287 1.834869
v -28.000000 15.560287 1.834869
v -28.000000 16.560287 1.834869
v -28.000000 19.560287 1.834869
v -27.000000 16.560287 1.834869
v -27.000000 17.560287 1.834869
v -26.000000 17.560287 1.834869
v -26.000000 18.560287 1.834869
v -26.000000 19.560287 1.834869
v -25.000000 18.560287 1.834869
v -25.000000 19.560287 1.834869
v -10.000000 18.560287 1.834869
v -10.000000 19.560287 1.834869
v -9.000000 17.560287 1.834869
v -9.000000 18.560287 1.834869
v -9.000000 19.560287 1.834869
v -8.000000 16.560287 1.834869
v -8.000000 17.560287 1.834869
v -7.000000 15.560287 1.834869
v -7.000000 16.560287 1.834869
v -7.000000 19.560287 1.834869
v -6.000000 14.560287 1.834869
v -6.000000 15.560287 1.834869
v -5.000000 -30.439713 1.834869
v -5.000000 -27.439713 1.834869
v -5.000000 -26.439713 1.834869
v -5.000000 -21.439713 1.834869
v -5.000000 -20.439713 1.834869
v -5.000000 -19.439713 1.834869
v -5.000000 -18.439713 1.834869
v -5.000000 -16.439713 1.834869
v -5.000000 -15.439713 1.834869
v -5.000000 -13.439713 1.834869
v -5.000000 -12.439713 1.834869
v -5.000000 -7.439713 1.834869
v -5.000000 -6.439713 1.834869
v -5.000000 -5.439713 1.834869
v -5.000000 -4.439713 1.834869
v -5.000000 -2.439713 1.834869
v -5.000000 -1.439713 1.834869
v -5.000000 0.560287 1.834869
v -5.000000 1.560287 1.834869
v -5.000000 6.560287 1.834869
v -5.000000 7.560287 1.834869
v -5.000000 8.560287 1.834869
v -5.000000 9.560287 1.834869
v -5.000000 11.560287 1.834869
v -5.000000 12.560287 1.834869
v -5.000000 14.560287 1.834869
v -4.000000 19.560287 1.834869
v -2.000000 19.560287 1.834869
v -1.000000 -27.439713 1.834869
v -1.000000 -26.439713 1.834869
v -1.000000 -21.439713 1.834869
v -1.000000 -20.439713 1.834869
v -1.000000 -19.439713 1.834869
v -1.000000 -18.439713 1.834869
v -1.000000 -16.439713 1.834869
v -1.000000 -15.439713 1.834869
v -1.000000 -13.439713 1.834869
v -1.000000 -12.439713 1.834869
v -1.000000 -7.439713 1.834869
v -1.000000 -6.439713 1.834869
v -1.000000 -5.439713 1.834869
v -1.000000 -4.439713 1.834869
v -1.000000 -2.439713 1.834869
v -1.000000 -1.439713 1.834869
v -1.000000 0.560287 1.834869
v -1.000000 1.560287 1.834869
v -1.000000 6.560287 1.834869
v -1.000000 7.560287 1.834869
v -1.000000 8.560287 1.834869
v -1.000000 9.560287 1.834869
v -1.000000 11.560287 1.834869
v -1.000000 12.560287 1.834869
v 1.000000 -27.439713 1.834869
v 1.000000 -26.439713 1.834869
v 1.000000 -21.439713 1.834869
v 1.000000 -20.439713 1.834869
v 1.000000 -19.439713 1.834869
v 1.000000 -18.439713 1.834869
v 1.000000 -16.439713 1.834869
v 1.000000 -15.439713 1.834869
v 1.000000 -13.439713 1.834869
v 1.000000 -12.439713 1.834869
v 1.000000 -7.439713 1.834869
v 1.000000 -6.439713 1.834869
v 1.000000 -5.439713 1.834869
v 1.000000 -4.439713 1.834869
v 1.000000 -2.439713 1.834869
v 1.000000 -1.439713 1.834869
v 1.000000 0.560287 1.834869
v 1.000000 1.560287 1.834869
v 1.000000 6.560287 1.834869
v 1.000000 7.560287 1.834869
v 1.000000 8.560287 1.834869
v 1.000000 9.560287 1.834869
v 1.000000 11.560287 1.834869
v 1.000000 12.560287 1.834869
v 2.000000 19.560287 1.834869
v 4.000000 19.560287 1.834869
v 5.000000 -30.439713 1.834869
v 5.000000 -27.439713 1.834869
v 5.000000 -26.439713 1.834869
v 5.000000 -21.439713 1.834869
v 5.000000 -20.439713 1.834869
v 5.000000 -19.439713 1.834869
v 5.000000 -18.439713 1.834869
v 5.000000 -16.439713 1.834869
v 5.000000 -15.439713 1.834869
v 5.000000 -13.439713 1.834869
v 5.000000 -12.439713 1.834869
v 5.000000 -7.439713 1.834869
v 5.000000 -6.439713 1.834869
v 5.000000 -5.439713 1.834869
v 5.000000 -4.439713 1.834869
v 5.000000 -2.439713 1.834869
v 5.000000 -1.439713 1.834869
v 5.000000 0.560287 1.834869
v 5.000000 1.560287 1.834869
v 5.000000 6.560287 1.834869
v 5.000000 7.560287 1.834869
v 5.000000 8.560287 1.834869
v 5.000000 9.560287 1.834869
v 5.000000 11.560287 1.834869
v 5.000000 12.560287 1.834869
v 5.000000 14.560287 1.834869
v 6.000000 14.560287 1.834869
v 6.000000 15.560287 1.834869
v 7.000000 15.560287 1.834869
v 7.000000 16.560287 1.834869
v 7.000000 19.560287 1.834869
v 8.000000 16.560287 1.834869
v 8.000000 17.560287 1.834869
v 9.000000 17.560287 1.834869
v 9.000000 18.560287 1.834869
v 9.000000 19.560287 1.834869
v 10.000000 18.560287 1.834869
v 10.000000 19.560287 1.834869
v 25.000000 18.560287 1.834869
v 25.000000 19.560287 1.834869
v 26.000000 17.560287 1.834869
v 26.000000 18.560287 1.834869
v 26.000000 19.560287 1.834869
v 27.000000 16.560287 1.834869
v 27.000000 17.560287 1.834869
v 28.000000 15.560287 1.834869
v 28.000000 16.560287 1.834869
v 28.000000 19.560287 1.834869
v 29.000000 14.560287 1.834869
v 29.000000 15.560287 1.834869
v 30.000000 -30.439713 1.834869
v 30.000000 -27.439713 1.834869
v 30.000000 -26.439713 1.834869
v 30.000000 -21.439713 1.834869
v 30.000000 -20.439713 1.834869
v 30.000000 -19.439713 1.834869
v 30.000000 -18.439713 1.834869
v 30.000000 -16.439713 1.834869
v 30.000000 -15.439713 1.834869
v 30.000000 -13.439713 1.834869
v 30.000000 -12.439713 1.834869
v 30.000000 -7.439713 1.834869
v 30.000000 -6.439713 1.834869
v 30.000000 -5.439713 1.834869
v 30.000000 -4.439713 1.834869
v 30.000000 -2.439713 1.834869
v 30.000000 -1.439713 1.834869
v 30.000000 0.560287 1.834869
v 30.000000 1.560287 1.834869
v 30.000000 6.560287 1.834869
v 30.000000 7.560287 1.834869
v 30.000000 8.560287 1.834869
v 30.000000 9.560287 1.834869
v 30.000000 11.560287 1.834869
v 30.000000 12.560287 1.834869
v 30.000000 14.560287 1.834869
v 31.000000 19.560287 1.834869
v 33.000000 19.560287 1.834869
v 34.000000 -27.439713 1.834869
v 34.000000 -26.439713 1.834869
v 34.000000 -21.439713 1.834869
v 34.000000 -20.439713 1.834869
v 34.000000 -19.439713 1.834869
v 34.000000 -18.439713 1.834869
v 34.000000 -16.439713 1.834869
v 34.000000 -15.439713 1.834869
v 34.000000 -13.439713 1.834869
v 34.000000 -12.439713 1.834869
v 34.000000 -7.439713 1.834869
v 34.000000 -6.439713 1.834869
v 34.000000 -5.439713 1.834869
v 34.000000 -4.439713 1.834869
v 34.000000 -2.439713 1.834869
v 34.000000 -1.439713 1.834869
v 34.000000 0.560287 1.834869
v 34.000000 1.560287 1.834869
v 34.000000 6.560287 1.834869
v 34.000000 7.560287 1.834869
v 34.000000 8.560287 1.834869
v 34.000000 9.560287 1.834869
v 34.000000 11.560287 1.834869
v 34.000000 12.560287 1.834869
v 36.000000 -27.439713 1.834869
v 36.000000 -26.439713 1.834869
v 36.000000 -21.439713 1.834869
v 36.000000 -20.439713 1.834869
v 36.000000 -19.439713 1.834869
v 36.000000 -18.439713 1.834869
v 36.000000 -16.439713 1.834869
v 36.000000 -15.439713 1.834869
v 36.000000 -13.439713 1.834869
v 36.000000 -12.439713 1.834869
v 36.000000 -7.439713 1.834869
v 36.000000 -6.439713 1.834869
v 36.000000 -5.439713 1.834869
v 36.000000 -4.439713 1.834869
v 36.000000 -2.439713 1.834869
v 36.000000 -1.439713 1.834869
v 36.000000 0.560287 1.834869
v 36.000000 1.560287 1.834869
v 36.000000 6.560287 1.834869
v 36.000000 7.560287 1.834869
v 36.000000 8.560287 1.834869
v 36.000000 9.560287 1.834869
v 36.000000 11.560287 1.834869
v 36.000000 12.560287 1.834869
v 37.000000 19.560287 1.834869
v 39.000000 19.560287 1.834869
v 40.000000 -30.439713 1.834869
v 40.000000 -27.439713 1.834869
v 40.000000 -26.439713 1.834869
v 40.000000 -21.439713 1.834869
v 40.000000 -20.439713 1.834869
v 40.000000 -19.439713 1.834869
v 40.000000 -18.439713 1.834869
v 40.000000 -16.439713 1.834869
v 40.000000 -15.439713 1.834869
v 40.000000 -13.439713 1.834869
v 40.000000 -12.439713 1.834869
v 40.000000 -7.439713 1.834869
v 40.000000 -6.439713 1.834869
v 40.000000 -5.439713 1.834869
v 40.000000 -4.439713 1.834869
v 40.000000 -2.439713 1.834869
v 40.000000 -1.439713 1.834869
v 40.000000 0.560287 1.834869
v 40.000000 1.560287 1.834869
v 40.000000 6.560287 1.834869
v 40.000000 7.560287 1.834869
v 40.000000 8.560287 1.834869
v 40.000000 9.560287 1.834869
v 40.000000 11.560287 1.834869
v 40.000000 12.560287 1.834869
v 40.000000 14.560287 1.834869
v 41.000000 14.560287 1.834869
v 41.000000 15.560287 1.834869
v 42.000000 15.560287 1.834869
v 42.000000 16.560287 1.834869
v 42.000000 19.560287 1.834869
v 43.000000 16.560287 1.834869
v 43.000000 17.560287 1.834869
v 44.000000 17.560287 1.834869
v 44.000000 18.560287 1.834869
v 44.000000 19.560287 1.834869
v 45.000000 18.560287 1.834869
v 45.000000 19.560287 1.834869
v -47.000000 26.560287 0.834869
v -47.000000 27.560287 0.834869
v -45.000000 20.560287 0.834869
v -45.000000 22.560287 0.834869
v -44.000000 19.560287 0.834869
v -44.000000 20.560287 0.834869
v -44.000000 22.560287 0.834869
v -44.000000 23.560287 0.834869
v -42.000000 19.560287 0.834869
v -42.000000 20.560287 0.834869
v -42.000000 22.560287 0.834869
v -42.000000 23.560287 0.834869
v -41.000000 20.560287 0.834869
v -41.000000 22.560287 0.834869
v -40.000000 -27.439713 0.834869
v -40.000000 -26.439713 0.834869
v -40.000000 -21.439713 0.834869
v -40.000000 -20.439713 0.834869
v -40.000000 -19.439713 0.834869
v -40.000000 -18.439713 0.834869
v -40.000000 -16.439713 0.834869
v -40.000000 -15.439713 0.834869
v -40.000000 -13.439713 0.834869
v -40.000000 -12.439713 0.834869
v -40.000000 -7.439713 0.834869
v -40.000000 -6.439713 0.834869
v -40.000000 -5.439713 0.834869
v -40.000000 -4.439713 0.834869
v -40.000000 -2.439713 0.834869
v -40.000000 -1.439713 0.834869
v -40.000000 0.560287 0.834869
v -40.000000 1.560287 0.834869
v -40.000000 6.560287 0.834869
v -40.000000 7.560287 0.834869
v -40.000000 8.560287 0.834869
v -40.000000 9.560287 0.834869
v -40.000000 11.560287 0.834869
v -40.000000 12.560287 0.834869
v -40.000000 20.560287 0.834869
v -40.000000 22.560287 0.834869
v -39.000000 19.560287 0.834869
v -39.000000 20.560287 0.834869
v -39.000000 22.560287 0.834869
v -39.000000 23.560287 0.834869
v -37.000000 19.560287 0.834869
v -37.000000 20.560287 0.834869
v -37.000000 22.560287 0.834869
v -37.000000 23.560287 0.834869
v -36.000000 -27.439713 0.834869
v -36.000000 -26.439713 0.834869
v -36.000000 -21.439713 0.834869
v -36.000000 -20.439713 0.834869
v -36.000000 -19.439713 0.834869
v -36.000000 -18.439713 0.834869
v -36.000000 -16.439713 0.834869
v -36.000000 -15.439713 0.834869
v -36.000000 -13.439713 0.834869
v -36.000000 -12.439713 0.834869
v -36.000000 -7.439713 0.834869
v -36.000000 -6.439713 0.834869
v -36.000000 -5.439713 0.834869
v -36.000000 -4.439713 0.834869
v -36.000000 -2.439713 0.834869
v -36.000000 -1.439713 0.834869
v -36.000000 0.560287 0.834869
v -36.000000 1.560287 0.834869
v -36.000000 6.560287 0.834869
v -36.000000 7.560287 0.834869
v -36.000000 8.560287 0.834869
v -36.000000 9.560287 0.834869
v -36.000000 11.560287 0.834869
v -36.000000 12.560287 0.834869
v -36.000000 20.560287 0.834869
v -36.000000 22.560287 0.834869
v -34.000000 -27.439713 0.834869
v -34.000000 -26.439713 0.834869
v -34.000000 -21.439713 0.834869
v -34.000000 -20.439713 0.834869
v -34.000000 -19.439713 0.834869
v -34.000000 -18.439713 0.834869
v -34.000000 -16.439713 0.834869
v -34.000000 -15.439713 0.834869
v -34.000000 -13.439713 0.834869
v -34.000000 -12.439713 0.834869
v -34.000000 -7.439713 0.834869
v -34.000000 -6.439713 0.834869
v -34.000000 -5.439713 0.834869
v -34.000000 -4.439713 0.834869
v -34.000000 -2.439713 0.834869
v -34.000000 -1.439713 0.834869
v -34.000000 0.560287 0.834869
v -34.000000 1.560287 0.834869
v -34.000000 6.560287 0.834869
v -34.000000 7.560287 0.834869
v -34.000000 8.560287 0.834869
v -34.000000 9.560287 0.834869
v -34.000000 11.560287 0.834869
v -34.000000 12.560287 0.834869
v -34.000000 20.560287 0.834869
v -34.000000 22.560287 0.834869
v -33.000000 19.560287 0.834869
v -33.000000 20.560287 0.834869
v -33.000000 22.560287 0.834869
v -33.000000 23.560287 0.834869
v -31.000000 19.560287 0.834869
v -31.000000 20.560287 0.834869
v -31.000000 22.560287 0.834869
v -31.000000 23.560287 0.834869
v -30.000000 -27.439713 0.834869
v -30.000000 -26.439713 0.834869
v -30.000000 -21.439713 0.834869
v -30.000000 -20.439713 0.834869
v -30.000000 -19.439713 0.834869
v -30.000000 -18.439713 0.834869
v -30.000000 -16.439713 0.834869
v -30.000000 -15.439713 0.834869
v -30.000000 -13.439713 0.834869
v -30.000000 -12.439713 0.834869
v -30.000000 -7.439713 0.834869
v -30.000000 -6.439713 0.834869
v -30.000000 -5.439713 0.834869
v -30.000000 -4.439713 0.834869
v -30.000000 -2.439713 0.834869
v -30.000000 -1.439713 0.834869
v -30.000000 0.560287 0.834869
v -30.000000 1.560287 0.834869
v -30.000000 6.560287 0.834869
v -30.000000 7.560287 0.834869
v -30.000000 8.560287 0.834869
v -30.000000 9.560287 0.834869
v -30.000000 11.560287 0.834869
v -30.000000 12.560287 0.834869
v -30.000000 20.560287 0.834869
v -30.000000 22.560287 0.834869
v -29.000000 20.560287 0.834869
v -29.000000 22.560287 0.834869
v -28.000000 19.560287 0.834869
v -28.000000 20.560287 0.834869
v -28.000000 22.560287 0.834869
v -28.000000 23.560287 0.834869
v -26.000000 19.560287 0.834869
v -26.000000 20.560287 0.834869
v -26.000000 22.560287 0.834869
v -26.000000 23.560287 0.834869
v -25.000000 20.560287 0.834869
v -25.000000 22.560287 0.834869
v -23.000000 26.560287 0.834869
v -23.000000 27.560287 0.834869
v -12.000000 26.560287 0.834869
v -12.000000 27.560287 0.834869
v -10.000000 20.560287 0.834869
v -10.000000 22.560287 0.834869
v -9.000000 19.560287 0.834869
v -9.000000 20.560287 0.834869
v -9.000000 22.560287 0.834869
v -9.000000 23.560287 0.834869
v -7.000000 19.560287 0.834869
v -7.000000 20.560287 0.834869
v -7.000000 22.560287 0.834869
v -7.000000 23.560287 0.834869
v -6.000000 20.560287 0.834869
v -6.000000 22.560287 0.834869
v -5.000000 -27.439713 0.834869
v -5.000000 -26.439713 0.834869
v -5.000000 -21.439713 0.834869
v -5.000000 -20.439713 0.834869
v -5.000000 -19.439713 0.834869
v -5.000000 -18.439713 0.834869
v -5.000000 -16.439713 0.834869
v -5.000000 -15.439713 0.834869
v -5.000000 -13.439713 0.834869
v -5.000000 -12.439713 0.834869
v -5.000000 -7.439713 0.834869
v -5.000000 -6.439713 0.834869
v -5.000000 -5.439713 0.834869
v -5.000000 -4.439713 0.834869
v -5.000000 -2.439713 0.834869
v -5.000000 -1.439713 0.834869
v -5.000000 0.560287 0.834869
v -5.000000 1.560287 0.834869
v -5.000000 6.560287 0.834869
v -5.000000 7.560287 0.834869
v -5.000000 8.560287 0.834869
v -5.000000 9.560287 0.834869
v -5.000000 11.560287 0.834869
v -5.000000 12.560287 0.834869
v -5.000000 20.560287 0.834869
v -5.000000 22.560287 0.834869
v -4.000000 19.560287 0.834869
v -4.000000 20.560287 0.834869
v -4.000000 22.560287 0.834869
v -4.000000 23.560287 0.834869
v -2.000000 19.560287 0.834869
v -2.000000 20.560287 0.834869
v -2.000000 22.560287 0.834869
v -2.000000 23.560287 0.834869
v -1.000000 -27.439713 0.834869
v -1.000000 -26.439713 0.834869
v -1.000000 -21.439713 0.834869
v -1.000000 -20.439713 0.834869
v -1.000000 -19.439713 0.834869
v -1.000000 -18.439713 0.834869
v -1.000000 -16.439713 0.834869
v -1.000000 -15.439713 0.834869
v -1.000000 -13.439713 0.834869
v -1.000000 -12.439713 0.834869
v -1.000000 -7.439713 0.834869
v -1.000000 -6.439713 0.834869
v -1.000000 -5.439713 0.834869
v -1.000000 -4.439713 0.834869
v -1.000000 -2.439713 0.834869
v -1.000000 -1.439713 0.834869
v -1.000000 0.560287 0.834869
v -1.000000 1.560287 0.834869
v -1.000000 6.560287 0.834869
v -1.000000 7.560287 0.834869
v -1.000000 8.560287 0.834869
v -1.000000 9.560287 0.834869
v -1.000000 11.560287 0.834869
v -1.000000 12.560287 0.834869
v -1.000000 20.560287 0.834869
v -1.000000 22.560287 0.834869
v 1.000000 -27.439713 0.834869
v 1.000000 -26.439713 0.834869
v 1.000000 -21.439713 0.834869
v 1.000000 -20.439713 0.834869
v 1.000000 -19.439713 0.834869
v 1.000000 -18.439713 0.834869
v 1.000000 -16.439713 0.834869
v 1.000000 -15.439713 0.834869
v 1.000000 -13.439713 0.834869
v 1.000000 -12.439713 0.834869
v 1.000000 -7.439713 0.834869
v 1.000000 -6.439713 0.834869
v 1.000000 -5.439713 0.834869
v 1.000000 -4.439713 0.834869
v 1.000000 -2.439713 0.834869
v 1.000000 -1.439713 0.834869
v 1.000000 0.560287 0.834869
v 1.000000 1.560287 0.834869
v 1.000000 6.560287 0.834869
v 1.000000 7.560287 0.834869
v 1.000000 8.560287 0.834869
v 1.000000 9.560287 0.834869
v 1.000000 11.560287 0.834869
v 1.000000 12.560287 0.834869
v 1.000000 20.560287 0.834869
v 1.000000 22.560287 0.834869
v 2.000000 19.560287 0.834869
v 2.000000 20.560287 0.834869
v 2.000000 22.560287 0.834869
v 2.000000 23.560287 0.834869
v 4.000000 19.560287 0.834869
v 4.000000 20.560287 0.834869
v 4.000000 22.560287 0.834869
v 4.000000 23.560287 0.834869
v 5.000000 -27.439713 0.834869
v 5.000000 -26.439713 0.834869
v 5.000000 -21.439713 0.834869
v 5.000000 -20.439713 0.834869
v 5.000000 -19.439713 0.834869
v 5.000000 -18.439713 0.834869
v 5.000000 -16.439713 0.834869
v 5.000000 -15.439713 0.834869
v 5.000000 -13.439713 0.834869
v 5.000000 -12.439713 0.834869
v 5.000000 -7.439713 0.834869
v 5.000000 -6.439713 0.834869
v 5.000000 -5.439713 0.834869
v 5.000000 -4.439713 0.834869
v 5.000000 -2.439713 0.834869
v 5.000000 -1.439713 0.834869
v 5.000000 0.560287 0.834869
v 5.000000 1.560287 0.834869
v 5.000000 6.560287 0.834869
v 5.000000 7.560287 0.834869
v 5.000000 8.560287 0.834869
v 5.000000 9.560287 0.834869
v 5.000000 11.560287 0.834869
v 5.000000 12.560287 0.834869
v 5.000000 20.560287 0.834869
v 5.000000 22.560287 0.834869
v 6.000000 20.560287 0.834869
v 6.000000 22.560287 0.834869
v 7.000000 19.560287 0.834869
v 7.000000 20.560287 0.834869
v 7.000000 22.560287 0.834869
v 7.000000 23.560287 0.834869
v 9.000000 19.560287 0.834869
v 9.000000 20.560287 0.834869
v 9.000000 22.560287 0.834869
v 9.000000 23.560287 0.834869
v 10.000000 20.560287 0.834869
v 10.000000 22.560287 0.834869
v 12.000000 26.560287 0.834869
v 12.000000 27.560287 0.834869
v 23.000000 26.560287 0.834869
v 23.000000 27.560287 0.834869
v 25.000000 20.560287 0.834869
v 25.000000 22.560287 0.834869
v 26.000000 19.560287 0.834869
v 26.000000 20.560287 0.834869
v 26.000000 22.560287 0.834869
v 26.000000 23.560287 0.834869
v 28.000000 19.560287 0.834869
v 28.000000 20.560287 0.834869
v 28.000000 22.560287 0.834869
v 28.000000 23.560287 0.834869
v 29.000000 20.560287 0.834869
v 29.000000 22.560287 0.834869
v 30.000000 -27.439713 0.834869
v 30.000000 -26.439713 0.834869
v 30.000000 -21.439713 0.834869
v 30.000000 -20.439713 0.834869
v 30.000000 -19.439713 0.834869
v 30.000000 -18.439713 0.834869
v 30.000000 -16.439713 0.834869
v 30.000000 -15.439713 0.834869
v 30.000000 -13.439713 0.834869
v 30.000000 -12.439713 0.834869
v 30.000000 -7.439713 0.834869
v 30.000000 -6.439713 0.834869
v 30.000000 -5.439713 0.834869
v 30.000000 -4.439713 0.834869
v 30.000000 -2.439713 0.834869
v 30.000000 -1.439713 0.834869
v 30.000000 0.560287 0.834869
v 30.000000 1.560287 0.834869
v 30.000000 6.560287 0.834869
v 30.000000 7.560287 0.834869
v 30.000000 8.560287 0.834869
v 30.000000 9.560287 0.834869
v 30.000000 11.560287 0.834869
v 30.000000 12.560287 0.834869
v 30.000000 20.560287 0.834869
v 30.000000 22.560287 0.834869
v 31.000000 19.560287 0.834869
v 31.000000 20.560287 0.834869
v 31.000000 22.560287 0.834869
v 31.000000 23.560287 0.834869
v 33.000000 19.560287 0.834869
v 33.000000 20.560287 0.834869
v 33.000000 22.560287 0.834869
v 33.000000 23.560287 0.834869
v 34.000000 -27.439713 0.834869
v 34.000000 -26.439713 0.834869
v 34.000000 -21.439713 0.834869
v 34.000000 -20.439713 0.834869
v 34.000000 -19.439713 0.834869
v 34.000000 -18.439713 0.834869
v 34.000000 -16.439713 0.834869
v 34.000000 -15.439713 0.834869
v 34.000000 -13.439713 0.834869
v 34.000000 -12.439713 0.834869
v 34.000000 -7.439713 0.834869
v 34.000000 -6.439713 0.834869
v 34.000000 -5.439713 0.834869
v 34.000000 -4.439713 0.834869
v 34.000000 -2.439713 0.834869
v 34.000000 -1.439713 0.834869
v 34.000000 0.560287 0.834869
v 34.000000 1.560287 0.834869
v 34.000000 6.560287 0.834869
v 34.000000 7.560287 0.834869
v 34.000000 8.560287 0.834869
v 34.000000 9.560287 0.834869
v 34.000000 11.560287 0.834869
v 34.000000 12.560287 0.834869
v 34.000000 20.560287 0.834869
v 34.000000 22.560287 0.834869
v 36.000000 -27.439713 0.834869
v 36.000000 -26.439713 0.834869
v 36.000000 -21.439713 0.834869
v 36.000000 -20.439713 0.834869
v 36.000000 -19.439713 0.834869
v 36.000000 -18.439713 0.834869
v 36.000000 -16.439713 0.834869
v 36.000000 -15.439713 0.834869
v 36.000000 -13.439713 0.834869
v 36.000000 -12.439713 0.834869
v 36.000000 -7.439713 0.834869
v 36.000000 -6.439713 0.834869
v 36.000000 -5.439713 0.834869
v 36.000000 -4.439713 0.834869
v 36.000000 -2.439713 0.834869
v 36.000000 -1.439713 0.834869
v 36.000000 0.560287 0.834869
v 36.000000 1.560287 0.834869
v 36.000000 6.560287 0.834869
v 36.000000 7.560287 0.834869
v 36.000000 8.560287 0.834869
v 36.000000 9.560287 0.834869
v 36.000000 11.560287 0.834869
v 36.000000 12.560287 0.834869
v 36.000000 20.560287 0.834869
v 36.000000 22.560287 0.834869
v 37.000000 19.560287 0.834869
v 37.000000 20.560287 0.834869
v 37.000000 22.560287 0.834869
v 37.000000 23.560287 0.834869
v 39.000000 19.560287 0.834869
v 39.000000 20.560287 0.834869
v 39.000000 22.560287 0.834869
v 39.000000 23.560287 0.834869
v 40.000000 -27.439713 0.834869
v 40.000000 -26.439713 0.834869
v 40.000000 -21.439713 0.834869
v 40.000000 -20.439713 0.834869
v 40.000000 -19.439713 0.834869
v 40.000000 -18.439713 0.834869
v 40.000000 -16.439713 0.834869
v 40.000000 -15.439713 0.834869
v 40.000000 -13.439713 0.834869
v 40.000000 -12.439713 0.834869
v 40.000000 -7.439713 0.834869
v 40.000000 -6.439713 0.834869
v 40.000000 -5.439713 0.834869
v 40.000000 -4.439713 0.834869
v 40.000000 -2.439713 0.834869
v 40.000000 -1.439713 0.834869
v 40.000000 0.560287 0.834869
v 40.000000 1.560287 0.834869
v 40.000000 6.560287 0.834869
v 40.000000 7.560287 0.834869
v 40.000000 8.560287 0.834869
v 40.000000 9.560287 0.834869
v 40.000000 11.560287 0.834869
v 40.000000 12.560287 0.834869
v 40.000000 20.560287 0.834869
v 40.000000 22.560287 0.834869
v 41.000000 20.560287 0.834869
v 41.000000 22.560287 0.834869
v 42.000000 19.560287 0.834869
v 42.000000 20.560287 0.834869
v 42.000000 22.560287 0.834869
v 42.000000 23.560287 0.834869
v 44.000000 19.560287 0.834869
v 44.000000 20.560287 0.834869
v 44.000000 22.560287 0.834869
v 44.000000 23.560287 0.834869
v 45.000000 20.560287 0.834869
v 45.000000 22.560287 0.834869
v 47.000000 26.560287 0.834869
v 47.000000 27.560287 0.834869
v -24.000000 -15.439713 -2.165131
v -24.000000 0.560287 -2.165131
v -23.000000 -16.439713 -2.165131
v -23.000000 -15.439713 -2.165131
v -23.000000 0.560287 -2.165131
v -23.000000 2.560287 -2.165131
v -22.000000 -17.439713 -2.165131
v -22.000000 -16.439713 -2.165131
v -22.000000 -15.439713 -2.165131
v -22.000000 -12.439713 -2.165131
v -22.000000 -11.439713 -2.165131
v -22.000000 -7.439713 -2.165131
v -22.000000 -6.439713 -2.165131
v -22.000000 -2.439713 -2.165131
v -22.000000 -1.439713 -2.165131
v -22.000000 0.560287 -2.165131
v -22.000000 2.560287 -2.165131
v -22.000000 4.560287 -2.165131
v -21.000000 -18.439713 -2.165131
v -21.000000 -17.439713 -2.165131
v -21.000000 -16.439713 -2.165131
v -21.000000 -15.439713 -2.165131
v -21.000000 0.560287 -2.165131
v -21.000000 2.560287 -2.165131
v -21.000000 4.560287 -2.165131
v -21.000000 6.560287 -2.165131
v -20.000000 2.560287 -2.165131
v -20.000000 4.560287 -2.165131
v -20.000000 6.560287 -2.165131
v -20.000000 7.560287 -2.165131
v -19.000000 4.560287 -2.165131
v -19.000000 6.560287 -2.165131
v -19.000000 7.560287 -2.165131
v -19.000000 8.560287 -2.165131
v -18.000000 -16.439713 -2.165131
v -18.000000 -12.439713 -2.165131
v -18.000000 -11.439713 -2.165131
v -18.000000 -7.439713 -2.165131
v -18.000000 -6.439713 -2.165131
v -18.000000 -2.439713 -2.165131
v -18.000000 -1.439713 -2.165131
v -18.000000 6.560287 -2.165131
v -18.000000 7.560287 -2.165131
v -18.000000 8.560287 -2.165131
v -18.000000 9.560287 -2.165131
v -17.000000 -16.439713 -2.165131
v -17.000000 -12.439713 -2.165131
v -17.000000 -11.439713 -2.165131
v -17.000000 -7.439713 -2.165131
v -17.000000 -6.439713 -2.165131
v -17.000000 -2.439713 -2.165131
v -17.000000 -1.439713 -2.165131
v -17.000000 6.560287 -2.165131
v -17.000000 7.560287 -2.165131
v -17.000000 8.560287 -2.165131
v -17.000000 9.560287 -2.165131
v -16.000000 4.560287 -2.165131
v -16.000000 6.560287 -2.165131
v -16.000000 7.560287 -2.165131
v -16.000000 8.560287 -2.165131
v -15.000000 2.560287 -2.165131
v -15.000000 4.560287 -2.165131
v -15.000000 6.560287 -2.165131
v -15.000000 7.560287 -2.165131
v -14.000000 -18.439713 -2.165131
v -14.000000 -17.439713 -2.165131
v -14.000000 -16.439713 -2.165131
v -14.000000 -15.439713 -2.165131
v -14.000000 0.560287 -2.165131
v -14.000000 2.560287 -2.165131
v -14.000000 4.560287 -2.165131
v -14.000000 6.560287 -2.165131
v -13.000000 -17.439713 -2.165131
v -13.000000 -16.439713 -2.165131
v -13.000000 -15.439713 -2.165131
v -13.000000 -12.439713 -2.165131
v -13.000000 -11.439713 -2.165131
v -13.000000 -7.439713 -2.165131
v -13.000000 -6.439713 -2.165131
v -13.000000 -2.439713 -2.165131
v -13.000000 -1.439713 -2.165131
v -13.000000 0.560287 -2.165131
v -13.000000 2.560287 -2.165131
v -13.000000 4.560287 -2.165131
v -12.000000 -16.439713 -2.165131
v -12.000000 -15.439713 -2.165131
v -12.000000 0.560287 -2.165131
v -12.000000 2.560287 -2.165131
v -11.000000 -15.439713 -2.165131
v -11.000000 0.560287 -2.165131
v 11.000000 -15.439713 -2.165131
v 11.000000 0.560287 -2.165131
v 12.000000 -16.439713 -2.165131
v 12.000000 -15.439713 -2.165131
v 12.000000 0.560287 -2.165131
v 12.000000 2.560287 -2.165131
v 13.000000 -17.439713 -2.165131
v 13.000000 -16.439713 -2.165131
v 13.000000 -15.439713 -2.165131
v 13.000000 -12.439713 -2.165131
v 13.000000 -11.439713 -2.165131
v 13.000000 -7.439713 -2.165131
v 13.000000 -6.439713 -2.165131
v 13.000000 -2.439713 -2.165131
v 13.000000 -1.439713 -2.165131
v 13.000000 0.560287 -2.165131
v 13.000000 2.560287 -2.165131
v 13.000000 4.560287 -2.165131
v 14.000000 -18.439713 -2.165131
v 14.000000 -17.439713 -2.165131
v 14.000000 -16.439713 -2.165131
v 14.000000 -15.439713 -2.165131
v 14.000000 0.560287 -2.165131
v 14.000000 2.560287 -2.165131
v 14.000000 4.560287 -2.165131
v 14.000000 6.560287 -2.165131
v 15.000000 2.560287 -2.165131
v 15.000000 4.560287 -2.165131
v 15.000000 6.560287 -2.165131
v 15.000000 7.560287 -2.165131
v 16.000000 4.560287 -2.165131
v 16.000000 6.560287 -2.165131
v 16.000000 7.560287 -2.165131
v 16.000000 8.560287 -2.165131
v 17.000000 -16.439713 -2.165131
v 17.000000 -12.439713 -2.165131
v 17.000000 -11.439713 -2.165131
v 17.000000 -7.439713 -2.165131
v 17.000000 -6.439713 -2.165131
v 17.000000 -2.439713 -2.165131
v 17.000000 -1.439713 -2.165131
v 17.000000 6.560287 -2.165131
v 17.000000 7.560287 -2.165131
v 17.000000 8.560287 -2.165131
v 17.000000 9.560287 -2.165131
v 18.000000 -16.439713 -2.165131
v 18.000000 -12.439713 -2.165131
v 18.000000 -11.439713 -2.165131
v 18.000000 -7.439713 -2.165131
v 18.000000 -6.439713 -2.165131
v 18.000000 -2.439713 -2.165131
v 18.000000 -1.439713 -2.165131
v 18.000000 6.560287 -2.165131
v 18.000000 7.560287 -2.165131
v 18.000000 8.560287 -2.165131
v 18.000000 9.560287 -2.165131
v 19.000000 4.560287 -2.165131
v 19.000000 6.560287 -2.165131
v 19.000000 7.560287 -2.165131
v 19.000000 8.560287 -2.165131
v 20.000000 2.560287 -2.165131
v 20.000000 4.560287 -2.165131
v 20.000000 6.560287 -2.165131
v 20.000000 7.560287 -2.165131
v 21.000000 -18.439713 -2.165131
v 21.000000 -17.439713 -2.165131
v 21.000000 -16.439713 -2.165131
v 21.000000 -15.439713 -2.165131
v 21.000000 0.560287 -2.165131
v 21.000000 2.560287 -2.165131
v 21.000000 4.560287 -2.165131
v 21.000000 6.560287 -2.165131
v 22.000000 -17.439713 -2.165131
v 22.000000 -16.439713 -2.165131
v 22.000000 -15.439713 -2.165131
v 22.000000 -12.439713 -2.165131
v 22.000000 -11.439713 -2.165131
v 22.000000 -7.439713 -2.165131
v 22.000000 -6.439713 -2.165131
v 22.000000 -2.439713 -2.165131
v 22.000000 -1.439713 -2.165131
v 22.000000 0.560287 -2.165131
v 22.000000 2.560287 -2.165131
v 22.000000 4.560287 -2.165131
v 23.000000 -16.439713 -2.165131
v 23.000000 -15.439713 -2.165131
v 23.000000 0.560287 -2.165131
v 23.000000 2.560287 -2.165131
v 24.000000 -15.439713 -2.165131
v 24.000000 0.560287 -2.165131
v -50.000000 -30.439713 -3.165131
v -50.000000 31.560287 -3.165131
v -47.000000 24.560287 -3.165131
v -47.000000 27.560287 -3.165131
v -46.000000 23.560287 -3.165131
v -46.000000 24.560287 -3.165131
v -45.000000 18.560287 -3.165131
v -45.000000 19.560287 -3.165131
v -45.000000 23.560287 -3.165131
v -44.000000 17.560287 -3.165131
v -44.000000 18.560287 -3.165131
v -43.000000 16.560287 -3.165131
v -43.000000 17.560287 -3.165131
v -42.000000 15.560287 -3.165131
v -42.000000 16.560287 -3.165131
v -41.000000 14.560287 -3.165131
v -41.000000 15.560287 -3.165131
v -40.000000 -30.439713 -3.165131
v -40.000000 14.560287 -3.165131
v -30.000000 -30.439713 -3.165131
v -30.000000 14.560287 -3.165131
v -29.000000 14.560287 -3.165131
v -29.000000 15.560287 -3.165131
v -28.000000 15.560287 -3.165131
v -28.000000 16.560287 -3.165131
v -27.000000 16.560287 -3.165131
v -27.000000 17.560287 -3.165131
v -26.000000 17.560287 -3.165131
v -26.000000 18.560287 -3.165131
v -25.000000 18.560287 -3.165131
v -25.000000 19.560287 -3.165131
v -25.000000 23.560287 -3.165131
v -24.000000 -15.439713 -3.165131
v -24.000000 0.560287 -3.165131
v -24.000000 23.560287 -3.165131
v -24.000000 24.560287 -3.165131
v -23.000000 -16.439713 -3.165131
v -23.000000 -15.439713 -3.165131
v -23.000000 0.560287 -3.165131
v -23.000000 2.560287 -3.165131
v -23.000000 24.560287 -3.165131
v -23.000000 27.560287 -3.165131
v -22.000000 -17.439713 -3.165131
v -22.000000 -16.439713 -3.165131
v -22.000000 2.560287 -3.165131
v -22.000000 4.560287 -3.165131
v -21.000000 -18.439713 -3.165131
v -21.000000 -17.439713 -3.165131
v -21.000000 4.560287 -3.165131
v -21.000000 6.560287 -3.165131
v -20.000000 6.560287 -3.165131
v -20.000000 7.560287 -3.165131
v -19.000000 7.560287 -3.165131
v -19.000000 8.560287 -3.165131
v -18.000000 8.560287 -3.165131
v -18.000000 9.560287 -3.165131
v -17.000000 8.560287 -3.165131
v -17.000000 9.560287 -3.165131
v -16.000000 7.560287 -3.165131
v -16.000000 8.560287 -3.165131
v -15.000000 6.560287 -3.165131
v -15.000000 7.560287 -3.165131
v -14.000000 -18.439713 -3.165131
v -14.000000 -17.439713 -3.165131
v -14.000000 4.560287 -3.165131
v -14.000000 6.560287 -3.165131
v -13.000000 -17.439713 -3.165131
v -13.000000 -16.439713 -3.165131
v -13.000000 2.560287 -3.165131
v -13.000000 4.560287 -3.165131
v -12.000000 -16.439713 -3.165131
v -12.000000 -15.439713 -3.165131
v -12.000000 0.560287 -3.165131
v -12.000000 2.560287 -3.165131
v -12.000000 24.560287 -3.165131
v -12.000000 27.560287 -3.165131
v -11.000000 -15.439713 -3.165131
v -11.000000 0.560287 -3.165131
v -11.000000 23.560287 -3.165131
v -11.000000 24.560287 -3.165131
v -10.000000 18.560287 -3.165131
v -10.000000 19.560287 -3.165131
v -10.000000 23.560287 -3.165131
v -9.000000 17.560287 -3.165131
v -9.000000 18.560287 -3.165131
v -8.000000 16.560287 -3.165131
v -8.000000 17.560287 -3.165131
v -7.000000 15.560287 -3.165131
v -7.000000 16.560287 -3.165131
v -6.000000 14.560287 -3.165131
v -6.000000 15.560287 -3.165131
v -5.000000 -30.439713 -3.165131
v -5.000000 14.560287 -3.165131
v 5.000000 -30.439713 -3.165131
v 5.000000 14.560287 -3.165131
v 6.000000 14.560287 -3.165131
v 6.000000 15.560287 -3.165131
v 7.000000 15.560287 -3.165131
v 7.000000 16.560287 -3.165131
v 8.000000 16.560287 -3.165131
v 8.000000 17.560287 -3.165131
v 9.000000 17.560287 -3.165131
v 9.000000 18.560287 -3.165131
v 10.000000 18.560287 -3.165131
v 10.000000 19.560287 -3.165131
v 10.000000 23.560287 -3.165131
v 11.000000 -15.439713 -3.165131
v 11.000000 0.560287 -3.165131
v 11.000000 23.560287 -3.165131
v 11.000000 24.560287 -3.165131
v 12.000000 -16.439713 -3.165131
v 12.000000 -15.439713 -3.165131
v 12.000000 0.560287 -3.165131
v 12.000000 2.560287 -3.165131
v 12.000000 24.560287 -3.165131
v 12.000000 27.560287 -3.165131
v 13.000000 -17.439713 -3.165131
v 13.000000 -16.439713 -3.165131
v 13.000000 2.560287 -3.165131
v 13.000000 4.560287 -3.165131
v 14.000000 -18.439713 -3.165131
v 14.000000 -17.439713 -3.165131
v 14.000000 4.560287 -3.165131
v 14.000000 6.560287 -3.165131
v 15.000000 6.560287 -3.165131
v 15.000000 7.560287 -3.165131
v 16.000000 7.560287 -3.165131
v 16.000000 8.560287 -3.165131
v 17.000000 8.560287 -3.165131
v 17.000000 9.560287 -3.165131
v 18.000000 8.560287 -3.165131
v 18.000000 9.560287 -3.165131
v 19.000000 7.560287 -3.165131
v 19.000000 8.560287 -3.165131
v 20.000000 6.560287 -3.165131
v 20.000000 7.560287 -3.165131
v 21.000000 -18.439713 -3.165131
v 21.000000 -17.439713 -3.165131
v 21.000000 4.560287 -3.165131
v 21.000000 6.560287 -3.165131
v 22.000000 -17.439713 -3.165131
v 22.000000 -16.439713 -3.165131
v 22.000000 2.560287 -3.165131
v 22.000000 4.560287 -3.165131
v 23.000000 -16.439713 -3.165131
v 23.000000 -15.439713 -3.165131
v 23.000000 0.560287 -3.165131
v 23.000000 2.560287 -3.165131
v 23.000000 24.560287 -3.165131
v 23.000000 27.560287 -3.165131
v 24.000000 -15.439713 -3.165131
v 24.000000 0.560287 -3.165131
v 24.000000 23.560287 -3.165131
v 24.000000 24.560287 -3.165131
v 25.000000 18.560287 -3.165131
v 25.000000 19.560287 -3.165131
v 25.000000 23.560287 -3.165131
v 26.000000 17.560287 -3.165131
v 26.000000 18.560287 -3.165131
v 27.000000 16.560287 -3.165131
v 27.000000 17.560287 -3.165131
v 28.000000 15.560287 -3.165131
v 28.000000 16.560287 -3.165131
v 29.000000 14.560287 -3.165131
v 29.000000 15.560287 -3.165131
v 30.000000 -30.439713 -3.165131
v 30.000000 14.560287 -3.165131
v 40.000000 -30.439713 -3.165131
v 40.000000 14.560287 -3.165131
v 41.000000 14.560287 -3.165131
v 41.000000 15.560287 -3.165131
v 42.000000 15.560287 -3.165131
v 42.000000 16.560287 -3.165131
v 43.000000 16.560287 -3.165131
v 43.000000 17.560287 -3.165131
v 44.000000 17.560287 -3.165131
v 44.000000 18.560287 -3.165131
v 45.000000 18.560287 -3.165131
v 45.000000 19.560287 -3.165131
v 45.000000 23.560287 -3.165131
v 46.000000 23.560287 -3.165131
v 46.000000 24.560287 -3.165131
v 47.000000 24.560287 -3.165131
v 47.000000 27.560287 -3.165131
v 50.000000 -30.439713 -3.165131
v 50.000000 31.560287 -3.165131
v -22.000000 -12.439713 -3.165131
v -22.000000 -11.439713 -3.165131
v -22.000000 -7.439713 -3.165131
v -22.000000 -6.439713 -3.165131
v -22.000000 -2.439713 -3.165131
v -22.000000 -1.439713 -3.165131
v -18.000000 -16.439713 -3.165131
v -18.000000 -12.439713 -3.165131
v -18.000000 -11.439713 -3.165131
v -18.000000 -7.439713 -3.165131
v -18.000000 -6.439713 -3.165131
v -18.000000 -2.439713 -3.165131
v -18.000000 -1.439713 -3.165131
v -18.000000 6.560287 -3.165131
v -18.000000 7.560287 -3.165131
v -17.000000 -16.439713 -3.165131
v -17.000000 -12.439713 -3.165131
v -17.000000 -11.439713 -3.165131
v -17.000000 -7.439713 -3.165131
v -17.000000 -6.439713 -3.165131
v -17.000000 -2.439713 -3.165131
v -17.000000 -1.439713 -3.165131
v -17.000000 6.560287 -3.165131
v -17.000000 7.560287 -3.165131
v -13.000000 -12.439713 -3.165131
v -13.000000 -11.439713 -3.165131
v -13.000000 -7.439713 -3.165131
v -13.000000 -6.439713 -3.165131
v -13.000000 -2.439713 -3.165131
v -13.000000 -1.439713 -3.165131
v 13.000000 -12.439713 -3.165131
v 13.000000 -11.439713 -3.165131
v 13.000000 -7.439713 -3.165131
v 13.000000 -6.439713 -3.165131
v 13.000000 -2.439713 -3.165131
v 13.000000 -1.439713 -3.165131
v 17.000000 -16.439713 -3.165131
v 17.000000 -12.439713 -3.165131
v 17.000000 -11.439713 -3.165131
v 17.000000 -7.439713 -3.165131
v 17.000000 -6.439713 -3.165131
v 17.000000 -2.439713 -3.165131
v 17.000000 -1.439713 -3.165131
v 17.000000 6.560287 -3.165131
v 17.000000 7.560287 -3.165131
v 18.000000 -16.439713 -3.165131
v 18.000000 -12.439713 -3.165131
v 18.000000 -11.439713 -3.165131
v 18.000000 -7.439713 -3.165131
v 18.000000 -6.439713 -3.165131
v 18.000000 -2.439713 -3.165131
v 18.000000 -1.439713 -3.165131
v 18.000000 6.560287 -3.165131
v 18.000000 7.560287 -3.165131
v 22.000000 -12.439713 -3.165131
v 22.000000 -11.439713 -3.165131
v 22.000000 -7.439713 -3.165131
v 22.000000 -6.439713 -3.165131
v 22.000000 -2.439713 -3.165131
v 22.000000 -1.439713 -3.165131
v -50.000000 -30.439713 -4.165131
v -50.000000 31.560287 -4.165131
v -47.000000 24.560287 -4.165131
v -47.000000 27.560287 -4.165131
v -46.000000 23.560287 -4.165131
v -46.000000 24.560287 -4.165131
v -45.000000 18.560287 -4.165131
v -45.000000 23.560287 -4.165131
v -44.000000 17.560287 -4.165131
v -44.000000 18.560287 -4.165131
v -43.000000 16.560287 -4.165131
v -43.000000 17.560287 -4.165131
v -42.000000 15.560287 -4.165131
v -42.000000 16.560287 -4.165131
v -41.000000 14.560287 -4.165131
v -41.000000 15.560287 -4.165131
v -40.000000 -30.439713 -4.165131
v -40.000000 14.560287 -4.165131
v -30.000000 -30.439713 -4.165131
v -30.000000 14.560287 -4.165131
v -29.000000 14.560287 -4.165131
v -29.000000 15.560287 -4.165131
v -28.000000 15.560287 -4.165131
v -28.000000 16.560287 -4.165131
v -27.000000 16.560287 -4.165131
v -27.000000 17.560287 -4.165131
v -26.000000 17.560287 -4.165131
v -26.000000 18.560287 -4.165131
v -25.000000 18.560287 -4.165131
v -25.000000 23.560287 -4.165131
v -24.000000 -15.439713 -4.165131
v -24.000000 0.560287 -4.165131
v -24.000000 23.560287 -4.165131
v -24.000000 24.560287 -4.165131
v -23.000000 -16.439713 -4.165131
v -23.000000 -15.439713 -4.165131
v -23.000000 0.560287 -4.165131
v -23.000000 2.560287 -4.165131
v -23.000000 24.560287 -4.165131
v -23.000000 27.560287 -4.165131
v -22.000000 -17.439713 -4.165131
v -22.000000 -16.439713 -4.165131
v -22.000000 -15.439713 -4.165131
v -22.000000 0.560287 -4.165131
v -22.000000 2.560287 -4.165131
v -22.000000 4.560287 -4.165131
v -21.000000 -18.439713 -4.165131
v -21.000000 -17.439713 -4.165131
v -21.000000 -16.439713 -4.165131
v -21.000000 -15.439713 -4.165131
v -21.000000 0.560287 -4.165131
v -21.000000 2.560287 -4.165131
v -21.000000 4.560287 -4.165131
v -21.000000 6.560287 -4.165131
v -20.000000 2.560287 -4.165131
v -20.000000 4.560287 -4.165131
v -20.000000 6.560287 -4.165131
v -20.000000 7.560287 -4.165131
v -19.000000 4.560287 -4.165131
v -19.000000 6.560287 -4.165131
v -19.000000 7.560287 -4.165131
v -19.000000 8.560287 -4.165131
v -18.000000 6.560287 -4.165131
v -18.000000 7.560287 -4.165131
v -18.000000 8.560287 -4.165131
v -18.000000 9.560287 -4.165131
v -17.000000 6.560287 -4.165131
v -17.000000 7.560287 -4.165131
v -17.000000 8.560287 -4.165131
v -17.000000 9.560287 -4.165131
v -16.000000 4.560287 -4.165131
v -16.000000 6.560287 -4.165131
v -16.000000 7.560287 -4.165131
v -16.000000 8.560287 -4.165131
v -15.000000 2.560287 -4.165131
v -15.000000 4.560287 -4.165131
v -15.000000 6.560287 -4.165131
v -15.000000 7.560287 -4.165131
v -14.000000 -18.439713 -4.165131
v -14.000000 -17.439713 -4.165131
v -14.000000 -16.439713 -4.165131
v -14.000000 -15.439713 -4.165131
v -14.000000 0.560287 -4.165131
v -14.000000 2.560287 -4.165131
v -14.000000 4.560287 -4.165131
v -14.000000 6.560287 -4.165131
v -13.000000 -17.439713 -4.165131
v -13.000000 -16.439713 -4.165131
v -13.000000 -15.439713 -4.165131
v -13.000000 0.560287 -4.165131
v -13.000000 2.560287 -4.165131
v -13.000000 4.560287 -4.165131
v -12.000000 -16.439713 -4.165131
v -12.000000 -15.439713 -4.165131
v -12.000000 0.560287 -4.165131
v -12.000000 2.560287 -4.165131
v -12.000000 24.560287 -4.165131
v -12.000000 27.560287 -4.165131
v -11.000000 -15.439713 -4.165131
v -11.000000 0.560287 -4.165131
v -11.000000 23.560287 -4.165131
v -11.000000 24.560287 -4.165131
v -10.000000 18.560287 -4.165131
v -10.000000 23.560287 -4.165131
v -9.000000 17.560287 -4.165131
v -9.000000 18.560287 -4.165131
v -8.000000 16.560287 -4.165131
v -8.000000 17.560287 -4.165131
v -7.000000 15.560287 -4.165131
v -7.000000 16.560287 -4.165131
v -6.000000 14.560287 -4.165131
v -6.000000 15.560287 -4.165131
v -5.000000 -30.439713 -4.165131
v -5.000000 14.560287 -4.165131
v 5.000000 -30.439713 -4.165131
v 5.000000 14.560287 -4.165131
v 6.000000 14.560287 -4.165131
v 6.000000 15.560287 -4.165131
v 7.000000 15.560287 -4.165131
v 7.000000 16.560287 -4.165131
v 8.000000 16.560287 -4.165131
v 8.000000 17.560287 -4.165131
v 9.000000 17.560287 -4.165131
v 9.000000 18.560287 -4.165131
v 10.000000 18.560287 -4.165131
v 10.000000 23.560287 -4.165131
v 11.000000 -15.439713 -4.165131
v 11.000000 0.560287 -4.165131
v 11.000000 23.560287 -4.165131
v 11.000000 24.560287 -4.165131
v 12.000000 -16.439713 -4.165131
v 12.000000 -15.439713 -4.165131
v 12.000000 0.560287 -4.165131
v 12.000000 2.560287 -4.165131
v 12.000000 24.560287 -4.165131
v 12.000000 27.560287 -4.165131
v 13.000000 -17.439713 -4.165131
v 13.000000 -16.439713 -4.165131
v 13.000000 -15.439713 -4.165131
v 13.000000 0.560287 -4.165131
v 13.000000 2.560287 -4.165131
v 13.000000 4.560287 -4.165131
v 14.000000 -18.439713 -4.165131
v 14.000000 -17.439713 -4.165131
v 14.000000 -16.439713 -4.165131
v 14.000000 -15.439713 -4.165131
v 14.000000 0.560287 -4.165131
v 14.000000 2.560287 -4.165131
v 14.000000 4.560287 -4.165131
v 14.000000 6.560287 -4.165131
v 15.000000 2.560287 -4.165131
v 15.000000 4.560287 -4.165131
v 15.000000 6.560287 -4.165131
v 15.000000 7.560287 -4.165131
v 16.000000 4.560287 -4.165131
v 16.000000 6.560287 -4.165131
v 16.000000 7.560287 -4.165131
v 16.000000 8.560287 -4.165131
v 17.000000 6.560287 -4.165131
v 17.000000 7.560287 -4.165131
v 17.000000 8.560287 -4.165131
v 17.000000 9.560287 -4.165131
v 18.000000 6.560287 -4.165131
v 18.000000 7.560287 -4.165131
v 18.000000 8.560287 -4.165131
v 18.000000 9.560287 -4.165131
v 19.000000 4.560287 -4.165131
v 19.000000 6.560287 -4.165131
v 19.000000 7.560287 -4.165131
v 19.000000 8.560287 -4.165131
v 20.000000 2.560287 -4.165131
v 20.000000 4.560287 -4.165131
v 20.000000 6.560287 -4.165131
v 20.000000 7.560287 -4.165131
v 21.000000 -18.439713 -4.165131
v 21.000000 -17.439713 -4.165131
v 21.000000 -16.439713 -4.165131
v 21.000000 -15.439713 -4.165131
v 21.000000 0.560287 -4.165131
v 21.000000 2.560287 -4.165131
v 21.000000 4.560287 -4.165131
v 21.000000 6.560287 -4.165131
v 22.000000 -17.439713 -4.165131
v 22.000000 -16.439713 -4.165131
v 22.000000 -15.439713 -4.165131
v 22.000000 0.560287 -4.165131
v 22.000000 2.560287 -4.165131
v 22.000000 4.560287 -4.165131
v 23.000000 -16.439713 -4.165131
v 23.000000 -15.439713 -4.165131
v 23.000000 0.560287 -4.165131
v 23.000000 2.560287 -4.165131
v 23.000000 24.560287 -4.165131
v 23.000000 27.560287 -4.165131
v 24.000000 -15.439713 -4.165131
v 24.000000 0.560287 -4.165131
v 24.000000 23.560287 -4.165131
v 24.000000 24.560287 -4.165131
v 25.000000 18.560287 -4.165131
v 25.000000 23.560287 -4.165131
v 26.000000 17.560287 -4.165131
v 26.000000 18.560287 -4.165131
v 27.000000 16.560287 -4.165131
v 27.000000 17.560287 -4.165131
v 28.000000 15.560287 -4.165131
v 28.000000 16.560287 -4.165131
v 29.000000 14.560287 -4.165131
v 29.000000 15.560287 -4.165131
v 30.000000 -30.439713 -4.165131
v 30.000000 14.560287 -4.165131
v 40.000000 -30.439713 -4.165131
v 40.000000 14.560287 -4.165131
v 41.000000 14.560287 -4.165131
v 41.000000 15.560287 -4.165131
v 42.000000 15.560287 -4.165131
v 42.000000 16.560287 -4.165131
v 43.000000 16.560287 -4.165131
v 43.000000 17.560287 -4.165131
v 44.000000 17.560287 -4.165131
v 44.000000 18.560287 -4.165131
v 45.000000 18.560287 -4.165131
v 45.000000 23.560287 -4.165131
v 46.000000 23.560287 -4.165131
v 46.000000 24.560287 -4.165131
v 47.000000 24.560287 -4.165131
v 47.000000 27.560287 -4.165131
v 50.000000 -30.439713 -4.165131
v 50.000000 31.560287 -4.165131
v -40.000000 -30.439713 1.834869
v -30.000000 -30.439713 1.834869
v -5.000000 -30.439713 1.834869
v 5.000000 -30.439713 1.834869
v 30.000000 -30.439713 1.834869
v 40.000000 -30.439713 1.834869
v -50.000000 -30.439713 -3.165131
v -40.000000 -30.439713 -3.165131
v -30.000000 -30.439713 -3.165131
v -5.000000 -30.439713 -3.165131
v 5.000000 -30.439713 -3.165131
v 30.000000 -30.439713 -3.165131
v 40.000000 -30.439713 -3.165131
v 50.000000 -30.439713 -3.165131
v -50.000000 -30.439713 -4.165131
v -40.000000 -30.439713 -4.165131
v -30.000000 -30.439713 -4.165131
v -5.000000 -30.439713 -4.165131
v 5.000000 -30.439713 -4.165131
v 30.000000 -30.439713 -4.165131
v 40.000000 -30.439713 -4.165131
v 50.000000 -30.439713 -4.165131
v -40.000000 -26.439713 1.834869
v -36.000000 -26.439713 1.834869
v -34.000000 -26.439713 1.834869
v -30.000000 -26.439713 1.834869
v -5.000000 -26.439713 1.834869
v -1.000000 -26.439713 1.834869
v 1.000000 -26.439713 1.834869
v 5.000000 -26.439713 1.834869
v 30.000000 -26.439713 1.834869
v 34.000000 -26.439713 1.834869
v 36.000000 -26.439713 1.834869
v 40.000000 -26.439713 1.834869
v -40.000000 -26.439713 0.834869
v -36.000000 -26.439713 0.834869
v -34.000000 -26.439713 0.834869
v -30.000000 -26.439713 0.834869
v -5.000000 -26.439713 0.834869
v -1.000000 -26.439713 0.834869
v 1.000000 -26.439713 0.834869
v 5.000000 -26.439713 0.834869
v 30.000000 -26.439713 0.834869
v 34.000000 -26.439713 0.834869
v 36.000000 -26.439713 0.834869
v 40.000000 -26.439713 0.834869
v -36.000000 -21.439713 1.834869
v -34.000000 -21.439713 1.834869
v -1.000000 -21.439713 1.834869
v 1.000000 -21.439713 1.834869
v 34.000000 -21.439713 1.834869
v 36.000000 -21.439713 1.834869
v -36.000000 -21.439713 0.834869
v -34.000000 -21.439713 0.834869
v -1.000000 -21.439713 0.834869
v 1.000000 -21.439713 0.834869
v 34.000000 -21.439713 0.834869
v 36.000000 -21.439713 0.834869
v -40.000000 -20.439713 1.834869
v -36.000000 -20.439713 1.834869
v -34.000000 -20.439713 1.834869
v -30.000000 -20.439713 1.834869
v -5.000000 -20.439713 1.834869
v -1.000000 -20.439713 1.834869
v 1.000000 -20.439713 1.834869
v 5.000000 -20.439713 1.834869
v 30.000000 -20.439713 1.834869
v 34.000000 -20.439713 1.834869
v 36.000000 -20.439713 1.834869
v 40.000000 -20.439713 1.834869
v -40.000000 -20.439713 0.834869
v -36.000000 -20.439713 0.834869
v -34.000000 -20.439713 0.834869
v -30.000000 -20.439713 0.834869
v -5.000000 -20.439713 0.834869
v -1.000000 -20.439713 0.834869
v 1.000000 -20.439713 0.834869
v 5.000000 -20.439713 0.834869
v 30.000000 -20.439713 0.834869
v 34.000000 -20.439713 0.834869
v 36.000000 -20.439713 0.834869
v 40.000000 -20.439713 0.834869
v -40.000000 -18.439713 1.834869
v -36.000000 -18.439713 1.834869
v -34.000000 -18.439713 1.834869
v -30.000000 -18.439713 1.834869
v -5.000000 -18.439713 1.834869
v -1.000000 -18.439713 1.834869
v 1.000000 -18.439713 1.834869
v 5.000000 -18.439713 1.834869
v 30.000000 -18.439713 1.834869
v 34.000000 -18.439713 1.834869
v 36.000000 -18.439713 1.834869
v 40.000000 -18.439713 1.834869
v -40.000000 -18.439713 0.834869
v -36.000000 -18.439713 0.834869
v -34.000000 -18.439713 0.834869
v -30.000000 -18.439713 0.834869
v -5.000000 -18.439713 0.834869
v -1.000000 -18.439713 0.834869
v 1.000000 -18.439713 0.834869
v 5.000000 -18.439713 0.834869
v 30.000000 -18.439713 0.834869
v 34.000000 -18.439713 0.834869
v 36.000000 -18.439713 0.834869
v 40.000000 -18.439713 0.834869
v -21.000000 -18.439713 -2.165131
v -14.000000 -18.439713 -2.165131
v 14.000000 -18.439713 -2.165131
v 21.000000 -18.439713 -2.165131
v -21.000000 -18.439713 -3.165131
v -14.000000 -18.439713 -3.165131
v 14.000000 -18.439713 -3.165131
v 21.000000 -18.439713 -3.165131
v -22.000000 -17.439713 -2.165131
v -21.000000 -17.439713 -2.165131
v -14.000000 -17.439713 -2.165131
v -13.000000 -17.439713 -2.165131
v 13.000000 -17.439713 -2.165131
v 14.000000 -17.439713 -2.165131
v 21.000000 -17.439713 -2.165131
v 22.000000 -17.439713 -2.165131
v -22.000000 -17.439713 -3.165131
v -21.000000 -17.439713 -3.165131
v -14.000000 -17.439713 -3.165131
v -13.000000 -17.439713 -3.165131
v 13.000000 -17.439713 -3.165131
v 14.000000 -17.439713 -3.165131
v 21.000000 -17.439713 -3.165131
v 22.000000 -17.439713 -3.165131
v -36.000000 -16.439713 1.834869
v -34.000000 -16.439713 1.834869
v -1.000000 -16.439713 1.834869
v 1.000000 -16.439713 1.834869
v 34.000000 -16.439713 1.834869
v 36.000000 -16.439713 1.834869
v -36.000000 -16.439713 0.834869
v -34.000000 -16.439713 0.834869
v -1.000000 -16.439713 0.834869
v 1.000000 -16.439713 0.834869
v 34.000000 -16.439713 0.834869
v 36.000000 -16.439713 0.834869
v -23.000000 -16.439713 -2.165131
v -22.000000 -16.439713 -2.165131
v -13.000000 -16.439713 -2.165131
v -12.000000 -16.439713 -2.165131
v 12.000000 -16.439713 -2.165131
v 13.000000 -16.439713 -2.165131
v 22.000000 -16.439713 -2.165131
v 23.000000 -16.439713 -2.165131
v -23.000000 -16.439713 -3.165131
v -22.000000 -16.439713 -3.165131
v -13.000000 -16.439713 -3.165131
v -12.000000 -16.439713 -3.165131
v 12.000000 -16.439713 -3.165131
v 13.000000 -16.439713 -3.165131
v 22.000000 -16.439713 -3.165131
v 23.000000 -16.439713 -3.165131
v -40.000000 -15.439713 1.834869
v -36.000000 -15.439713 1.834869
v -34.000000 -15.439713 1.834869
v -30.000000 -15.439713 1.834869
v -5.000000 -15.439713 1.834869
v -1.000000 -15.439713 1.834869
v 1.000000 -15.439713 1.834869
v 5.000000 -15.439713 1.834869
v 30.000000 -15.439713 1.834869
v 34.000000 -15.439713 1.834869
v 36.000000 -15.439713 1.834869
v 40.000000 -15.439713 1.834869
v -40.000000 -15.439713 0.834869
v -36.000000 -15.439713 0.834869
v -34.000000 -15.439713 0.834869
v -30.000000 -15.439713 0.834869
v -5.000000 -15.439713 0.834869
v -1.000000 -15.439713 0.834869
v 1.000000 -15.439713 0.834869
v 5.000000 -15.439713 0.834869
v 30.000000 -15.439713 0.834869
v 34.000000 -15.439713 0.834869
v 36.000000 -15.439713 0.834869
v 40.000000 -15.439713 0.834869
v -24.000000 -15.439713 -2.165131
v -23.000000 -15.439713 -2.165131
v -12.000000 -15.439713 -2.165131
v -11.000000 -15.439713 -2.165131
v 11.000000 -15.439713 -2.165131
v 12.000000 -15.439713 -2.165131
v 23.000000 -15.439713 -2.165131
v 24.000000 -15.439713 -2.165131
v -24.000000 -15.439713 -3.165131
v -23.000000 -15.439713 -3.165131
v -12.000000 -15.439713 -3.165131
v -11.000000 -15.439713 -3.165131
v 11.000000 -15.439713 -3.165131
v 12.000000 -15.439713 -3.165131
v 23.000000 -15.439713 -3.165131
v 24.000000 -15.439713 -3.165131
v -40.000000 -12.439713 1.834869
v -36.000000 -12.439713 1.834869
v -34.000000 -12.439713 1.834869
v -30.000000 -12.439713 1.834869
v -5.000000 -12.439713 1.834869
v -1.000000 -12.439713 1.834869
v 1.000000 -12.439713 1.834869
v 5.000000 -12.439713 1.834869
v 30.000000 -12.439713 1.834869
v 34.000000 -12.439713 1.834869
v 36.000000 -12.439713 1.834869
v 40.000000 -12.439713 1.834869
v -40.000000 -12.439713 0.834869
v -36.000000 -12.439713 0.834869
v -34.000000 -12.439713 0.834869
v -30.000000 -12.439713 0.834869
v -5.000000 -12.439713 0.834869
v -1.000000 -12.439713 0.834869
v 1.000000 -12.439713 0.834869
v 5.000000 -12.439713 0.834869
v 30.000000 -12.439713 0.834869
v 34.000000 -12.439713 0.834869
v 36.000000 -12.439713 0.834869
v 40.000000 -12.439713 0.834869
v -22.000000 -12.439713 -2.165131
v -18.000000 -12.439713 -2.165131
v -17.000000 -12.439713 -2.165131
v -13.000000 -12.439713 -2.165131
v 13.000000 -12.439713 -2.165131
v 17.000000 -12.439713 -2.165131
v 18.000000 -12.439713 -2.165131
v 22.000000 -12.439713 -2.165131
v -22.000000 -12.439713 -3.165131
v -18.000000 -12.439713 -3.165131
v -17.000000 -12.439713 -3.165131
v -13.000000 -12.439713 -3.165131
v 13.000000 -12.439713 -3.165131
v 17.000000 -12.439713 -3.165131
v 18.000000 -12.439713 -3.165131
v 22.000000 -12.439713 -3.165131
v -36.000000 -7.439713 1.834869
v -34.000000 -7.439713 1.834869
v -1.000000 -7.439713 1.834869
v 1.000000 -7.439713 1.834869
v 34.000000 -7.439713 1.834869
v 36.000000 -7.439713 1.834869
v -36.000000 -7.439713 0.834869
v -34.000000 -7.439713 0.834869
v -1.000000 -7.439713 0.834869
v 1.000000 -7.439713 0.834869
v 34.000000 -7.439713 0.834869
v 36.000000 -7.439713 0.834869
v -22.000000 -7.439713 -2.165131
v -18.000000 -7.439713 -2.165131
v -17.000000 -7.439713 -2.165131
v -13.000000 -7.439713 -2.165131
v 13.000000 -7.439713 -2.165131
v 17.000000 -7.439713 -2.165131
v 18.000000 -7.439713 -2.165131
v 22.000000 -7.439713 -2.165131
v -22.000000 -7.439713 -3.165131
v -18.000000 -7.439713 -3.165131
v -17.000000 -7.439713 -3.165131
v -13.000000 -7.439713 -3.165131
v 13.000000 -7.439713 -3.165131
v 17.000000 -7.439713 -3.165131
v 18.000000 -7.439713 -3.165131
v 22.000000 -7.439713 -3.165131
v -40.000000 -6.439713 1.834869
v -36.000000 -6.439713 1.834869
v -34.000000 -6.439713 1.834869
v -30.000000 -6.439713 1.834869
v -5.000000 -6.439713 1.834869
v -1.000000 -6.439713 1.834869
v 1.000000 -6.439713 1.834869
v 5.000000 -6.439713 1.834869
v 30.000000 -6.439713 1.834869
v 34.000000 -6.439713 1.834869
v 36.000000 -6.439713 1.834869
v 40.000000 -6.439713 1.834869
v -40.000000 -6.439713 0.834869
v -36.000000 -6.439713 0.834869
v -34.000000 -6.439713 0.834869
v -30.000000 -6.439713 0.834869
v -5.000000 -6.439713 0.834869
v -1.000000 -6.439713 0.834869
v 1.000000 -6.439713 0.834869
v 5.000000 -6.439713 0.834869
v 30.000000 -6.439713 0.834869
v 34.000000 -6.439713 0.834869
v 36.000000 -6.439713 0.834869
v 40.000000 -6.439713 0.834869
v -40.000000 -4.439713 1.834869
v -36.000000 -4.439713 1.834869
v -34.000000 -4.439713 1.834869
v -30.000000 -4.439713 1.834869
v -5.000000 -4.439713 1.834869
v -1.000000 -4.439713 1.834869
v 1.000000 -4.439713 1.834869
v 5.000000 -4.439713 1.834869
v 30.000000 -4.439713 1.834869
v 34.000000 -4.439713 1.834869
v 36.000000 -4.439713 1.834869
v 40.000000 -4.439713 1.834869
v -40.000000 -4.439713 0.834869
v -36.000000 -4.439713 0.834869
v -34.000000 -4.439713 0.834869
v -30.000000 -4.439713 0.834869
v -5.000000 -4.439713 0.834869
v -1.000000 -4.439713 0.834869
v 1.000000 -4.439713 0.834869
v 5.000000 -4.439713 0.834869
v 30.000000 -4.439713 0.834869
v 34.000000 -4.439713 0.834869
v 36.000000 -4.439713 0.834869
v 40.000000 -4.439713 0.834869
v -36.000000 -2.439713 1.834869
v -34.000000 -2.439713 1.834869
v -1.000000 -2.439713 1.834869
v 1.000000 -2.439713 1.834869
v 34.000000 -2.439713 1.834869
v 36.000000 -2.439713 1.834869
v -36.000000 -2.439713 0.834869
v -34.000000 -2.439713 0.834869
v -1.000000 -2.439713 0.834869
v 1.000000 -2.439713 0.834869
v 34.000000 -2.439713 0.834869
v 36.000000 -2.439713 0.834869
v -22.000000 -2.439713 -2.165131
v -18.000000 -2.439713 -2.165131
v -17.000000 -2.439713 -2.165131
v -13.000000 -2.439713 -2.165131
v 13.000000 -2.439713 -2.165131
v 17.000000 -2.439713 -2.165131
v 18.000000 -2.439713 -2.165131
v 22.000000 -2.439713 -2.165131
v -22.000000 -2.439713 -3.165131
v -18.000000 -2.439713 -3.165131
v -17.000000 -2.439713 -3.165131
v -13.000000 -2.439713 -3.165131
v 13.000000 -2.439713 -3.165131
v 17.000000 -2.439713 -3.165131
v 18.000000 -2.439713 -3.165131
v 22.000000 -2.439713 -3.165131
v -40.000000 -1.439713 1.834869
v -36.000000 -1.439713 1.834869
v -34.000000 -1.439713 1.834869
v -30.000000 -1.439713 1.834869
v -5.000000 -1.439713 1.834869
v -1.000000 -1.439713 1.834869
v 1.000000 -1.439713 1.834869
v 5.000000 -1.439713 1.834869
v 30.000000 -1.439713 1.834869
v 34.000000 -1.439713 1.834869
v 36.000000 -1.439713 1.834869
v 40.000000 -1.439713 1.834869
v -40.000000 -1.439713 0.834869
v -36.000000 -1.439713 0.834869
v -34.000000 -1.439713 0.834869
v -30.000000 -1.439713 0.834869
v -5.000000 -1.439713 0.834869
v -1.000000 -1.439713 0.834869
v 1.000000 -1.439713 0.834869
v 5.000000 -1.439713 0.834869
v 30.000000 -1.439713 0.834869
v 34.000000 -1.439713 0.834869
v 36.000000 -1.439713 0.834869
v 40.000000 -1.439713 0.834869
v -22.000000 0.560287 -2.165131
v -21.000000 0.560287 -2.165131
v -14.000000 0.560287 -2.165131
v -13.000000 0.560287 -2.165131
v 13.000000 0.560287 -2.165131
v 14.000000 0.560287 -2.165131
v 21.000000 0.560287 -2.165131
v 22.000000 0.560287 -2.165131
v -22.000000 0.560287 -3.165131
v -21.000000 0.560287 -3.165131
v -14.000000 0.560287 -3.165131
v -13.000000 0.560287 -3.165131
v 13.000000 0.560287 -3.165131
v 14.000000 0.560287 -3.165131
v 21.000000 0.560287 -3.165131
v 22.000000 0.560287 -3.165131
v -22.000000 0.560287 -4.165131
v -21.000000 0.560287 -4.165131
v -14.000000 0.560287 -4.165131
v -13.000000 0.560287 -4.165131
v 13.000000 0.560287 -4.165131
v 14.000000 0.560287 -4.165131
v 21.000000 0.560287 -4.165131
v 22.000000 0.560287 -4.165131
v -40.000000 1.560287 1.834869
v -36.000000 1.560287 1.834869
v -34.000000 1.560287 1.834869
v -30.000000 1.560287 1.834869
v -5.000000 1.560287 1.834869
v -1.000000 1.560287 1.834869
v 1.000000 1.560287 1.834869
v 5.000000 1.560287 1.834869
v 30.000000 1.560287 1.834869
v 34.000000 1.560287 1.834869
v 36.000000 1.560287 1.834869
v 40.000000 1.560287 1.834869
v -40.000000 1.560287 0.834869
v -36.000000 1.560287 0.834869
v -34.000000 1.560287 0.834869
v -30.000000 1.560287 0.834869
v -5.000000 1.560287 0.834869
v -1.000000 1.560287 0.834869
v 1.000000 1.560287 0.834869
v 5.000000 1.560287 0.834869
v 30.000000 1.560287 0.834869
v 34.000000 1.560287 0.834869
v 36.000000 1.560287 0.834869
v 40.000000 1.560287 0.834869
v -21.000000 2.560287 -2.165131
v -20.000000 2.560287 -2.165131
v -15.000000 2.560287 -2.165131
v -14.000000 2.560287 -2.165131
v 14.000000 2.560287 -2.165131
v 15.000000 2.560287 -2.165131
v 20.000000 2.560287 -2.165131
v 21.000000 2.560287 -2.165131
v -21.000000 2.560287 -3.165131
v -20.000000 2.560287 -3.165131
v -15.000000 2.560287 -3.165131
v -14.000000 2.560287 -3.165131
v 14.000000 2.560287 -3.165131
v 15.000000 2.560287 -3.165131
v 20.000000 2.560287 -3.165131
v 21.000000 2.560287 -3.165131
v -21.000000 2.560287 -4.165131
v -20.000000 2.560287 -4.165131
v -15.000000 2.560287 -4.165131
v -14.000000 2.560287 -4.165131
v 14.000000 2.560287 -4.165131
v 15.000000 2.560287 -4.165131
v 20.000000 2.560287 -4.165131
v 21.000000 2.560287 -4.165131
v -20.000000 4.560287 -2.165131
v -19.000000 4.560287 -2.165131
v -16.000000 4.560287 -2.165131
v -15.000000 4.560287 -2.165131
v 15.000000 4.560287 -2.165131
v 16.000000 4.560287 -2.165131
v 19.000000 4.560287 -2.165131
v 20.000000 4.560287 -2.165131
v -20.000000 4.560287 -3.165131
v -19.000000 4.560287 -3.165131
v -16.000000 4.560287 -3.165131
v -15.000000 4.560287 -3.165131
v 15.000000 4.560287 -3.165131
v 16.000000 4.560287 -3.165131
v 19.000000 4.560287 -3.165131
v 20.000000 4.560287 -3.165131
v -20.000000 4.560287 -4.165131
v -19.000000 4.560287 -4.165131
v -16.000000 4.560287 -4.165131
v -15.000000 4.560287 -4.165131
v 15.000000 4.560287 -4.165131
v 16.000000 4.560287 -4.165131
v 19.000000 4.560287 -4.165131
v 20.000000 4.560287 -4.165131
v -36.000000 6.560287 1.834869
v -34.000000 6.560287 1.834869
v -1.000000 6.560287 1.834869
v 1.000000 6.560287 1.834869
v 34.000000 6.560287 1.834869
v 36.000000 6.560287 1.834869
v -36.000000 6.560287 0.834869
v -34.000000 6.560287 0.834869
v -1.000000 6.560287 0.834869
v 1.000000 6.560287 0.834869
v 34.000000 6.560287 0.834869
v 36.000000 6.560287 0.834869
v -19.000000 6.560287 -2.165131
v -18.000000 6.560287 -2.165131
v -17.000000 6.560287 -2.165131
v -16.000000 6.560287 -2.165131
v 16.000000 6.560287 -2.165131
v 17.000000 6.560287 -2.165131
v 18.000000 6.560287 -2.165131
v 19.000000 6.560287 -2.165131
v -19.000000 6.560287 -3.165131
v -18.000000 6.560287 -3.165131
v -17.000000 6.560287 -3.165131
v -16.000000 6.560287 -3.165131
v 16.000000 6.560287 -3.165131
v 17.000000 6.560287 -3.165131
v 18.000000 6.560287 -3.165131
v 19.000000 6.560287 -3.165131
v -19.000000 6.560287 -4.165131
v -18.000000 6.560287 -4.165131
v -17.000000 6.560287 -4.165131
v -16.000000 6.560287 -4.165131
v 16.000000 6.560287 -4.165131
v 17.000000 6.560287 -4.165131
v 18.000000 6.560287 -4.165131
v 19.000000 6.560287 -4.165131
v -40.000000 7.560287 1.834869
v -36.000000 7.560287 1.834869
v -34.000000 7.560287 1.834869
v -30.000000 7.560287 1.834869
v -5.000000 7.560287 1.834869
v -1.000000 7.560287 1.834869
v 1.000000 7.560287 1.834869
v 5.000000 7.560287 1.834869
v 30.000000 7.560287 1.834869
v 34.000000 7.560287 1.834869
v 36.000000 7.560287 1.834869
v 40.000000 7.560287 1.834869
v -40.000000 7.560287 0.834869
v -36.000000 7.560287 0.834869
v -34.000000 7.560287 0.834869
v -30.000000 7.560287 0.834869
v -5.000000 7.560287 0.834869
v -1.000000 7.560287 0.834869
v 1.000000 7.560287 0.834869
v 5.000000 7.560287 0.834869
v 30.000000 7.560287 0.834869
v 34.000000 7.560287 0.834869
v 36.000000 7.560287 0.834869
v 40.000000 7.560287 0.834869
v -18.000000 7.560287 -3.165131
v -17.000000 7.560287 -3.165131
v 17.000000 7.560287 -3.165131
v 18.000000 7.560287 -3.165131
v -18.000000 7.560287 -4.165131
v -17.000000 7.560287 -4.165131
v 17.000000 7.560287 -4.165131
v 18.000000 7.560287 -4.165131
v -40.000000 9.560287 1.834869
v -36.000000 9.560287 1.834869
v -34.000000 9.560287 1.834869
v -30.000000 9.560287 1.834869
v -5.000000 9.560287 1.834869
v -1.000000 9.560287 1.834869
v 1.000000 9.560287 1.834869
v 5.000000 9.560287 1.834869
v 30.000000 9.560287 1.834869
v 34.000000 9.560287 1.834869
v 36.000000 9.560287 1.834869
v 40.000000 9.560287 1.834869
v -40.000000 9.560287 0.834869
v -36.000000 9.560287 0.834869
v -34.000000 9.560287 0.834869
v -30.000000 9.560287 0.834869
v -5.000000 9.560287 0.834869
v -1.000000 9.560287 0.834869
v 1.000000 9.560287 0.834869
v 5.000000 9.560287 0.834869
v 30.000000 9.560287 0.834869
v 34.000000 9.560287 0.834869
v 36.000000 9.560287 0.834869
v 40.000000 9.560287 0.834869
v -36.000000 11.560287 1.834869
v -34.000000 11.560287 1.834869
v -1.000000 11.560287 1.834869
v 1.000000 11.560287 1.834869
v 34.000000 11.560287 1.834869
v 36.000000 11.560287 1.834869
v -36.000000 11.560287 0.834869
v -34.000000 11.560287 0.834869
v -1.000000 11.560287 0.834869
v 1.000000 11.560287 0.834869
v 34.000000 11.560287 0.834869
v 36.000000 11.560287 0.834869
v -40.000000 12.560287 1.834869
v -36.000000 12.560287 1.834869
v -34.000000 12.560287 1.834869
v -30.000000 12.560287 1.834869
v -5.000000 12.560287 1.834869
v -1.000000 12.560287 1.834869
v 1.000000 12.560287 1.834869
v 5.000000 12.560287 1.834869
v 30.000000 12.560287 1.834869
v 34.000000 12.560287 1.834869
v 36.000000 12.560287 1.834869
v 40.000000 12.560287 1.834869
v -40.000000 12.560287 0.834869
v -36.000000 12.560287 0.834869
v -34.000000 12.560287 0.834869
v -30.000000 12.560287 0.834869
v -5.000000 12.560287 0.834869
v -1.000000 12.560287 0.834869
v 1.000000 12.560287 0.834869
v 5.000000 12.560287 0.834869
v 30.000000 12.560287 0.834869
v 34.000000 12.560287 0.834869
v 36.000000 12.560287 0.834869
v 40.000000 12.560287 0.834869
v -41.000000 14.560287 1.834869
v -40.000000 14.560287 1.834869
v -30.000000 14.560287 1.834869
v -29.000000 14.560287 1.834869
v -6.000000 14.560287 1.834869
v -5.000000 14.560287 1.834869
v 5.000000 14.560287 1.834869
v 6.000000 14.560287 1.834869
v 29.000000 14.560287 1.834869
v 30.000000 14.560287 1.834869
v 40.000000 14.560287 1.834869
v 41.000000 14.560287 1.834869
v -41.000000 14.560287 -3.165131
v -40.000000 14.560287 -3.165131
v -30.000000 14.560287 -3.165131
v -29.000000 14.560287 -3.165131
v -6.000000 14.560287 -3.165131
v -5.000000 14.560287 -3.165131
v 5.000000 14.560287 -3.165131
v 6.000000 14.560287 -3.165131
v 29.000000 14.560287 -3.165131
v 30.000000 14.560287 -3.165131
v 40.000000 14.560287 -3.165131
v 41.000000 14.560287 -3.165131
v -42.000000 15.560287 1.834869
v -41.000000 15.560287 1.834869
v -29.000000 15.560287 1.834869
v -28.000000 15.560287 1.834869
v -7.000000 15.560287 1.834869
v -6.000000 15.560287 1.834869
v 6.000000 15.560287 1.834869
v 7.000000 15.560287 1.834869
v 28.000000 15.560287 1.834869
v 29.000000 15.560287 1.834869
v 41.000000 15.560287 1.834869
v 42.000000 15.560287 1.834869
v -42.000000 15.560287 -3.165131
v -41.000000 15.560287 -3.165131
v -29.000000 15.560287 -3.165131
v -28.000000 15.560287 -3.165131
v -7.000000 15.560287 -3.165131
v -6.000000 15.560287 -3.165131
v 6.000000 15.560287 -3.165131
v 7.000000 15.560287 -3.165131
v 28.000000 15.560287 -3.165131
v 29.000000 15.560287 -3.165131
v 41.000000 15.560287 -3.165131
v 42.000000 15.560287 -3.165131
v -43.000000 16.560287 1.834869
v -42.000000 16.560287 1.834869
v -28.000000 16.560287 1.834869
v -27.000000 16.560287 1.834869
v -8.000000 16.560287 1.834869
v -7.000000 16.560287 1.834869
v 7.000000 16.560287 1.834869
v 8.000000 16.560287 1.834869
v 27.000000 16.560287 1.834869
v 28.000000 16.560287 1.834869
v 42.000000 16.560287 1.834869
v 43.000000 16.560287 1.834869
v -43.000000 16.560287 -3.165131
v -42.000000 16.560287 -3.165131
v -28.000000 16.560287 -3.165131
v -27.000000 16.560287 -3.165131
v -8.000000 16.560287 -3.165131
v -7.000000 16.560287 -3.165131
v 7.000000 16.560287 -3.165131
v 8.000000 16.560287 -3.165131
v 27.000000 16.560287 -3.165131
v 28.000000 16.560287 -3.165131
v 42.000000 16.560287 -3.165131
v 43.000000 16.560287 -3.165131
v -44.000000 17.560287 1.834869
v -43.000000 17.560287 1.834869
v -27.000000 17.560287 1.834869
v -26.000000 17.560287 1.834869
v -9.000000 17.560287 1.834869
v -8.000000 17.560287 1.834869
v 8.000000 17.560287 1.834869
v 9.000000 17.560287 1.834869
v 26.000000 17.560287 1.834869
v 27.000000 17.560287 1.834869
v 43.000000 17.560287 1.834869
v 44.000000 17.560287 1.834869
v -44.000000 17.560287 -3.165131
v -43.000000 17.560287 -3.165131
v -27.000000 17.560287 -3.165131
v -26.000000 17.560287 -3.165131
v -9.000000 17.560287 -3.165131
v -8.000000 17.560287 -3.165131
v 8.000000 17.560287 -3.165131
v 9.000000 17.560287 -3.165131
v 26.000000 17.560287 -3.165131
v 27.000000 17.560287 -3.165131
v 43.000000 17.560287 -3.165131
v 44.000000 17.560287 -3.165131
v -45.000000 18.560287 1.834869
v -44.000000 18.560287 1.834869
v -26.000000 18.560287 1.834869
v -25.000000 18.560287 1.834869
v -10.000000 18.560287 1.834869
v -9.000000 18.560287 1.834869
v 9.000000 18.560287 1.834869
v 10.000000 18.560287 1.834869
v 25.000000 18.560287 1.834869
v 26.000000 18.560287 1.834869
v 44.000000 18.560287 1.834869
v 45.000000 18.560287 1.834869
v -45.000000 18.560287 -3.165131
v -44.000000 18.560287 -3.165131
v -26.000000 18.560287 -3.165131
v -25.000000 18.560287 -3.165131
v -10.000000 18.560287 -3.165131
v -9.000000 18.560287 -3.165131
v 9.000000 18.560287 -3.165131
v 10.000000 18.560287 -3.165131
v 25.000000 18.560287 -3.165131
v 26.000000 18.560287 -3.165131
v 44.000000 18.560287 -3.165131
v 45.000000 18.560287 -3.165131
v -45.000000 19.560287 2.834869
v -44.000000 19.560287 2.834869
v -42.000000 19.560287 2.834869
v -39.000000 19.560287 2.834869
v -37.000000 19.560287 2.834869
v -33.000000 19.560287 2.834869
v -31.000000 19.560287 2.834869
v -28.000000 19.560287 2.834869
v -26.000000 19.560287 2.834869
v -25.000000 19.560287 2.834869
v -10.000000 19.560287 2.834869
v -9.000000 19.560287 2.834869
v -7.000000 19.560287 2.834869
v -4.000000 19.560287 2.834869
v -2.000000 19.560287 2.834869
v 2.000000 19.560287 2.834869
v 4.000000 19.560287 2.834869
v 7.000000 19.560287 2.834869
v 9.000000 19.560287 2.834869
v 10.000000 19.560287 2.834869
v 25.000000 19.560287 2.834869
v 26.000000 19.560287 2.834869
v 28.000000 19.560287 2.834869
v 31.000000 19.560287 2.834869
v 33.000000 19.560287 2.834869
v 37.000000 19.560287 2.834869
v 39.000000 19.560287 2.834869
v 42.000000 19.560287 2.834869
v 44.000000 19.560287 2.834869
v 45.000000 19.560287 2.834869
v -45.000000 19.560287 1.834869
v -44.000000 19.560287 1.834869
v -42.000000 19.560287 1.834869
v -39.000000 19.560287 1.834869
v -37.000000 19.560287 1.834869
v -33.000000 19.560287 1.834869
v -31.000000 19.560287 1.834869
v -28.000000 19.560287 1.834869
v -26.000000 19.560287 1.834869
v -25.000000 19.560287 1.834869
v -10.000000 19.560287 1.834869
v -9.000000 19.560287 1.834869
v -7.000000 19.560287 1.834869
v -4.000000 19.560287 1.834869
v -2.000000 19.560287 1.834869
v 2.000000 19.560287 1.834869
v 4.000000 19.560287 1.834869
v 7.000000 19.560287 1.834869
v 9.000000 19.560287 1.834869
v 10.000000 19.560287 1.834869
v 25.000000 19.560287 1.834869
v 26.000000 19.560287 1.834869
v 28.000000 19.560287 1.834869
v 31.000000 19.560287 1.834869
v 33.000000 19.560287 1.834869
v 37.000000 19.560287 1.834869
v 39.000000 19.560287 1.834869
v 42.000000 19.560287 1.834869
v 44.000000 19.560287 1.834869
v 45.000000 19.560287 1.834869
v -45.000000 22.560287 2.834869
v -44.000000 22.560287 2.834869
v -42.000000 22.560287 2.834869
v -41.000000 22.560287 2.834869
v -40.000000 22.560287 2.834869
v -39.000000 22.560287 2.834869
v -37.000000 22.560287 2.834869
v -36.000000 22.560287 2.834869
v -34.000000 22.560287 2.834869
v -33.000000 22.560287 2.834869
v -31.000000 22.560287 2.834869
v -30.000000 22.560287 2.834869
v -29.000000 22.560287 2.834869
v -28.000000 22.560287 2.834869
v -26.000000 22.560287 2.834869
v -25.000000 22.560287 2.834869
v -10.000000 22.560287 2.834869
v -9.000000 22.560287 2.834869
v -7.000000 22.560287 2.834869
v -6.000000 22.560287 2.834869
v -5.000000 22.560287 2.834869
v -4.000000 22.560287 2.834869
v -2.000000 22.560287 2.834869
v -1.000000 22.560287 2.834869
v 1.000000 22.560287 2.834869
v 2.000000 22.560287 2.834869
v 4.000000 22.560287 2.834869
v 5.000000 22.560287 2.834869
v 6.000000 22.560287 2.834869
v 7.000000 22.560287 2.834869
v 9.000000 22.560287 2.834869
v 10.000000 22.560287 2.834869
v 25.000000 22.560287 2.834869
v 26.000000 22.560287 2.834869
v 28.000000 22.560287 2.834869
v 29.000000 22.560287 2.834869
v 30.000000 22.560287 2.834869
v 31.000000 22.560287 2.834869
v 33.000000 22.560287 2.834869
v 34.000000 22.560287 2.834869
v 36.000000 22.560287 2.834869
v 37.000000 22.560287 2.834869
v 39.000000 22.560287 2.834869
v 40.000000 22.560287 2.834869
v 41.000000 22.560287 2.834869
v 42.000000 22.560287 2.834869
v 44.000000 22.560287 2.834869
v 45.000000 22.560287 2.834869
v -45.000000 22.560287 0.834869
v -44.000000 22.560287 0.834869
v -42.000000 22.560287 0.834869
v -41.000000 22.560287 0.834869
v -40.000000 22.560287 0.834869
v -39.000000 22.560287 0.834869
v -37.000000 22.560287 0.834869
v -36.000000 22.560287 0.834869
v -34.000000 22.560287 0.834869
v -33.000000 22.560287 0.834869
v -31.000000 22.560287 0.834869
v -30.000000 22.560287 0.834869
v -29.000000 22.560287 0.834869
v -28.000000 22.560287 0.834869
v -26.000000 22.560287 0.834869
v -25.000000 22.560287 0.834869
v -10.000000 22.560287 0.834869
v -9.000000 22.560287 0.834869
v -7.000000 22.560287 0.834869
v -6.000000 22.560287 0.834869
v -5.000000 22.560287 0.834869
v -4.000000 22.560287 0.834869
v -2.000000 22.560287 0.834869
v -1.000000 22.560287 0.834869
v 1.000000 22.560287 0.834869
v 2.000000 22.560287 0.834869
v 4.000000 22.560287 0.834869
v 5.000000 22.560287 0.834869
v 6.000000 22.560287 0.834869
v 7.000000 22.560287 0.834869
v 9.000000 22.560287 0.834869
v 10.000000 22.560287 0.834869
v 25.000000 22.560287 0.834869
v 26.000000 22.560287 0.834869
v 28.000000 22.560287 0.834869
v 29.000000 22.560287 0.834869
v 30.000000 22.560287 0.834869
v 31.000000 22.560287 0.834869
v 33.000000 22.560287 0.834869
v 34.000000 22.560287 0.834869
v 36.000000 22.560287 0.834869
v 37.000000 22.560287 0.834869
v 39.000000 22.560287 0.834869
v 40.000000 22.560287 0.834869
v 41.000000 22.560287 0.834869
v 42.000000 22.560287 0.834869
v 44.000000 22.560287 0.834869
v 45.000000 22.560287 0.834869
v -46.000000 23.560287 2.834869
v -45.000000 23.560287 2.834869
v -44.000000 23.560287 2.834869
v -42.000000 23.560287 2.834869
v -39.000000 23.560287 2.834869
v -37.000000 23.560287 2.834869
v -33.000000 23.560287 2.834869
v -31.000000 23.560287 2.834869
v -28.000000 23.560287 2.834869
v -26.000000 23.560287 2.834869
v -25.000000 23.560287 2.834869
v -24.000000 23.560287 2.834869
v -11.000000 23.560287 2.834869
v -10.000000 23.560287 2.834869
v -9.000000 23.560287 2.834869
v -7.000000 23.560287 2.834869
v -4.000000 23.560287 2.834869
v -2.000000 23.560287 2.834869
v 2.000000 23.560287 2.834869
v 4.000000 23.560287 2.834869
v 7.000000 23.560287 2.834869
v 9.000000 23.560287 2.834869
v 10.000000 23.560287 2.834869
v 11.000000 23.560287 2.834869
v 24.000000 23.560287 2.834869
v 25.000000 23.560287 2.834869
v 26.000000 23.560287 2.834869
v 28.000000 23.560287 2.834869
v 31.000000 23.560287 2.834869
v 33.000000 23.560287 2.834869
v 37.000000 23.560287 2.834869
v 39.000000 23.560287 2.834869
v 42.000000 23.560287 2.834869
v 44.000000 23.560287 2.834869
v 45.000000 23.560287 2.834869
v 46.000000 23.560287 2.834869
v -44.000000 23.560287 0.834869
v -42.000000 23.560287 0.834869
v -39.000000 23.560287 0.834869
v -37.000000 23.560287 0.834869
v -33.000000 23.560287 0.834869
v -31.000000 23.560287 0.834869
v -28.000000 23.560287 0.834869
v -26.000000 23.560287 0.834869
v -9.000000 23.560287 0.834869
v -7.000000 23.560287 0.834869
v -4.000000 23.560287 0.834869
v -2.000000 23.560287 0.834869
v 2.000000 23.560287 0.834869
v 4.000000 23.560287 0.834869
v 7.000000 23.560287 0.834869
v 9.000000 23.560287 0.834869
v 26.000000 23.560287 0.834869
v 28.000000 23.560287 0.834869
v 31.000000 23.560287 0.834869
v 33.000000 23.560287 0.834869
v 37.000000 23.560287 0.834869
v 39.000000 23.560287 0.834869
v 42.000000 23.560287 0.834869
v 44.000000 23.560287 0.834869
v -46.000000 23.560287 -3.165131
v -45.000000 23.560287 -3.165131
v -25.000000 23.560287 -3.165131
v -24.000000 23.560287 -3.165131
v -11.000000 23.560287 -3.165131
v -10.000000 23.560287 -3.165131
v 10.000000 23.560287 -3.165131
v 11.000000 23.560287 -3.165131
v 24.000000 23.560287 -3.165131
v 25.000000 23.560287 -3.165131
v 45.000000 23.560287 -3.165131
v 46.000000 23.560287 -3.165131
v -47.000000 24.560287 2.834869
v -46.000000 24.560287 2.834869
v -24.000000 24.560287 2.834869
v -23.000000 24.560287 2.834869
v -12.000000 24.560287 2.834869
v -11.000000 24.560287 2.834869
v 11.000000 24.560287 2.834869
v 12.000000 24.560287 2.834869
v 23.000000 24.560287 2.834869
v 24.000000 24.560287 2.834869
v 46.000000 24.560287 2.834869
v 47.000000 24.560287 2.834869
v -47.000000 24.560287 -3.165131
v -46.000000 24.560287 -3.165131
v -24.000000 24.560287 -3.165131
v -23.000000 24.560287 -3.165131
v -12.000000 24.560287 -3.165131
v -11.000000 24.560287 -3.165131
v 11.000000 24.560287 -3.165131
v 12.000000 24.560287 -3.165131
v 23.000000 24.560287 -3.165131
v 24.000000 24.560287 -3.165131
v 46.000000 24.560287 -3.165131
v 47.000000 24.560287 -3.165131
v -40.000000 -27.439713 1.834869
v -36.000000 -27.439713 1.834869
v -34.000000 -27.439713 1.834869
v -30.000000 -27.439713 1.834869
v -5.000000 -27.439713 1.834869
v -1.000000 -27.439713 1.834869
v 1.000000 -27.439713 1.834869
v 5.000000 -27.439713 1.834869
v 30.000000 -27.439713 1.834869
v 34.000000 -27.439713 1.834869
v 36.000000 -27.439713 1.834869
v 40.000000 -27.439713 1.834869
v -40.000000 -27.439713 0.834869
v -36.000000 -27.439713 0.834869
v -34.000000 -27.439713 0.834869
v -30.000000 -27.439713 0.834869
v -5.000000 -27.439713 0.834869
v -1.000000 -27.439713 0.834869
v 1.000000 -27.439713 0.834869
v 5.000000 -27.439713 0.834869
v 30.000000 -27.439713 0.834869
v 34.000000 -27.439713 0.834869
v 36.000000 -27.439713 0.834869
v 40.000000 -27.439713 0.834869
v -36.000000 -26.439713 1.834869
v -34.000000 -26.439713 1.834869
v -1.000000 -26.439713 1.834869
v 1.000000 -26.439713 1.834869
v 34.000000 -26.439713 1.834869
v 36.000000 -26.439713 1.834869
v -36.000000 -26.439713 0.834869
v -34.000000 -26.439713 0.834869
v -1.000000 -26.439713 0.834869
v 1.000000 -26.439713 0.834869
v 34.000000 -26.439713 0.834869
v 36.000000 -26.439713 0.834869
v -40.000000 -21.439713 1.834869
v -36.000000 -21.439713 1.834869
v -34.000000 -21.439713 1.834869
v -30.000000 -21.439713 1.834869
v -5.000000 -21.439713 1.834869
v -1.000000 -21.439713 1.834869
v 1.000000 -21.439713 1.834869
v 5.000000 -21.439713 1.834869
v 30.000000 -21.439713 1.834869
v 34.000000 -21.439713 1.834869
v 36.000000 -21.439713 1.834869
v 40.000000 -21.439713 1.834869
v -40.000000 -21.439713 0.834869
v -36.000000 -21.439713 0.834869
v -34.000000 -21.439713 0.834869
v -30.000000 -21.439713 0.834869
v -5.000000 -21.439713 0.834869
v -1.000000 -21.439713 0.834869
v 1.000000 -21.439713 0.834869
v 5.000000 -21.439713 0.834869
v 30.000000 -21.439713 0.834869
v 34.000000 -21.439713 0.834869
v 36.000000 -21.439713 0.834869
v 40.000000 -21.439713 0.834869
v -40.000000 -19.439713 1.834869
v -36.000000 -19.439713 1.834869
v -34.000000 -19.439713 1.834869
v -30.000000 -19.439713 1.834869
v -5.000000 -19.439713 1.834869
v -1.000000 -19.439713 1.834869
v 1.000000 -19.439713 1.834869
v 5.000000 -19.439713 1.834869
v 30.000000 -19.439713 1.834869
v 34.000000 -19.439713 1.834869
v 36.000000 -19.439713 1.834869
v 40.000000 -19.439713 1.834869
v -40.000000 -19.439713 0.834869
v -36.000000 -19.439713 0.834869
v -34.000000 -19.439713 0.834869
v -30.000000 -19.439713 0.834869
v -5.000000 -19.439713 0.834869
v -1.000000 -19.439713 0.834869
v 1.000000 -19.439713 0.834869
v 5.000000 -19.439713 0.834869
v 30.000000 -19.439713 0.834869
v 34.000000 -19.439713 0.834869
v 36.000000 -19.439713 0.834869
v 40.000000 -19.439713 0.834869
v -36.000000 -18.439713 1.834869
v -34.000000 -18.439713 1.834869
v -1.000000 -18.439713 1.834869
v 1.000000 -18.439713 1.834869
v 34.000000 -18.439713 1.834869
v 36.000000 -18.439713 1.834869
v -36.000000 -18.439713 0.834869
v -34.000000 -18.439713 0.834869
v -1.000000 -18.439713 0.834869
v 1.000000 -18.439713 0.834869
v 34.000000 -18.439713 0.834869
v 36.000000 -18.439713 0.834869
v -40.000000 -16.439713 1.834869
v -36.000000 -16.439713 1.834869
v -34.000000 -16.439713 1.834869
v -30.000000 -16.439713 1.834869
v -5.000000 -16.439713 1.834869
v -1.000000 -16.439713 1.834869
v 1.000000 -16.439713 1.834869
v 5.000000 -16.439713 1.834869
v 30.000000 -16.439713 1.834869
v 34.000000 -16.439713 1.834869
v 36.000000 -16.439713 1.834869
v 40.000000 -16.439713 1.834869
v -40.000000 -16.439713 0.834869
v -36.000000 -16.439713 0.834869
v -34.000000 -16.439713 0.834869
v -30.000000 -16.439713 0.834869
v -5.000000 -16.439713 0.834869
v -1.000000 -16.439713 0.834869
v 1.000000 -16.439713 0.834869
v 5.000000 -16.439713 0.834869
v 30.000000 -16.439713 0.834869
v 34.000000 -16.439713 0.834869
v 36.000000 -16.439713 0.834869
v 40.000000 -16.439713 0.834869
v -21.000000 -16.439713 -2.165131
v -18.000000 -16.439713 -2.165131
v -17.000000 -16.439713 -2.165131
v -14.000000 -16.439713 -2.165131
v 14.000000 -16.439713 -2.165131
v 17.000000 -16.439713 -2.165131
v 18.000000 -16.439713 -2.165131
v 21.000000 -16.439713 -2.165131
v -21.000000 -16.439713 -3.165131
v -18.000000 -16.439713 -3.165131
v -17.000000 -16.439713 -3.165131
v -14.000000 -16.439713 -3.165131
v 14.000000 -16.439713 -3.165131
v 17.000000 -16.439713 -3.165131
v 18.000000 -16.439713 -3.165131
v 21.000000 -16.439713 -3.165131
v -21.000000 -16.439713 -4.165131
v -14.000000 -16.439713 -4.165131
v 14.000000 -16.439713 -4.165131
v 21.000000 -16.439713 -4.165131
v -22.000000 -15.439713 -2.165131
v -21.000000 -15.439713 -2.165131
v -14.000000 -15.439713 -2.165131
v -13.000000 -15.439713 -2.165131
v 13.000000 -15.439713 -2.165131
v 14.000000 -15.439713 -2.165131
v 21.000000 -15.439713 -2.165131
v 22.000000 -15.439713 -2.165131
v -22.000000 -15.439713 -3.165131
v -21.000000 -15.439713 -3.165131
v -14.000000 -15.439713 -3.165131
v -13.000000 -15.439713 -3.165131
v 13.000000 -15.439713 -3.165131
v 14.000000 -15.439713 -3.165131
v 21.000000 -15.439713 -3.165131
v 22.000000 -15.439713 -3.165131
v -22.000000 -15.439713 -4.165131
v -21.000000 -15.439713 -4.165131
v -14.000000 -15.439713 -4.165131
v -13.000000 -15.439713 -4.165131
v 13.000000 -15.439713 -4.165131
v 14.000000 -15.439713 -4.165131
v 21.000000 -15.439713 -4.165131
v 22.000000 -15.439713 -4.165131
v -40.000000 -13.439713 1.834869
v -36.000000 -13.439713 1.834869
v -34.000000 -13.439713 1.834869
v -30.000000 -13.439713 1.834869
v -5.000000 -13.439713 1.834869
v -1.000000 -13.439713 1.834869
v 1.000000 -13.439713 1.834869
v 5.000000 -13.439713 1.834869
v 30.000000 -13.439713 1.834869
v 34.000000 -13.439713 1.834869
v 36.000000 -13.439713 1.834869
v 40.000000 -13.439713 1.834869
v -40.000000 -13.439713 0.834869
v -36.000000 -13.439713 0.834869
v -34.000000 -13.439713 0.834869
v -30.000000 -13.439713 0.834869
v -5.000000 -13.439713 0.834869
v -1.000000 -13.439713 0.834869
v 1.000000 -13.439713 0.834869
v 5.000000 -13.439713 0.834869
v 30.000000 -13.439713 0.834869
v 34.000000 -13.439713 0.834869
v 36.000000 -13.439713 0.834869
v 40.000000 -13.439713 0.834869
v -36.000000 -12.439713 1.834869
v -34.000000 -12.439713 1.834869
v -1.000000 -12.439713 1.834869
v 1.000000 -12.439713 1.834869
v 34.000000 -12.439713 1.834869
v 36.000000 -12.439713 1.834869
v -36.000000 -12.439713 0.834869
v -34.000000 -12.439713 0.834869
v -1.000000 -12.439713 0.834869
v 1.000000 -12.439713 0.834869
v 34.000000 -12.439713 0.834869
v 36.000000 -12.439713 0.834869
v -22.000000 -11.439713 -2.165131
v -18.000000 -11.439713 -2.165131
v -17.000000 -11.439713 -2.165131
v -13.000000 -11.439713 -2.165131
v 13.000000 -11.439713 -2.165131
v 17.000000 -11.439713 -2.165131
v 18.000000 -11.439713 -2.165131
v 22.000000 -11.439713 -2.165131
v -22.000000 -11.439713 -3.165131
v -18.000000 -11.439713 -3.165131
v -17.000000 -11.439713 -3.165131
v -13.000000 -11.439713 -3.165131
v 13.000000 -11.439713 -3.165131
v 17.000000 -11.439713 -3.165131
v 18.000000 -11.439713 -3.165131
v 22.000000 -11.439713 -3.165131
v -40.000000 -7.439713 1.834869
v -36.000000 -7.439713 1.834869
v -34.000000 -7.439713 1.834869
v -30.000000 -7.439713 1.834869
v -5.000000 -7.439713 1.834869
v -1.000000 -7.439713 1.834869
v 1.000000 -7.439713 1.834869
v 5.000000 -7.439713 1.834869
v 30.000000 -7.439713 1.834869
v 34.000000 -7.439713 1.834869
v 36.000000 -7.439713 1.834869
v 40.000000 -7.439713 1.834869
v -40.000000 -7.439713 0.834869
v -36.000000 -7.439713 0.834869
v -34.000000 -7.439713 0.834869
v -30.000000 -7.439713 0.834869
v -5.000000 -7.439713 0.834869
v -1.000000 -7.439713 0.834869
v 1.000000 -7.439713 0.834869
v 5.000000 -7.439713 0.834869
v 30.000000 -7.439713 0.834869
v 34.000000 -7.439713 0.834869
v 36.000000 -7.439713 0.834869
v 40.000000 -7.439713 0.834869
v -22.000000 -6.439713 -2.165131
v -18.000000 -6.439713 -2.165131
v -17.000000 -6.439713 -2.165131
v -13.000000 -6.439713 -2.165131
v 13.000000 -6.439713 -2.165131
v 17.000000 -6.439713 -2.165131
v 18.000000 -6.439713 -2.165131
v 22.000000 -6.439713 -2.165131
v -22.000000 -6.439713 -3.165131
v -18.000000 -6.439713 -3.165131
v -17.000000 -6.439713 -3.165131
v -13.000000 -6.439713 -3.165131
v 13.000000 -6.439713 -3.165131
v 17.000000 -6.439713 -3.165131
v 18.000000 -6.439713 -3.165131
v 22.000000 -6.439713 -3.165131
v -40.000000 -5.439713 1.834869
v -36.000000 -5.439713 1.834869
v -34.000000 -5.439713 1.834869
v -30.000000 -5.439713 1.834869
v -5.000000 -5.439713 1.834869
v -1.000000 -5.439713 1.834869
v 1.000000 -5.439713 1.834869
v 5.000000 -5.439713 1.834869
v 30.000000 -5.439713 1.834869
v 34.000000 -5.439713 1.834869
v 36.000000 -5.439713 1.834869
v 40.000000 -5.439713 1.834869
v -40.000000 -5.439713 0.834869
v -36.000000 -5.439713 0.834869
v -34.000000 -5.439713 0.834869
v -30.000000 -5.439713 0.834869
v -5.000000 -5.439713 0.834869
v -1.000000 -5.439713 0.834869
v 1.000000 -5.439713 0.834869
v 5.000000 -5.439713 0.834869
v 30.000000 -5.439713 0.834869
v 34.000000 -5.439713 0.834869
v 36.000000 -5.439713 0.834869
v 40.000000 -5.439713 0.834869
v -36.000000 -4.439713 1.834869
v -34.000000 -4.439713 1.834869
v -1.000000 -4.439713 1.834869
v 1.000000 -4.439713 1.834869
v 34.000000 -4.439713 1.834869
v 36.000000 -4.439713 1.834869
v -36.000000 -4.439713 0.834869
v -34.000000 -4.439713 0.834869
v -1.000000 -4.439713 0.834869
v 1.000000 -4.439713 0.834869
v 34.000000 -4.439713 0.834869
v 36.000000 -4.439713 0.834869
v -40.000000 -2.439713 1.834869
v -36.000000 -2.439713 1.834869
v -34.000000 -2.439713 1.834869
v -30.000000 -2.439713 1.834869
v -5.000000 -2.439713 1.834869
v -1.000000 -2.439713 1.834869
v 1.000000 -2.439713 1.834869
v 5.000000 -2.439713 1.834869
v 30.000000 -2.439713 1.834869
v 34.000000 -2.439713 1.834869
v 36.000000 -2.439713 1.834869
v 40.000000 -2.439713 1.834869
v -40.000000 -2.439713 0.834869
v -36.000000 -2.439713 0.834869
v -34.000000 -2.439713 0.834869
v -30.000000 -2.439713 0.834869
v -5.000000 -2.439713 0.834869
v -1.000000 -2.439713 0.834869
v 1.000000 -2.439713 0.834869
v 5.000000 -2.439713 0.834869
v 30.000000 -2.439713 0.834869
v 34.000000 -2.439713 0.834869
v 36.000000 -2.439713 0.834869
v 40.000000 -2.439713 0.834869
v -22.000000 -1.439713 -2.165131
v -18.000000 -1.439713 -2.165131
v -17.000000 -1.439713 -2.165131
v -13.000000 -1.439713 -2.165131
v 13.000000 -1.439713 -2.165131
v 17.000000 -1.439713 -2.165131
v 18.000000 -1.439713 -2.165131
v 22.000000 -1.439713 -2.165131
v -22.000000 -1.439713 -3.165131
v -18.000000 -1.439713 -3.165131
v -17.000000 -1.439713 -3.165131
v -13.000000 -1.439713 -3.165131
v 13.000000 -1.439713 -3.165131
v 17.000000 -1.439713 -3.165131
v 18.000000 -1.439713 -3.165131
v 22.000000 -1.439713 -3.165131
v -40.000000 0.560287 1.834869
v -36.000000 0.560287 1.834869
v -34.000000 0.560287 1.834869
v -30.000000 0.560287 1.834869
v -5.000000 0.560287 1.834869
v -1.000000 0.560287 1.834869
v 1.000000 0.560287 1.834869
v 5.000000 0.560287 1.834869
v 30.000000 0.560287 1.834869
v 34.000000 0.560287 1.834869
v 36.000000 0.560287 1.834869
v 40.000000 0.560287 1.834869
v -40.000000 0.560287 0.834869
v -36.000000 0.560287 0.834869
v -34.000000 0.560287 0.834869
v -30.000000 0.560287 0.834869
v -5.000000 0.560287 0.834869
v -1.000000 0.560287 0.834869
v 1.000000 0.560287 0.834869
v 5.000000 0.560287 0.834869
v 30.000000 0.560287 0.834869
v 34.000000 0.560287 0.834869
v 36.000000 0.560287 0.834869
v 40.000000 0.560287 0.834869
v -24.000000 0.560287 -2.165131
v -23.000000 0.560287 -2.165131
v -12.000000 0.560287 -2.165131
v -11.000000 0.560287 -2.165131
v 11.000000 0.560287 -2.165131
v 12.000000 0.560287 -2.165131
v 23.000000 0.560287 -2.165131
v 24.000000 0.560287 -2.165131
v -24.000000 0.560287 -3.165131
v -23.000000 0.560287 -3.165131
v -12.000000 0.560287 -3.165131
v -11.000000 0.560287 -3.165131
v 11.000000 0.560287 -3.165131
v 12.000000 0.560287 -3.165131
v 23.000000 0.560287 -3.165131
v 24.000000 0.560287 -3.165131
v -36.000000 1.560287 1.834869
v -34.000000 1.560287 1.834869
v -1.000000 1.560287 1.834869
v 1.000000 1.560287 1.834869
v 34.000000 1.560287 1.834869
v 36.000000 1.560287 1.834869
v -36.000000 1.560287 0.834869
v -34.000000 1.560287 0.834869
v -1.000000 1.560287 0.834869
v 1.000000 1.560287 0.834869
v 34.000000 1.560287 0.834869
v 36.000000 1.560287 0.834869
v -23.000000 2.560287 -2.165131
v -22.000000 2.560287 -2.165131
v -13.000000 2.560287 -2.165131
v -12.000000 2.560287 -2.165131
v 12.000000 2.560287 -2.165131
v 13.000000 2.560287 -2.165131
v 22.000000 2.560287 -2.165131
v 23.000000 2.560287 -2.165131
v -23.000000 2.560287 -3.165131
v -22.000000 2.560287 -3.165131
v -13.000000 2.560287 -3.165131
v -12.000000 2.560287 -3.165131
v 12.000000 2.560287 -3.165131
v 13.000000 2.560287 -3.165131
v 22.000000 2.560287 -3.165131
v 23.000000 2.560287 -3.165131
v -22.000000 4.560287 -2.165131
v -21.000000 4.560287 -2.165131
v -14.000000 4.560287 -2.165131
v -13.000000 4.560287 -2.165131
v 13.000000 4.560287 -2.165131
v 14.000000 4.560287 -2.165131
v 21.000000 4.560287 -2.165131
v 22.000000 4.560287 -2.165131
v -22.000000 4.560287 -3.165131
v -21.000000 4.560287 -3.165131
v -14.000000 4.560287 -3.165131
v -13.000000 4.560287 -3.165131
v 13.000000 4.560287 -3.165131
v 14.000000 4.560287 -3.165131
v 21.000000 4.560287 -3.165131
v 22.000000 4.560287 -3.165131
v -40.000000 6.560287 1.834869
v -36.000000 6.560287 1.834869
v -34.000000 6.560287 1.834869
v -30.000000 6.560287 1.834869
v -5.000000 6.560287 1.834869
v -1.000000 6.560287 1.834869
v 1.000000 6.560287 1.834869
v 5.000000 6.560287 1.834869
v 30.000000 6.560287 1.834869
v 34.000000 6.560287 1.834869
v 36.000000 6.560287 1.834869
v 40.000000 6.560287 1.834869
v -40.000000 6.560287 0.834869
v -36.000000 6.560287 0.834869
v -34.000000 6.560287 0.834869
v -30.000000 6.560287 0.834869
v -5.000000 6.560287 0.834869
v -1.000000 6.560287 0.834869
v 1.000000 6.560287 0.834869
v 5.000000 6.560287 0.834869
v 30.000000 6.560287 0.834869
v 34.000000 6.560287 0.834869
v 36.000000 6.560287 0.834869
v 40.000000 6.560287 0.834869
v -21.000000 6.560287 -2.165131
v -20.000000 6.560287 -2.165131
v -15.000000 6.560287 -2.165131
v -14.000000 6.560287 -2.165131
v 14.000000 6.560287 -2.165131
v 15.000000 6.560287 -2.165131
v 20.000000 6.560287 -2.165131
v 21.000000 6.560287 -2.165131
v -21.000000 6.560287 -3.165131
v -20.000000 6.560287 -3.165131
v -15.000000 6.560287 -3.165131
v -14.000000 6.560287 -3.165131
v 14.000000 6.560287 -3.165131
v 15.000000 6.560287 -3.165131
v 20.000000 6.560287 -3.165131
v 21.000000 6.560287 -3.165131
v -20.000000 7.560287 -2.165131
v -19.000000 7.560287 -2.165131
v -16.000000 7.560287 -2.165131
v -15.000000 7.560287 -2.165131
v 15.000000 7.560287 -2.165131
v 16.000000 7.560287 -2.165131
v 19.000000 7.560287 -2.165131
v 20.000000 7.560287 -2.165131
v -20.000000 7.560287 -3.165131
v -19.000000 7.560287 -3.165131
v -16.000000 7.560287 -3.165131
v -15.000000 7.560287 -3.165131
v 15.000000 7.560287 -3.165131
v 16.000000 7.560287 -3.165131
v 19.000000 7.560287 -3.165131
v 20.000000 7.560287 -3.165131
v -40.000000 8.560287 1.834869
v -36.000000 8.560287 1.834869
v -34.000000 8.560287 1.834869
v -30.000000 8.560287 1.834869
v -5.000000 8.560287 1.834869
v -1.000000 8.560287 1.834869
v 1.000000 8.560287 1.834869
v 5.000000 8.560287 1.834869
v 30.000000 8.560287 1.834869
v 34.000000 8.560287 1.834869
v 36.000000 8.560287 1.834869
v 40.000000 8.560287 1.834869
v -40.000000 8.560287 0.834869
v -36.000000 8.560287 0.834869
v -34.000000 8.560287 0.834869
v -30.000000 8.560287 0.834869
v -5.000000 8.560287 0.834869
v -1.000000 8.560287 0.834869
v 1.000000 8.560287 0.834869
v 5.000000 8.560287 0.834869
v 30.000000 8.560287 0.834869
v 34.000000 8.560287 0.834869
v 36.000000 8.560287 0.834869
v 40.000000 8.560287 0.834869
v -19.000000 8.560287 -2.165131
v -18.000000 8.560287 -2.165131
v -17.000000 8.560287 -2.165131
v -16.000000 8.560287 -2.165131
v 16.000000 8.560287 -2.165131
v 17.000000 8.560287 -2.165131
v 18.000000 8.560287 -2.165131
v 19.000000 8.560287 -2.165131
v -19.000000 8.560287 -3.165131
v -18.000000 8.560287 -3.165131
v -17.000000 8.560287 -3.165131
v -16.000000 8.560287 -3.165131
v 16.000000 8.560287 -3.165131
v 17.000000 8.560287 -3.165131
v 18.000000 8.560287 -3.165131
v 19.000000 8.560287 -3.165131
v -36.000000 9.560287 1.834869
v -34.000000 9.560287 1.834869
v -1.000000 9.560287 1.834869
v 1.000000 9.560287 1.834869
v 34.000000 9.560287 1.834869
v 36.000000 9.560287 1.834869
v -36.000000 9.560287 0.834869
v -34.000000 9.560287 0.834869
v -1.000000 9.560287 0.834869
v 1.000000 9.560287 0.834869
v 34.000000 9.560287 0.834869
v 36.000000 9.560287 0.834869
v -18.000000 9.560287 -2.165131
v -17.000000 9.560287 -2.165131
v 17.000000 9.560287 -2.165131
v 18.000000 9.560287 -2.165131
v -18.000000 9.560287 -3.165131
v -17.000000 9.560287 -3.165131
v 17.000000 9.560287 -3.165131
v 18.000000 9.560287 -3.165131
v -40.000000 11.560287 1.834869
v -36.000000 11.560287 1.834869
v -34.000000 11.560287 1.834869
v -30.000000 11.560287 1.834869
v -5.000000 11.560287 1.834869
v -1.000000 11.560287 1.834869
v 1.000000 11.560287 1.834869
v 5.000000 11.560287 1.834869
v 30.000000 11.560287 1.834869
v 34.000000 11.560287 1.834869
v 36.000000 11.560287 1.834869
v 40.000000 11.560287 1.834869
v -40.000000 11.560287 0.834869
v -36.000000 11.560287 0.834869
v -34.000000 11.560287 0.834869
v -30.000000 11.560287 0.834869
v -5.000000 11.560287 0.834869
v -1.000000 11.560287 0.834869
v 1.000000 11.560287 0.834869
v 5.000000 11.560287 0.834869
v 30.000000 11.560287 0.834869
v 34.000000 11.560287 0.834869
v 36.000000 11.560287 0.834869
v 40.000000 11.560287 0.834869
v -44.000000 19.560287 1.834869
v -42.000000 19.560287 1.834869
v -39.000000 19.560287 1.834869
v -37.000000 19.560287 1.834869
v -33.000000 19.560287 1.834869
v -31.000000 19.560287 1.834869
v -28.000000 19.560287 1.834869
v -26.000000 19.560287 1.834869
v -9.000000 19.560287 1.834869
v -7.000000 19.560287 1.834869
v -4.000000 19.560287 1.834869
v -2.000000 19.560287 1.834869
v 2.000000 19.560287 1.834869
v 4.000000 19.560287 1.834869
v 7.000000 19.560287 1.834869
v 9.000000 19.560287 1.834869
v 26.000000 19.560287 1.834869
v 28.000000 19.560287 1.834869
v 31.000000 19.560287 1.834869
v 33.000000 19.560287 1.834869
v 37.000000 19.560287 1.834869
v 39.000000 19.560287 1.834869
v 42.000000 19.560287 1.834869
v 44.000000 19.560287 1.834869
v -44.000000 19.560287 0.834869
v -42.000000 19.560287 0.834869
v -39.000000 19.560287 0.834869
v -37.000000 19.560287 0.834869
v -33.000000 19.560287 0.834869
v -31.000000 19.560287 0.834869
v -28.000000 19.560287 0.834869
v -26.000000 19.560287 0.834869
v -9.000000 19.560287 0.834869
v -7.000000 19.560287 0.834869
v -4.000000 19.560287 0.834869
v -2.000000 19.560287 0.834869
v 2.000000 19.560287 0.834869
v 4.000000 19.560287 0.834869
v 7.000000 19.560287 0.834869
v 9.000000 19.560287 0.834869
v 26.000000 19.560287 0.834869
v 28.000000 19.560287 0.834869
v 31.000000 19.560287 0.834869
v 33.000000 19.560287 0.834869
v 37.000000 19.560287 0.834869
v 39.000000 19.560287 0.834869
v 42.000000 19.560287 0.834869
v 44.000000 19.560287 0.834869
v -45.000000 20.560287 2.834869
v -44.000000 20.560287 2.834869
v -42.000000 20.560287 2.834869
v -41.000000 20.560287 2.834869
v -40.000000 20.560287 2.834869
v -39.000000 20.560287 2.834869
v -37.000000 20.560287 2.834869
v -36.000000 20.560287 2.834869
v -34.000000 20.560287 2.834869
v -33.000000 20.560287 2.834869
v -31.000000 20.560287 2.834869
v -30.000000 20.560287 2.834869
v -29.000000 20.560287 2.834869
v -28.000000 20.560287 2.834869
v -26.000000 20.560287 2.834869
v -25.000000 20.560287 2.834869
v -10.000000 20.560287 2.834869
v -9.000000 20.560287 2.834869
v -7.000000 20.560287 2.834869
v -6.000000 20.560287 2.834869
v -5.000000 20.560287 2.834869
v -4.000000 20.560287 2.834869
v -2.000000 20.560287 2.834869
v -1.000000 20.560287 2.834869
v 1.000000 20.560287 2.834869
v 2.000000 20.560287 2.834869
v 4.000000 20.560287 2.834869
v 5.000000 20.560287 2.834869
v 6.000000 20.560287 2.834869
v 7.000000 20.560287 2.834869
v 9.000000 20.560287 2.834869
v 10.000000 20.560287 2.834869
v 25.000000 20.560287 2.834869
v 26.000000 20.560287 2.834869
v 28.000000 20.560287 2.834869
v 29.000000 20.560287 2.834869
v 30.000000 20.560287 2.834869
v 31.000000 20.560287 2.834869
v 33.000000 20.560287 2.834869
v 34.000000 20.560287 2.834869
v 36.000000 20.560287 2.834869
v 37.000000 20.560287 2.834869
v 39.000000 20.560287 2.834869
v 40.000000 20.560287 2.834869
v 41.000000 20.560287 2.834869
v 42.000000 20.560287 2.834869
v 44.000000 20.560287 2.834869
v 45.000000 20.560287 2.834869
v -45.000000 20.560287 0.834869
v -44.000000 20.560287 0.834869
v -42.000000 20.560287 0.834869
v -41.000000 20.560287 0.834869
v -40.000000 20.560287 0.834869
v -39.000000 20.560287 0.834869
v -37.000000 20.560287 0.834869
v -36.000000 20.560287 0.834869
v -34.000000 20.560287 0.834869
v -33.000000 20.560287 0.834869
v -31.000000 20.560287 0.834869
v -30.000000 20.560287 0.834869
v -29.000000 20.560287 0.834869
v -28.000000 20.560287 0.834869
v -26.000000 20.560287 0.834869
v -25.000000 20.560287 0.834869
v -10.000000 20.560287 0.834869
v -9.000000 20.560287 0.834869
v -7.000000 20.560287 0.834869
v -6.000000 20.560287 0.834869
v -5.000000 20.560287 0.834869
v -4.000000 20.560287 0.834869
v -2.000000 20.560287 0.834869
v -1.000000 20.560287 0.834869
v 1.000000 20.560287 0.834869
v 2.000000 20.560287 0.834869
v 4.000000 20.560287 0.834869
v 5.000000 20.560287 0.834869
v 6.000000 20.560287 0.834869
v 7.000000 20.560287 0.834869
v 9.000000 20.560287 0.834869
v 10.000000 20.560287 0.834869
v 25.000000 20.560287 0.834869
v 26.000000 20.560287 0.834869
v 28.000000 20.560287 0.834869
v 29.000000 20.560287 0.834869
v 30.000000 20.560287 0.834869
v 31.000000 20.560287 0.834869
v 33.000000 20.560287 0.834869
v 34.000000 20.560287 0.834869
v 36.000000 20.560287 0.834869
v 37.000000 20.560287 0.834869
v 39.000000 20.560287 0.834869
v 40.000000 20.560287 0.834869
v 41.000000 20.560287 0.834869
v 42.000000 20.560287 0.834869
v 44.000000 20.560287 0.834869
v 45.000000 20.560287 0.834869
v -47.000000 26.560287 2.834869
v -23.000000 26.560287 2.834869
v -12.000000 26.560287 2.834869
v 12.000000 26.560287 2.834869
v 23.000000 26.560287 2.834869
v 47.000000 26.560287 2.834869
v -47.000000 26.560287 0.834869
v -23.000000 26.560287 0.834869
v -12.000000 26.560287 0.834869
v 12.000000 26.560287 0.834869
v 23.000000 26.560287 0.834869
v 47.000000 26.560287 0.834869
v -47.000000 27.560287 0.834869
v -23.000000 27.560287 0.834869
v -12.000000 27.560287 0.834869
v 12.000000 27.560287 0.834869
v 23.000000 27.560287 0.834869
v 47.000000 27.560287 0.834869
v -47.000000 27.560287 -0.165131
v -23.000000 27.560287 -0.165131
v -12.000000 27.560287 -0.165131
v 12.000000 27.560287 -0.165131
v 23.000000 27.560287 -0.165131
v 47.000000 27.560287 -0.165131
v -47.000000 27.560287 -3.165131
v -23.000000 27.560287 -3.165131
v -12.000000 27.560287 -3.165131
v 12.000000 27.560287 -3.165131
v 23.000000 27.560287 -3.165131
v 47.000000 27.560287 -3.165131
v -50.000000 31.560287 -3.165131
v 50.000000 31.560287 -3.165131
v -50.000000 31.560287 -4.165131
v 50.000000 31.560287 -4.165131
vn -1.0000 -0.0000 -0.0000
vn 1.0000 -0.0000 -0.0000
vn -0.0000 -0.0000 1.0000
vn -0.0000 -0.0000 -1.0000
vn -0.0000 -1.0000 -0.0000
vn -0.0000 1.0000 -0.0000
vt 0.783203 0.500000
vt 0.646484 0.500000
vt 0.763672 0.500000
vt 0.220703 0.500000
vt 0.802734 0.500000
vt 0.228516 0.500000
vt 0.240234 0.500000
vt 0.232422 0.500000
vt 0.244141 0.500000
s 1
usemtl palette.007
f 3/1/1 2/1/1 1/1/1
f 4/1/1 2/1/1 3/1/1
f 7/2/1 6/2/1 5/2/1
f 8/2/1 6/2/1 7/2/1
f 9/2/1 6/2/1 8/2/1
f 10/3/1 9/3/1 8/3/1
f 11/2/1 6/2/1 9/2/1
f 11/3/1 9/3/1 10/3/1
f 12/2/1 6/2/1 11/2/1
f 15/2/1 14/2/1 13/2/1
f 16/2/1 14/2/1 15/2/1
f 20/4/1 18/4/1 17/4/1
f 21/4/1 18/4/1 20/4/1
f 22/2/1 20/2/1 19/2/1
f 22/2/1 21/2/1 20/2/1
f 23/2/1 21/2/1 22/2/1
f 24/2/1 21/2/1 23/2/1
f 25/2/1 21/2/1 24/2/1
f 27/3/1 24/3/1 23/3/1
f 28/5/1 25/5/1 24/5/1
f 28/3/1 24/3/1 27/3/1
f 29/2/1 21/2/1 25/2/1
f 29/5/1 25/5/1 28/5/1
f 30/2/1 28/2/1 27/2/1
f 30/2/1 27/2/1 26/2/1
f 30/2/1 29/2/1 28/2/1
f 31/2/1 21/2/1 29/2/1
f 31/2/1 29/2/1 30/2/1
f 34/6/1 33/6/1 32/6/1
f 35/6/1 33/6/1 34/6/1
f 38/6/1 37/6/1 36/6/1
f 39/6/1 37/6/1 38/6/1
f 42/6/1 41/6/1 40/6/1
f 43/6/1 41/6/1 42/6/1
f 47/2/1 45/2/1 44/2/1
f 47/2/1 46/2/1 45/2/1
f 48/2/1 46/2/1 47/2/1
f 51/2/1 50/2/1 49/2/1
f 52/2/1 50/2/1 51/2/1
f 55/4/1 54/4/1 53/4/1
f 56/4/1 54/4/1 55/4/1
f 59/2/1 58/2/1 57/2/1
f 60/2/1 58/2/1 59/2/1
f 63/2/1 62/2/1 61/2/1
f 64/2/1 62/2/1 63/2/1
f 65/2/1 62/2/1 64/2/1
f 67/3/1 65/3/1 64/3/1
f 68/2/1 62/2/1 65/2/1
f 68/3/1 65/3/1 67/3/1
f 69/2/1 67/2/1 66/2/1
f 69/2/1 68/2/1 67/2/1
f 70/2/1 68/2/1 69/2/1
f 71/2/1 62/2/1 68/2/1
f 71/2/1 68/2/1 70/2/1
f 73/3/1 71/3/1 70/3/1
f 74/2/1 62/2/1 71/2/1
f 74/3/1 71/3/1 73/3/1
f 75/2/1 73/2/1 72/2/1
f 75/2/1 74/2/1 73/2/1
f 76/2/1 74/2/1 75/2/1
f 77/2/1 62/2/1 74/2/1
f 77/2/1 74/2/1 76/2/1
f 79/3/1 77/3/1 76/3/1
f 80/2/1 62/2/1 77/2/1
f 80/3/1 77/3/1 79/3/1
f 81/2/1 79/2/1 78/2/1
f 81/2/1 80/2/1 79/2/1
f 82/2/1 80/2/1 81/2/1
f 83/2/1 62/2/1 80/2/1
f 83/2/1 80/2/1 82/2/1
f 85/3/1 83/3/1 82/3/1
f 86/2/1 62/2/1 83/2/1
f 86/3/1 83/3/1 85/3/1
f 87/2/1 85/2/1 84/2/1
f 87/2/1 86/2/1 85/2/1
f 88/2/1 86/2/1 87/2/1
f 89/2/1 62/2/1 86/2/1
f 89/2/1 86/2/1 88/2/1
f 91/3/1 89/3/1 88/3/1
f 92/2/1 62/2/1 89/2/1
f 92/3/1 89/3/1 91/3/1
f 93/2/1 91/2/1 90/2/1
f 93/2/1 92/2/1 91/2/1
f 94/2/1 92/2/1 93/2/1
f 95/2/1 62/2/1 92/2/1
f 95/2/1 92/2/1 94/2/1
f 97/3/1 95/3/1 94/3/1
f 98/2/1 62/2/1 95/2/1
f 98/3/1 95/3/1 97/3/1
f 99/2/1 97/2/1 96/2/1
f 99/2/1 98/2/1 97/2/1
f 100/2/1 98/2/1 99/2/1
f 101/2/1 62/2/1 98/2/1
f 101/2/1 98/2/1 100/2/1
f 103/3/1 101/3/1 100/3/1
f 104/2/1 62/2/1 101/2/1
f 104/3/1 101/3/1 103/3/1
f 105/2/1 103/2/1 102/2/1
f 105/2/1 104/2/1 103/2/1
f 106/2/1 104/2/1 105/2/1
f 107/2/1 62/2/1 104/2/1
f 107/2/1 104/2/1 106/2/1
f 109/3/1 107/3/1 106/3/1
f 110/2/1 62/2/1 107/2/1
f 110/3/1 107/3/1 109/3/1
f 111/2/1 109/2/1 108/2/1
f 111/2/1 110/2/1 109/2/1
f 112/2/1 110/2/1 111/2/1
f 113/2/1 62/2/1 110/2/1
f 113/2/1 110/2/1 112/2/1
f 115/3/1 113/3/1 112/3/1
f 116/2/1 62/2/1 113/2/1
f 116/3/1 113/3/1 115/3/1
f 117/2/1 115/2/1 114/2/1
f 117/2/1 116/2/1 115/2/1
f 118/2/1 116/2/1 117/2/1
f 119/2/1 62/2/1 116/2/1
f 119/2/1 116/2/1 118/2/1
f 121/3/1 119/3/1 118/3/1
f 122/2/1 62/2/1 119/2/1
f 122/3/1 119/3/1 121/3/1
f 123/2/1 121/2/1 120/2/1
f 123/2/1 122/2/1 121/2/1
f 124/2/1 122/2/1 123/2/1
f 125/2/1 62/2/1 122/2/1
f 125/2/1 122/2/1 124/2/1
f 127/3/1 125/3/1 124/3/1
f 128/2/1 62/2/1 125/2/1
f 128/3/1 125/3/1 127/3/1
f 129/2/1 127/2/1 126/2/1
f 129/2/1 128/2/1 127/2/1
f 130/2/1 128/2/1 129/2/1
f 131/2/1 62/2/1 128/2/1
f 131/2/1 128/2/1 130/2/1
f 133/3/1 131/3/1 130/3/1
f 134/2/1 62/2/1 131/2/1
f 134/3/1 131/3/1 133/3/1
f 135/2/1 133/2/1 132/2/1
f 135/2/1 134/2/1 133/2/1
f 136/2/1 62/2/1 134/2/1
f 136/2/1 134/2/1 135/2/1
f 140/2/1 138/2/1 137/2/1
f 140/2/1 139/2/1 138/2/1
f 141/2/1 139/2/1 140/2/1
f 144/2/1 143/2/1 142/2/1
f 145/2/1 143/2/1 144/2/1
f 148/2/1 147/2/1 146/2/1
f 149/2/1 147/2/1 148/2/1
f 152/2/1 151/2/1 150/2/1
f 153/2/1 151/2/1 152/2/1
f 156/2/1 155/2/1 154/2/1
f 157/2/1 155/2/1 156/2/1
f 160/2/1 159/2/1 158/2/1
f 161/2/1 159/2/1 160/2/1
f 164/2/1 163/2/1 162/2/1
f 165/2/1 163/2/1 164/2/1
f 168/2/1 167/2/1 166/2/1
f 169/2/1 167/2/1 168/2/1
f 172/2/1 171/2/1 170/2/1
f 173/2/1 171/2/1 172/2/1
f 176/2/1 175/2/1 174/2/1
f 177/2/1 175/2/1 176/2/1
f 180/2/1 179/2/1 178/2/1
f 181/2/1 179/2/1 180/2/1
f 184/2/1 183/2/1 182/2/1
f 185/2/1 183/2/1 184/2/1
f 188/2/1 187/2/1 186/2/1
f 189/2/1 187/2/1 188/2/1
f 192/2/1 191/2/1 190/2/1
f 193/2/1 191/2/1 192/2/1
f 196/2/1 195/2/1 194/2/1
f 197/2/1 195/2/1 196/2/1
f 200/2/1 199/2/1 198/2/1
f 201/2/1 199/2/1 200/2/1
f 204/2/1 203/2/1 202/2/1
f 205/2/1 203/2/1 204/2/1
f 208/2/1 207/2/1 206/2/1
f 209/2/1 207/2/1 208/2/1
f 212/2/1 211/2/1 210/2/1
f 213/2/1 211/2/1 212/2/1
f 216/2/1 215/2/1 214/2/1
f 217/2/1 215/2/1 216/2/1
f 220/2/1 219/2/1 218/2/1
f 221/2/1 219/2/1 220/2/1
f 225/2/1 223/2/1 222/2/1
f 225/2/1 224/2/1 223/2/1
f 226/2/1 224/2/1 225/2/1
f 229/2/1 228/2/1 227/2/1
f 230/2/1 228/2/1 229/2/1
f 233/2/1 232/2/1 231/2/1
f 234/2/1 232/2/1 233/2/1
f 238/2/1 236/2/1 235/2/1
f 238/2/1 237/2/1 236/2/1
f 239/2/1 237/2/1 238/2/1
f 242/2/1 241/2/1 240/2/1
f 243/2/1 241/2/1 242/2/1
f 246/7/1 245/7/1 244/7/1
f 247/7/1 245/7/1 246/7/1
f 250/7/1 249/7/1 248/7/1
f 251/7/1 249/7/1 250/7/1
f 254/7/1 253/7/1 252/7/1
f 255/7/1 253/7/1 254/7/1
f 258/7/1 257/7/1 256/7/1
f 259/7/1 257/7/1 258/7/1
f 262/7/1 261/7/1 260/7/1
f 263/7/1 261/7/1 262/7/1
f 266/7/1 265/7/1 264/7/1
f 267/7/1 265/7/1 266/7/1
f 270/7/1 269/7/1 268/7/1
f 271/7/1 269/7/1 270/7/1
f 274/7/1 273/7/1 272/7/1
f 275/7/1 273/7/1 274/7/1
f 278/7/1 277/7/1 276/7/1
f 279/7/1 277/7/1 278/7/1
f 282/8/1 281/8/1 280/8/1
f 283/8/1 281/8/1 282/8/1
f 286/8/1 285/8/1 284/8/1
f 287/8/1 285/8/1 286/8/1
f 290/8/1 289/8/1 288/8/1
f 291/8/1 289/8/1 290/8/1
f 294/8/1 293/8/1 292/8/1
f 295/8/1 293/8/1 294/8/1
f 298/7/1 297/7/1 296/7/1
f 299/7/1 297/7/1 298/7/1
f 302/9/1 301/9/1 300/9/1
f 303/9/1 301/9/1 302/9/1
f 307/8/1 305/8/1 304/8/1
f 308/9/1 306/9/1 305/9/1
f 308/8/1 305/8/1 307/8/1
f 309/9/1 306/9/1 308/9/1
f 313/8/1 311/8/1 310/8/1
f 314/9/1 312/9/1 311/9/1
f 314/8/1 311/8/1 313/8/1
f 315/9/1 312/9/1 314/9/1
f 319/8/1 317/8/1 316/8/1
f 320/9/1 318/9/1 317/9/1
f 320/8/1 317/8/1 319/8/1
f 321/9/1 318/9/1 320/9/1
f 325/8/1 323/8/1 322/8/1
f 326/9/1 324/9/1 323/9/1
f 326/8/1 323/8/1 325/8/1
f 327/9/1 324/9/1 326/9/1
f 331/8/1 329/8/1 328/8/1
f 332/9/1 330/9/1 329/9/1
f 332/8/1 329/8/1 331/8/1
f 334/9/1 330/9/1 332/9/1
f 335/8/1 334/8/1 333/8/1
f 336/9/1 330/9/1 334/9/1
f 336/8/1 334/8/1 335/8/1
f 338/9/1 330/9/1 336/9/1
f 339/8/1 338/8/1 337/8/1
f 340/9/1 330/9/1 338/9/1
f 340/8/1 338/8/1 339/8/1
f 342/9/1 330/9/1 340/9/1
f 343/8/1 342/8/1 341/8/1
f 344/9/1 330/9/1 342/9/1
f 344/8/1 342/8/1 343/8/1
f 345/9/1 330/9/1 344/9/1
f 348/2/1 347/2/1 346/2/1
f 349/2/1 347/2/1 348/2/1
f 350/2/1 347/2/1 349/2/1
f 351/3/1 350/3/1 349/3/1
f 352/2/1 347/2/1 350/2/1
f 352/3/1 350/3/1 351/3/1
f 353/2/1 347/2/1 352/2/1
f 356/2/1 355/2/1 354/2/1
f 357/2/1 355/2/1 356/2/1
f 361/4/1 359/4/1 358/4/1
f 362/4/1 359/4/1 361/4/1
f 363/2/1 361/2/1 360/2/1
f 363/2/1 362/2/1 361/2/1
f 364/2/1 362/2/1 363/2/1
f 365/2/1 362/2/1 364/2/1
f 366/2/1 362/2/1 365/2/1
f 368/3/1 365/3/1 364/3/1
f 369/5/1 366/5/1 365/5/1
f 369/3/1 365/3/1 368/3/1
f 370/2/1 362/2/1 366/2/1
f 370/5/1 366/5/1 369/5/1
f 371/2/1 369/2/1 368/2/1
f 371/2/1 368/2/1 367/2/1
f 371/2/1 370/2/1 369/2/1
f 372/2/1 362/2/1 370/2/1
f 372/2/1 370/2/1 371/2/1
f 375/6/1 374/6/1 373/6/1
f 376/6/1 374/6/1 375/6/1
f 379/6/1 378/6/1 377/6/1
f 380/6/1 378/6/1 379/6/1
f 383/6/1 382/6/1 381/6/1
f 384/6/1 382/6/1 383/6/1
f 388/2/1 386/2/1 385/2/1
f 388/2/1 387/2/1 386/2/1
f 389/2/1 387/2/1 388/2/1
f 392/2/1 391/2/1 390/2/1
f 393/2/1 391/2/1 392/2/1
f 396/4/1 395/4/1 394/4/1
f 397/4/1 395/4/1 396/4/1
f 400/2/1 399/2/1 398/2/1
f 401/2/1 399/2/1 400/2/1
f 404/2/1 403/2/1 402/2/1
f 405/2/1 403/2/1 404/2/1
f 406/2/1 403/2/1 405/2/1
f 408/3/1 406/3/1 405/3/1
f 409/2/1 403/2/1 406/2/1
f 409/3/1 406/3/1 408/3/1
f 410/2/1 408/2/1 407/2/1
f 410/2/1 409/2/1 408/2/1
f 411/2/1 409/2/1 410/2/1
f 412/2/1 403/2/1 409/2/1
f 412/2/1 409/2/1 411/2/1
f 414/3/1 412/3/1 411/3/1
f 415/2/1 403/2/1 412/2/1
f 415/3/1 412/3/1 414/3/1
f 416/2/1 414/2/1 413/2/1
f 416/2/1 415/2/1 414/2/1
f 417/2/1 415/2/1 416/2/1
f 418/2/1 403/2/1 415/2/1
f 418/2/1 415/2/1 417/2/1
f 420/3/1 418/3/1 417/3/1
f 421/2/1 403/2/1 418/2/1
f 421/3/1 418/3/1 420/3/1
f 422/2/1 420/2/1 419/2/1
f 422/2/1 421/2/1 420/2/1
f 423/2/1 421/2/1 422/2/1
f 424/2/1 403/2/1 421/2/1
f 424/2/1 421/2/1 423/2/1
f 426/3/1 424/3/1 423/3/1
f 427/2/1 403/2/1 424/2/1
f 427/3/1 424/3/1 426/3/1
f 428/2/1 426/2/1 425/2/1
f 428/2/1 427/2/1 426/2/1
f 429/2/1 427/2/1 428/2/1
f 430/2/1 403/2/1 427/2/1
f 430/2/1 427/2/1 429/2/1
f 432/3/1 430/3/1 429/3/1
f 433/2/1 403/2/1 430/2/1
f 433/3/1 430/3/1 432/3/1
f 434/2/1 432/2/1 431/2/1
f 434/2/1 433/2/1 432/2/1
f 435/2/1 433/2/1 434/2/1
f 436/2/1 403/2/1 433/2/1
f 436/2/1 433/2/1 435/2/1
f 438/3/1 436/3/1 435/3/1
f 439/2/1 403/2/1 436/2/1
f 439/3/1 436/3/1 438/3/1
f 440/2/1 438/2/1 437/2/1
f 440/2/1 439/2/1 438/2/1
f 441/2/1 439/2/1 440/2/1
f 442/2/1 403/2/1 439/2/1
f 442/2/1 439/2/1 441/2/1
f 444/3/1 442/3/1 441/3/1
f 445/2/1 403/2/1 442/2/1
f 445/3/1 442/3/1 444/3/1
f 446/2/1 444/2/1 443/2/1
f 446/2/1 445/2/1 444/2/1
f 447/2/1 445/2/1 446/2/1
f 448/2/1 403/2/1 445/2/1
f 448/2/1 445/2/1 447/2/1
f 450/3/1 448/3/1 447/3/1
f 451/2/1 403/2/1 448/2/1
f 451/3/1 448/3/1 450/3/1
f 452/2/1 450/2/1 449/2/1
f 452/2/1 451/2/1 450/2/1
f 453/2/1 451/2/1 452/2/1
f 454/2/1 403/2/1 451/2/1
f 454/2/1 451/2/1 453/2/1
f 456/3/1 454/3/1 453/3/1
f 457/2/1 403/2/1 454/2/1
f 457/3/1 454/3/1 456/3/1
f 458/2/1 456/2/1 455/2/1
f 458/2/1 457/2/1 456/2/1
f 459/2/1 457/2/1 458/2/1
f 460/2/1 403/2/1 457/2/1
f 460/2/1 457/2/1 459/2/1
f 462/3/1 460/3/1 459/3/1
f 463/2/1 403/2/1 460/2/1
f 463/3/1 460/3/1 462/3/1
f 464/2/1 462/2/1 461/2/1
f 464/2/1 463/2/1 462/2/1
f 465/2/1 463/2/1 464/2/1
f 466/2/1 403/2/1 463/2/1
f 466/2/1 463/2/1 465/2/1
f 468/3/1 466/3/1 465/3/1
f 469/2/1 403/2/1 466/2/1
f 469/3/1 466/3/1 468/3/1
f 470/2/1 468/2/1 467/2/1
f 470/2/1 469/2/1 468/2/1
f 471/2/1 469/2/1 470/2/1
f 472/2/1 403/2/1 469/2/1
f 472/2/1 469/2/1 471/2/1
f 474/3/1 472/3/1 471/3/1
f 475/2/1 403/2/1 472/2/1
f 475/3/1 472/3/1 474/3/1
f 476/2/1 474/2/1 473/2/1
f 476/2/1 475/2/1 474/2/1
f 477/2/1 403/2/1 475/2/1
f 477/2/1 475/2/1 476/2/1
f 481/2/1 479/2/1 478/2/1
f 481/2/1 480/2/1 479/2/1
f 482/2/1 480/2/1 481/2/1
f 485/2/1 484/2/1 483/2/1
f 486/2/1 484/2/1 485/2/1
f 489/2/1 488/2/1 487/2/1
f 490/2/1 488/2/1 489/2/1
f 493/2/1 492/2/1 491/2/1
f 494/2/1 492/2/1 493/2/1
f 497/2/1 496/2/1 495/2/1
f 498/2/1 496/2/1 497/2/1
f 501/2/1 500/2/1 499/2/1
f 502/2/1 500/2/1 501/2/1
f 505/2/1 504/2/1 503/2/1
f 506/2/1 504/2/1 505/2/1
f 509/2/1 508/2/1 507/2/1
f 510/2/1 508/2/1 509/2/1
f 513/2/1 512/2/1 511/2/1
f 514/2/1 512/2/1 513/2/1
f 517/2/1 516/2/1 515/2/1
f 518/2/1 516/2/1 517/2/1
f 521/2/1 520/2/1 519/2/1
f 522/2/1 520/2/1 521/2/1
f 525/2/1 524/2/1 523/2/1
f 526/2/1 524/2/1 525/2/1
f 529/2/1 528/2/1 527/2/1
f 530/2/1 528/2/1 529/2/1
f 533/2/1 532/2/1 531/2/1
f 534/2/1 532/2/1 533/2/1
f 537/2/1 536/2/1 535/2/1
f 538/2/1 536/2/1 537/2/1
f 541/2/1 540/2/1 539/2/1
f 542/2/1 540/2/1 541/2/1
f 545/2/1 544/2/1 543/2/1
f 546/2/1 544/2/1 545/2/1
f 549/2/1 548/2/1 547/2/1
f 550/2/1 548/2/1 549/2/1
f 553/2/1 552/2/1 551/2/1
f 554/2/1 552/2/1 553/2/1
f 557/2/1 556/2/1 555/2/1
f 558/2/1 556/2/1 557/2/1
f 561/2/1 560/2/1 559/2/1
f 562/2/1 560/2/1 561/2/1
f 566/2/1 564/2/1 563/2/1
f 566/2/1 565/2/1 564/2/1
f 567/2/1 565/2/1 566/2/1
f 570/2/1 569/2/1 568/2/1
f 571/2/1 569/2/1 570/2/1
f 574/2/1 573/2/1 572/2/1
f 575/2/1 573/2/1 574/2/1
f 579/2/1 577/2/1 576/2/1
f 579/2/1 578/2/1 577/2/1
f 580/2/1 578/2/1 579/2/1
f 583/2/1 582/2/1 581/2/1
f 584/2/1 582/2/1 583/2/1
f 587/7/1 586/7/1 585/7/1
f 588/7/1 586/7/1 587/7/1
f 591/7/1 590/7/1 589/7/1
f 592/7/1 590/7/1 591/7/1
f 595/7/1 594/7/1 593/7/1
f 596/7/1 594/7/1 595/7/1
f 599/7/1 598/7/1 597/7/1
f 600/7/1 598/7/1 599/7/1
f 603/7/1 602/7/1 601/7/1
f 604/7/1 602/7/1 603/7/1
f 607/7/1 606/7/1 605/7/1
f 608/7/1 606/7/1 607/7/1
f 611/7/1 610/7/1 609/7/1
f 612/7/1 610/7/1 611/7/1
f 615/7/1 614/7/1 613/7/1
f 616/7/1 614/7/1 615/7/1
f 619/7/1 618/7/1 617/7/1
f 620/7/1 618/7/1 619/7/1
f 623/8/1 622/8/1 621/8/1
f 624/8/1 622/8/1 623/8/1
f 627/8/1 626/8/1 625/8/1
f 628/8/1 626/8/1 627/8/1
f 631/8/1 630/8/1 629/8/1
f 632/8/1 630/8/1 631/8/1
f 635/8/1 634/8/1 633/8/1
f 636/8/1 634/8/1 635/8/1
f 639/7/1 638/7/1 637/7/1
f 640/7/1 638/7/1 639/7/1
f 643/9/1 642/9/1 641/9/1
f 644/9/1 642/9/1 643/9/1
f 648/8/1 646/8/1 645/8/1
f 649/9/1 647/9/1 646/9/1
f 649/8/1 646/8/1 648/8/1
f 650/9/1 647/9/1 649/9/1
f 654/8/1 652/8/1 651/8/1
f 655/9/1 653/9/1 652/9/1
f 655/8/1 652/8/1 654/8/1
f 656/9/1 653/9/1 655/9/1
f 660/8/1 658/8/1 657/8/1
f 661/9/1 659/9/1 658/9/1
f 661/8/1 658/8/1 660/8/1
f 662/9/1 659/9/1 661/9/1
f 666/8/1 664/8/1 663/8/1
f 667/9/1 665/9/1 664/9/1
f 667/8/1 664/8/1 666/8/1
f 668/9/1 665/9/1 667/9/1
f 672/8/1 670/8/1 669/8/1
f 673/9/1 671/9/1 670/9/1
f 673/8/1 670/8/1 672/8/1
f 675/9/1 671/9/1 673/9/1
f 676/8/1 675/8/1 674/8/1
f 677/9/1 671/9/1 675/9/1
f 677/8/1 675/8/1 676/8/1
f 679/9/1 671/9/1 677/9/1
f 680/8/1 679/8/1 678/8/1
f 681/9/1 671/9/1 679/9/1
f 681/8/1 679/8/1 680/8/1
f 683/9/1 671/9/1 681/9/1
f 684/8/1 683/8/1 682/8/1
f 685/9/1 671/9/1 683/9/1
f 685/8/1 683/8/1 684/8/1
f 686/9/1 671/9/1 685/9/1
f 689/2/1 688/2/1 687/2/1
f 690/2/1 688/2/1 689/2/1
f 691/2/1 688/2/1 690/2/1
f 692/3/1 691/3/1 690/3/1
f 693/2/1 688/2/1 691/2/1
f 693/3/1 691/3/1 692/3/1
f 694/2/1 688/2/1 693/2/1
f 697/2/1 696/2/1 695/2/1
f 698/2/1 696/2/1 697/2/1
f 702/4/1 700/4/1 699/4/1
f 703/4/1 700/4/1 702/4/1
f 704/2/1 702/2/1 701/2/1
f 704/2/1 703/2/1 702/2/1
f 705/2/1 703/2/1 704/2/1
f 706/2/1 703/2/1 705/2/1
f 707/2/1 703/2/1 706/2/1
f 709/3/1 706/3/1 705/3/1
f 710/5/1 707/5/1 706/5/1
f 710/3/1 706/3/1 709/3/1
f 711/2/1 703/2/1 707/2/1
f 711/5/1 707/5/1 710/5/1
f 712/2/1 710/2/1 709/2/1
f 712/2/1 709/2/1 708/2/1
f 712/2/1 711/2/1 710/2/1
f 713/2/1 703/2/1 711/2/1
f 713/2/1 711/2/1 712/2/1
f 716/6/1 715/6/1 714/6/1
f 717/6/1 715/6/1 716/6/1
f 720/6/1 719/6/1 718/6/1
f 721/6/1 719/6/1 720/6/1
f 724/6/1 723/6/1 722/6/1
f 725/6/1 723/6/1 724/6/1
f 729/2/1 727/2/1 726/2/1
f 729/2/1 728/2/1 727/2/1
f 730/2/1 728/2/1 729/2/1
f 733/2/1 732/2/1 731/2/1
f 734/2/1 732/2/1 733/2/1
f 737/4/1 736/4/1 735/4/1
f 738/4/1 736/4/1 737/4/1
f 741/2/1 740/2/1 739/2/1
f 742/2/1 740/2/1 741/2/1
f 745/2/1 744/2/1 743/2/1
f 746/2/1 744/2/1 745/2/1
f 747/2/1 744/2/1 746/2/1
f 749/3/1 747/3/1 746/3/1
f 750/2/1 744/2/1 747/2/1
f 750/3/1 747/3/1 749/3/1
f 751/2/1 749/2/1 748/2/1
f 751/2/1 750/2/1 749/2/1
f 752/2/1 750/2/1 751/2/1
f 753/2/1 744/2/1 750/2/1
f 753/2/1 750/2/1 752/2/1
f 755/3/1 753/3/1 752/3/1
f 756/2/1 744/2/1 753/2/1
f 756/3/1 753/3/1 755/3/1
f 757/2/1 755/2/1 754/2/1
f 757/2/1 756/2/1 755/2/1
f 758/2/1 756/2/1 757/2/1
f 759/2/1 744/2/1 756/2/1
f 759/2/1 756/2/1 758/2/1
f 761/3/1 759/3/1 758/3/1
f 762/2/1 744/2/1 759/2/1
f 762/3/1 759/3/1 761/3/1
f 763/2/1 761/2/1 760/2/1
f 763/2/1 762/2/1 761/2/1
f 764/2/1 762/2/1 763/2/1
f 765/2/1 744/2/1 762/2/1
f 765/2/1 762/2/1 764/2/1
f 767/3/1 765/3/1 764/3/1
f 768/2/1 744/2/1 765/2/1
f 768/3/1 765/3/1 767/3/1
f 769/2/1 767/2/1 766/2/1
f 769/2/1 768/2/1 767/2/1
f 770/2/1 768/2/1 769/2/1
f 771/2/1 744/2/1 768/2/1
f 771/2/1 768/2/1 770/2/1
f 773/3/1 771/3/1 770/3/1
f 774/2/1 744/2/1 771/2/1
f 774/3/1 771/3/1 773/3/1
f 775/2/1 773/2/1 772/2/1
f 775/2/1 774/2/1 773/2/1
f 776/2/1 774/2/1 775/2/1
f 777/2/1 744/2/1 774/2/1
f 777/2/1 774/2/1 776/2/1
f 779/3/1 777/3/1 776/3/1
f 780/2/1 744/2/1 777/2/1
f 780/3/1 777/3/1 779/3/1
f 781/2/1 779/2/1 778/2/1
f 781/2/1 780/2/1 779/2/1
f 782/2/1 780/2/1 781/2/1
f 783/2/1 744/2/1 780/2/1
f 783/2/1 780/2/1 782/2/1
f 785/3/1 783/3/1 782/3/1
f 786/2/1 744/2/1 783/2/1
f 786/3/1 783/3/1 785/3/1
f 787/2/1 785/2/1 784/2/1
f 787/2/1 786/2/1 785/2/1
f 788/2/1 786/2/1 787/2/1
f 789/2/1 744/2/1 786/2/1
f 789/2/1 786/2/1 788/2/1
f 791/3/1 789/3/1 788/3/1
f 792/2/1 744/2/1 789/2/1
f 792/3/1 789/3/1 791/3/1
f 793/2/1 791/2/1 790/2/1
f 793/2/1 792/2/1 791/2/1
f 794/2/1 792/2/1 793/2/1
f 795/2/1 744/2/1 792/2/1
f 795/2/1 792/2/1 794/2/1
f 797/3/1 795/3/1 794/3/1
f 798/2/1 744/2/1 795/2/1
f 798/3/1 795/3/1 797/3/1
f 799/2/1 797/2/1 796/2/1
f 799/2/1 798/2/1 797/2/1
f 800/2/1 798/2/1 799/2/1
f 801/2/1 744/2/1 798/2/1
f 801/2/1 798/2/1 800/2/1
f 803/3/1 801/3/1 800/3/1
f 804/2/1 744/2/1 801/2/1
f 804/3/1 801/3/1 803/3/1
f 805/2/1 803/2/1 802/2/1
f 805/2/1 804/2/1 803/2/1
f 806/2/1 804/2/1 805/2/1
f 807/2/1 744/2/1 804/2/1
f 807/2/1 804/2/1 806/2/1
f 809/3/1 807/3/1 806/3/1
f 810/2/1 744/2/1 807/2/1
f 810/3/1 807/3/1 809/3/1
f 811/2/1 809/2/1 808/2/1
f 811/2/1 810/2/1 809/2/1
f 812/2/1 810/2/1 811/2/1
f 813/2/1 744/2/1 810/2/1
f 813/2/1 810/2/1 812/2/1
f 815/3/1 813/3/1 812/3/1
f 816/2/1 744/2/1 813/2/1
f 816/3/1 813/3/1 815/3/1
f 817/2/1 815/2/1 814/2/1
f 817/2/1 816/2/1 815/2/1
f 818/2/1 744/2/1 816/2/1
f 818/2/1 816/2/1 817/2/1
f 822/2/1 820/2/1 819/2/1
f 822/2/1 821/2/1 820/2/1
f 823/2/1 821/2/1 822/2/1
f 826/2/1 825/2/1 824/2/1
f 827/2/1 825/2/1 826/2/1
f 830/2/1 829/2/1 828/2/1
f 831/2/1 829/2/1 830/2/1
f 834/2/1 833/2/1 832/2/1
f 835/2/1 833/2/1 834/2/1
f 838/2/1 837/2/1 836/2/1
f 839/2/1 837/2/1 838/2/1
f 842/2/1 841/2/1 840/2/1
f 843/2/1 841/2/1 842/2/1
f 846/2/1 845/2/1 844/2/1
f 847/2/1 845/2/1 846/2/1
f 850/2/1 849/2/1 848/2/1
f 851/2/1 849/2/1 850/2/1
f 854/2/1 853/2/1 852/2/1
f 855/2/1 853/2/1 854/2/1
f 858/2/1 857/2/1 856/2/1
f 859/2/1 857/2/1 858/2/1
f 862/2/1 861/2/1 860/2/1
f 863/2/1 861/2/1 862/2/1
f 866/2/1 865/2/1 864/2/1
f 867/2/1 865/2/1 866/2/1
f 870/2/1 869/2/1 868/2/1
f 871/2/1 869/2/1 870/2/1
f 874/2/1 873/2/1 872/2/1
f 875/2/1 873/2/1 874/2/1
f 878/2/1 877/2/1 876/2/1
f 879/2/1 877/2/1 878/2/1
f 882/2/1 881/2/1 880/2/1
f 883/2/1 881/2/1 882/2/1
f 886/2/1 885/2/1 884/2/1
f 887/2/1 885/2/1 886/2/1
f 890/2/1 889/2/1 888/2/1
f 891/2/1 889/2/1 890/2/1
f 894/2/1 893/2/1 892/2/1
f 895/2/1 893/2/1 894/2/1
f 898/2/1 897/2/1 896/2/1
f 899/2/1 897/2/1 898/2/1
f 902/2/1 901/2/1 900/2/1
f 903/2/1 901/2/1 902/2/1
f 907/2/1 905/2/1 904/2/1
f 907/2/1 906/2/1 905/2/1
f 908/2/1 906/2/1 907/2/1
f 911/2/1 910/2/1 909/2/1
f 912/2/1 910/2/1 911/2/1
f 915/2/1 914/2/1 913/2/1
f 916/2/1 914/2/1 915/2/1
f 920/2/1 918/2/1 917/2/1
f 920/2/1 919/2/1 918/2/1
f 921/2/1 919/2/1 920/2/1
f 924/2/1 923/2/1 922/2/1
f 925/2/1 923/2/1 924/2/1
f 926/2/2 927/2/2 929/2/2
f 927/2/2 928/2/2 929/2/2
f 929/2/2 928/2/2 930/2/2
f 931/2/2 932/2/2 933/2/2
f 933/2/2 932/2/2 934/2/2
f 935/2/2 936/2/2 937/2/2
f 937/2/2 936/2/2 938/2/2
f 939/2/2 940/2/2 942/2/2
f 940/2/2 941/2/2 942/2/2
f 942/2/2 941/2/2 943/2/2
f 944/2/2 945/2/2 946/2/2
f 946/2/2 945/2/2 947/2/2
f 948/2/2 949/2/2 950/2/2
f 950/2/2 949/2/2 951/2/2
f 952/2/2 953/2/2 954/2/2
f 954/2/2 953/2/2 955/2/2
f 956/2/2 957/2/2 958/2/2
f 958/2/2 957/2/2 959/2/2
f 960/2/2 961/2/2 962/2/2
f 962/2/2 961/2/2 963/2/2
f 964/2/2 965/2/2 966/2/2
f 966/2/2 965/2/2 967/2/2
f 968/2/2 969/2/2 970/2/2
f 970/2/2 969/2/2 971/2/2
f 972/2/2 973/2/2 974/2/2
f 974/2/2 973/2/2 975/2/2
f 976/2/2 977/2/2 978/2/2
f 978/2/2 977/2/2 979/2/2
f 980/2/2 981/2/2 982/2/2
f 982/2/2 981/2/2 983/2/2
f 984/2/2 985/2/2 986/2/2
f 986/2/2 985/2/2 987/2/2
f 988/2/2 989/2/2 990/2/2
f 990/2/2 989/2/2 991/2/2
f 992/2/2 993/2/2 994/2/2
f 994/2/2 993/2/2 995/2/2
f 996/2/2 997/2/2 998/2/2
f 998/2/2 997/2/2 999/2/2
f 1000/2/2 1001/2/2 1002/2/2
f 1002/2/2 1001/2/2 1003/2/2
f 1004/2/2 1005/2/2 1006/2/2
f 1006/2/2 1005/2/2 1007/2/2
f 1008/2/2 1009/2/2 1010/2/2
f 1010/2/2 1009/2/2 1011/2/2
f 1012/2/2 1013/2/2 1014/2/2
f 1014/2/2 1013/2/2 1015/2/2
f 1016/2/2 1017/2/2 1018/2/2
f 1018/2/2 1017/2/2 1019/2/2
f 1020/2/2 1021/2/2 1022/2/2
f 1022/2/2 1021/2/2 1023/2/2
f 1024/2/2 1025/2/2 1027/2/2
f 1025/2/2 1026/2/2 1027/2/2
f 1027/2/2 1026/2/2 1028/2/2
f 1029/2/2 1030/2/2 1031/2/2
f 1031/2/2 1030/2/2 1032/2/2
f 1033/2/2 1034/2/2 1035/2/2
f 1035/2/2 1034/2/2 1036/2/2
f 1036/2/2 1034/2/2 1037/2/2
f 1036/3/2 1037/3/2 1039/3/2
f 1037/2/2 1034/2/2 1040/2/2
f 1039/3/2 1037/3/2 1040/3/2
f 1038/2/2 1039/2/2 1041/2/2
f 1039/2/2 1040/2/2 1041/2/2
f 1041/2/2 1040/2/2 1042/2/2
f 1040/2/2 1034/2/2 1043/2/2
f 1042/2/2 1040/2/2 1043/2/2
f 1042/3/2 1043/3/2 1045/3/2
f 1043/2/2 1034/2/2 1046/2/2
f 1045/3/2 1043/3/2 1046/3/2
f 1044/2/2 1045/2/2 1047/2/2
f 1045/2/2 1046/2/2 1047/2/2
f 1047/2/2 1046/2/2 1048/2/2
f 1046/2/2 1034/2/2 1049/2/2
f 1048/2/2 1046/2/2 1049/2/2
f 1048/3/2 1049/3/2 1051/3/2
f 1049/2/2 1034/2/2 1052/2/2
f 1051/3/2 1049/3/2 1052/3/2
f 1050/2/2 1051/2/2 1053/2/2
f 1051/2/2 1052/2/2 1053/2/2
f 1053/2/2 1052/2/2 1054/2/2
f 1052/2/2 1034/2/2 1055/2/2
f 1054/2/2 1052/2/2 1055/2/2
f 1054/3/2 1055/3/2 1057/3/2
f 1055/2/2 1034/2/2 1058/2/2
f 1057/3/2 1055/3/2 1058/3/2
f 1056/2/2 1057/2/2 1059/2/2
f 1057/2/2 1058/2/2 1059/2/2
f 1059/2/2 1058/2/2 1060/2/2
f 1058/2/2 1034/2/2 1061/2/2
f 1060/2/2 1058/2/2 1061/2/2
f 1060/3/2 1061/3/2 1063/3/2
f 1061/2/2 1034/2/2 1064/2/2
f 1063/3/2 1061/3/2 1064/3/2
f 1062/2/2 1063/2/2 1065/2/2
f 1063/2/2 1064/2/2 1065/2/2
f 1065/2/2 1064/2/2 1066/2/2
f 1064/2/2 1034/2/2 1067/2/2
f 1066/2/2 1064/2/2 1067/2/2
f 1066/3/2 1067/3/2 1069/3/2
f 1067/2/2 1034/2/2 1070/2/2
f 1069/3/2 1067/3/2 1070/3/2
f 1068/2/2 1069/2/2 1071/2/2
f 1069/2/2 1070/2/2 1071/2/2
f 1071/2/2 1070/2/2 1072/2/2
f 1070/2/2 1034/2/2 1073/2/2
f 1072/2/2 1070/2/2 1073/2/2
f 1072/3/2 1073/3/2 1075/3/2
f 1073/2/2 1034/2/2 1076/2/2
f 1075/3/2 1073/3/2 1076/3/2
f 1074/2/2 1075/2/2 1077/2/2
f 1075/2/2 1076/2/2 1077/2/2
f 1077/2/2 1076/2/2 1078/2/2
f 1076/2/2 1034/2/2 1079/2/2
f 1078/2/2 1076/2/2 1079/2/2
f 1078/3/2 1079/3/2 1081/3/2
f 1079/2/2 1034/2/2 1082/2/2
f 1081/3/2 1079/3/2 1082/3/2
f 1080/2/2 1081/2/2 1083/2/2
f 1081/2/2 1082/2/2 1083/2/2
f 1083/2/2 1082/2/2 1084/2/2
f 1082/2/2 1034/2/2 1085/2/2
f 1084/2/2 1082/2/2 1085/2/2
f 1084/3/2 1085/3/2 1087/3/2
f 1085/2/2 1034/2/2 1088/2/2
f 1087/3/2 1085/3/2 1088/3/2
f 1086/2/2 1087/2/2 1089/2/2
f 1087/2/2 1088/2/2 1089/2/2
f 1089/2/2 1088/2/2 1090/2/2
f 1088/2/2 1034/2/2 1091/2/2
f 1090/2/2 1088/2/2 1091/2/2
f 1090/3/2 1091/3/2 1093/3/2
f 1091/2/2 1034/2/2 1094/2/2
f 1093/3/2 1091/3/2 1094/3/2
f 1092/2/2 1093/2/2 1095/2/2
f 1093/2/2 1094/2/2 1095/2/2
f 1095/2/2 1094/2/2 1096/2/2
f 1094/2/2 1034/2/2 1097/2/2
f 1096/2/2 1094/2/2 1097/2/2
f 1096/3/2 1097/3/2 1099/3/2
f 1097/2/2 1034/2/2 1100/2/2
f 1099/3/2 1097/3/2 1100/3/2
f 1098/2/2 1099/2/2 1101/2/2
f 1099/2/2 1100/2/2 1101/2/2
f 1101/2/2 1100/2/2 1102/2/2
f 1100/2/2 1034/2/2 1103/2/2
f 1102/2/2 1100/2/2 1103/2/2
f 1102/3/2 1103/3/2 1105/3/2
f 1103/2/2 1034/2/2 1106/2/2
f 1105/3/2 1103/3/2 1106/3/2
f 1104/2/2 1105/2/2 1107/2/2
f 1105/2/2 1106/2/2 1107/2/2
f 1106/2/2 1034/2/2 1108/2/2
f 1107/2/2 1106/2/2 1108/2/2
f 1109/4/2 1110/4/2 1111/4/2
f 1111/4/2 1110/4/2 1112/4/2
f 1113/2/2 1114/2/2 1115/2/2
f 1115/2/2 1114/2/2 1116/2/2
f 1117/6/2 1118/6/2 1119/6/2
f 1119/6/2 1118/6/2 1120/6/2
f 1121/2/2 1122/2/2 1124/2/2
f 1122/2/2 1123/2/2 1124/2/2
f 1124/2/2 1123/2/2 1125/2/2
f 1126/2/2 1127/2/2 1128/2/2
f 1128/2/2 1127/2/2 1129/2/2
f 1130/6/2 1131/6/2 1132/6/2
f 1132/6/2 1131/6/2 1133/6/2
f 1134/6/2 1135/6/2 1136/6/2
f 1136/6/2 1135/6/2 1137/6/2
f 1138/4/2 1139/4/2 1141/4/2
f 1141/4/2 1139/4/2 1142/4/2
f 1140/2/2 1141/2/2 1143/2/2
f 1141/2/2 1142/2/2 1143/2/2
f 1143/2/2 1142/2/2 1144/2/2
f 1144/2/2 1142/2/2 1145/2/2
f 1145/2/2 1142/2/2 1146/2/2
f 1144/3/2 1145/3/2 1148/3/2
f 1145/5/2 1146/5/2 1149/5/2
f 1148/3/2 1145/3/2 1149/3/2
f 1146/2/2 1142/2/2 1150/2/2
f 1149/5/2 1146/5/2 1150/5/2
f 1148/2/2 1149/2/2 1151/2/2
f 1147/2/2 1148/2/2 1151/2/2
f 1149/2/2 1150/2/2 1151/2/2
f 1150/2/2 1142/2/2 1152/2/2
f 1151/2/2 1150/2/2 1152/2/2
f 1153/2/2 1154/2/2 1155/2/2
f 1155/2/2 1154/2/2 1156/2/2
f 1157/2/2 1158/2/2 1159/2/2
f 1159/2/2 1158/2/2 1160/2/2
f 1160/2/2 1158/2/2 1161/2/2
f 1160/3/2 1161/3/2 1162/3/2
f 1161/2/2 1158/2/2 1163/2/2
f 1162/3/2 1161/3/2 1163/3/2
f 1163/2/2 1158/2/2 1164/2/2
f 1165/8/2 1166/8/2 1168/8/2
f 1166/9/2 1167/9/2 1169/9/2
f 1168/8/2 1166/8/2 1169/8/2
f 1169/9/2 1167/9/2 1171/9/2
f 1170/8/2 1171/8/2 1172/8/2
f 1171/9/2 1167/9/2 1173/9/2
f 1172/8/2 1171/8/2 1173/8/2
f 1173/9/2 1167/9/2 1175/9/2
f 1174/8/2 1175/8/2 1176/8/2
f 1175/9/2 1167/9/2 1177/9/2
f 1176/8/2 1175/8/2 1177/8/2
f 1177/9/2 1167/9/2 1179/9/2
f 1178/8/2 1179/8/2 1180/8/2
f 1179/9/2 1167/9/2 1181/9/2
f 1180/8/2 1179/8/2 1181/8/2
f 1181/9/2 1167/9/2 1182/9/2
f 1183/8/2 1184/8/2 1186/8/2
f 1184/9/2 1185/9/2 1187/9/2
f 1186/8/2 1184/8/2 1187/8/2
f 1187/9/2 1185/9/2 1188/9/2
f 1189/8/2 1190/8/2 1192/8/2
f 1190/9/2 1191/9/2 1193/9/2
f 1192/8/2 1190/8/2 1193/8/2
f 1193/9/2 1191/9/2 1194/9/2
f 1195/8/2 1196/8/2 1198/8/2
f 1196/9/2 1197/9/2 1199/9/2
f 1198/8/2 1196/8/2 1199/8/2
f 1199/9/2 1197/9/2 1200/9/2
f 1201/8/2 1202/8/2 1204/8/2
f 1202/9/2 1203/9/2 1205/9/2
f 1204/8/2 1202/8/2 1205/8/2
f 1205/9/2 1203/9/2 1206/9/2
f 1207/9/2 1208/9/2 1209/9/2
f 1209/9/2 1208/9/2 1210/9/2
f 1211/8/2 1212/8/2 1213/8/2
f 1213/8/2 1212/8/2 1214/8/2
f 1215/8/2 1216/8/2 1217/8/2
f 1217/8/2 1216/8/2 1218/8/2
f 1219/8/2 1220/8/2 1221/8/2
f 1221/8/2 1220/8/2 1222/8/2
f 1223/8/2 1224/8/2 1225/8/2
f 1225/8/2 1224/8/2 1226/8/2
f 1227/7/2 1228/7/2 1229/7/2
f 1229/7/2 1228/7/2 1230/7/2
f 1231/7/2 1232/7/2 1233/7/2
f 1233/7/2 1232/7/2 1234/7/2
f 1235/7/2 1236/7/2 1237/7/2
f 1237/7/2 1236/7/2 1238/7/2
f 1239/7/2 1240/7/2 1241/7/2
f 1241/7/2 1240/7/2 1242/7/2
f 1243/7/2 1244/7/2 1245/7/2
f 1245/7/2 1244/7/2 1246/7/2
f 1247/7/2 1248/7/2 1249/7/2
f 1249/7/2 1248/7/2 1250/7/2
f 1251/7/2 1252/7/2 1253/7/2
f 1253/7/2 1252/7/2 1254/7/2
f 1255/7/2 1256/7/2 1257/7/2
f 1257/7/2 1256/7/2 1258/7/2
f 1259/7/2 1260/7/2 1261/7/2
f 1261/7/2 1260/7/2 1262/7/2
f 1263/7/2 1264/7/2 1265/7/2
f 1265/7/2 1264/7/2 1266/7/2
f 1267/2/2 1268/2/2 1270/2/2
f 1268/2/2 1269/2/2 1270/2/2
f 1270/2/2 1269/2/2 1271/2/2
f 1272/2/2 1273/2/2 1274/2/2
f 1274/2/2 1273/2/2 1275/2/2
f 1276/2/2 1277/2/2 1278/2/2
f 1278/2/2 1277/2/2 1279/2/2
f 1280/2/2 1281/2/2 1283/2/2
f 1281/2/2 1282/2/2 1283/2/2
f 1283/2/2 1282/2/2 1284/2/2
f 1285/2/2 1286/2/2 1287/2/2
f 1287/2/2 1286/2/2 1288/2/2
f 1289/2/2 1290/2/2 1291/2/2
f 1291/2/2 1290/2/2 1292/2/2
f 1293/2/2 1294/2/2 1295/2/2
f 1295/2/2 1294/2/2 1296/2/2
f 1297/2/2 1298/2/2 1299/2/2
f 1299/2/2 1298/2/2 1300/2/2
f 1301/2/2 1302/2/2 1303/2/2
f 1303/2/2 1302/2/2 1304/2/2
f 1305/2/2 1306/2/2 1307/2/2
f 1307/2/2 1306/2/2 1308/2/2
f 1309/2/2 1310/2/2 1311/2/2
f 1311/2/2 1310/2/2 1312/2/2
f 1313/2/2 1314/2/2 1315/2/2
f 1315/2/2 1314/2/2 1316/2/2
f 1317/2/2 1318/2/2 1319/2/2
f 1319/2/2 1318/2/2 1320/2/2
f 1321/2/2 1322/2/2 1323/2/2
f 1323/2/2 1322/2/2 1324/2/2
f 1325/2/2 1326/2/2 1327/2/2
f 1327/2/2 1326/2/2 1328/2/2
f 1329/2/2 1330/2/2 1331/2/2
f 1331/2/2 1330/2/2 1332/2/2
f 1333/2/2 1334/2/2 1335/2/2
f 1335/2/2 1334/2/2 1336/2/2
f 1337/2/2 1338/2/2 1339/2/2
f 1339/2/2 1338/2/2 1340/2/2
f 1341/2/2 1342/2/2 1343/2/2
f 1343/2/2 1342/2/2 1344/2/2
f 1345/2/2 1346/2/2 1347/2/2
f 1347/2/2 1346/2/2 1348/2/2
f 1349/2/2 1350/2/2 1351/2/2
f 1351/2/2 1350/2/2 1352/2/2
f 1353/2/2 1354/2/2 1355/2/2
f 1355/2/2 1354/2/2 1356/2/2
f 1357/2/2 1358/2/2 1359/2/2
f 1359/2/2 1358/2/2 1360/2/2
f 1361/2/2 1362/2/2 1363/2/2
f 1363/2/2 1362/2/2 1364/2/2
f 1365/2/2 1366/2/2 1368/2/2
f 1366/2/2 1367/2/2 1368/2/2
f 1368/2/2 1367/2/2 1369/2/2
f 1370/2/2 1371/2/2 1372/2/2
f 1372/2/2 1371/2/2 1373/2/2
f 1374/2/2 1375/2/2 1376/2/2
f 1376/2/2 1375/2/2 1377/2/2
f 1377/2/2 1375/2/2 1378/2/2
f 1377/3/2 1378/3/2 1380/3/2
f 1378/2/2 1375/2/2 1381/2/2
f 1380/3/2 1378/3/2 1381/3/2
f 1379/2/2 1380/2/2 1382/2/2
f 1380/2/2 1381/2/2 1382/2/2
f 1382/2/2 1381/2/2 1383/2/2
f 1381/2/2 1375/2/2 1384/2/2
f 1383/2/2 1381/2/2 1384/2/2
f 1383/3/2 1384/3/2 1386/3/2
f 1384/2/2 1375/2/2 1387/2/2
f 1386/3/2 1384/3/2 1387/3/2
f 1385/2/2 1386/2/2 1388/2/2
f 1386/2/2 1387/2/2 1388/2/2
f 1388/2/2 1387/2/2 1389/2/2
f 1387/2/2 1375/2/2 1390/2/2
f 1389/2/2 1387/2/2 1390/2/2
f 1389/3/2 1390/3/2 1392/3/2
f 1390/2/2 1375/2/2 1393/2/2
f 1392/3/2 1390/3/2 1393/3/2
f 1391/2/2 1392/2/2 1394/2/2
f 1392/2/2 1393/2/2 1394/2/2
f 1394/2/2 1393/2/2 1395/2/2
f 1393/2/2 1375/2/2 1396/2/2
f 1395/2/2 1393/2/2 1396/2/2
f 1395/3/2 1396/3/2 1398/3/2
f 1396/2/2 1375/2/2 1399/2/2
f 1398/3/2 1396/3/2 1399/3/2
f 1397/2/2 1398/2/2 1400/2/2
f 1398/2/2 1399/2/2 1400/2/2
f 1400/2/2 1399/2/2 1401/2/2
f 1399/2/2 1375/2/2 1402/2/2
f 1401/2/2 1399/2/2 1402/2/2
f 1401/3/2 1402/3/2 1404/3/2
f 1402/2/2 1375/2/2 1405/2/2
f 1404/3/2 1402/3/2 1405/3/2
f 1403/2/2 1404/2/2 1406/2/2
f 1404/2/2 1405/2/2 1406/2/2
f 1406/2/2 1405/2/2 1407/2/2
f 1405/2/2 1375/2/2 1408/2/2
f 1407/2/2 1405/2/2 1408/2/2
f 1407/3/2 1408/3/2 1410/3/2
f 1408/2/2 1375/2/2 1411/2/2
f 1410/3/2 1408/3/2 1411/3/2
f 1409/2/2 1410/2/2 1412/2/2
f 1410/2/2 1411/2/2 1412/2/2
f 1412/2/2 1411/2/2 1413/2/2
f 1411/2/2 1375/2/2 1414/2/2
f 1413/2/2 1411/2/2 1414/2/2
f 1413/3/2 1414/3/2 1416/3/2
f 1414/2/2 1375/2/2 1417/2/2
f 1416/3/2 1414/3/2 1417/3/2
f 1415/2/2 1416/2/2 1418/2/2
f 1416/2/2 1417/2/2 1418/2/2
f 1418/2/2 1417/2/2 1419/2/2
f 1417/2/2 1375/2/2 1420/2/2
f 1419/2/2 1417/2/2 1420/2/2
f 1419/3/2 1420/3/2 1422/3/2
f 1420/2/2 1375/2/2 1423/2/2
f 1422/3/2 1420/3/2 1423/3/2
f 1421/2/2 1422/2/2 1424/2/2
f 1422/2/2 1423/2/2 1424/2/2
f 1424/2/2 1423/2/2 1425/2/2
f 1423/2/2 1375/2/2 1426/2/2
f 1425/2/2 1423/2/2 1426/2/2
f 1425/3/2 1426/3/2 1428/3/2
f 1426/2/2 1375/2/2 1429/2/2
f 1428/3/2 1426/3/2 1429/3/2
f 1427/2/2 1428/2/2 1430/2/2
f 1428/2/2 1429/2/2 1430/2/2
f 1430/2/2 1429/2/2 1431/2/2
f 1429/2/2 1375/2/2 1432/2/2
f 1431/2/2 1429/2/2 1432/2/2
f 1431/3/2 1432/3/2 1434/3/2
f 1432/2/2 1375/2/2 1435/2/2
f 1434/3/2 1432/3/2 1435/3/2
f 1433/2/2 1434/2/2 1436/2/2
f 1434/2/2 1435/2/2 1436/2/2
f 1436/2/2 1435/2/2 1437/2/2
f 1435/2/2 1375/2/2 1438/2/2
f 1437/2/2 1435/2/2 1438/2/2
f 1437/3/2 1438/3/2 1440/3/2
f 1438/2/2 1375/2/2 1441/2/2
f 1440/3/2 1438/3/2 1441/3/2
f 1439/2/2 1440/2/2 1442/2/2
f 1440/2/2 1441/2/2 1442/2/2
f 1442/2/2 1441/2/2 1443/2/2
f 1441/2/2 1375/2/2 1444/2/2
f 1443/2/2 1441/2/2 1444/2/2
f 1443/3/2 1444/3/2 1446/3/2
f 1444/2/2 1375/2/2 1447/2/2
f 1446/3/2 1444/3/2 1447/3/2
f 1445/2/2 1446/2/2 1448/2/2
f 1446/2/2 1447/2/2 1448/2/2
f 1447/2/2 1375/2/2 1449/2/2
f 1448/2/2 1447/2/2 1449/2/2
f 1450/4/2 1451/4/2 1452/4/2
f 1452/4/2 1451/4/2 1453/4/2
f 1454/2/2 1455/2/2 1456/2/2
f 1456/2/2 1455/2/2 1457/2/2
f 1458/6/2 1459/6/2 1460/6/2
f 1460/6/2 1459/6/2 1461/6/2
f 1462/2/2 1463/2/2 1465/2/2
f 1463/2/2 1464/2/2 1465/2/2
f 1465/2/2 1464/2/2 1466/2/2
f 1467/2/2 1468/2/2 1469/2/2
f 1469/2/2 1468/2/2 1470/2/2
f 1471/6/2 1472/6/2 1473/6/2
f 1473/6/2 1472/6/2 1474/6/2
f 1475/6/2 1476/6/2 1477/6/2
f 1477/6/2 1476/6/2 1478/6/2
f 1479/4/2 1480/4/2 1482/4/2
f 1482/4/2 1480/4/2 1483/4/2
f 1481/2/2 1482/2/2 1484/2/2
f 1482/2/2 1483/2/2 1484/2/2
f 1484/2/2 1483/2/2 1485/2/2
f 1485/2/2 1483/2/2 1486/2/2
f 1486/2/2 1483/2/2 1487/2/2
f 1485/3/2 1486/3/2 1489/3/2
f 1486/5/2 1487/5/2 1490/5/2
f 1489/3/2 1486/3/2 1490/3/2
f 1487/2/2 1483/2/2 1491/2/2
f 1490/5/2 1487/5/2 1491/5/2
f 1489/2/2 1490/2/2 1492/2/2
f 1488/2/2 1489/2/2 1492/2/2
f 1490/2/2 1491/2/2 1492/2/2
f 1491/2/2 1483/2/2 1493/2/2
f 1492/2/2 1491/2/2 1493/2/2
f 1494/2/2 1495/2/2 1496/2/2
f 1496/2/2 1495/2/2 1497/2/2
f 1498/2/2 1499/2/2 1500/2/2
f 1500/2/2 1499/2/2 1501/2/2
f 1501/2/2 1499/2/2 1502/2/2
f 1501/3/2 1502/3/2 1503/3/2
f 1502/2/2 1499/2/2 1504/2/2
f 1503/3/2 1502/3/2 1504/3/2
f 1504/2/2 1499/2/2 1505/2/2
f 1506/8/2 1507/8/2 1509/8/2
f 1507/9/2 1508/9/2 1510/9/2
f 1509/8/2 1507/8/2 1510/8/2
f 1510/9/2 1508/9/2 1512/9/2
f 1511/8/2 1512/8/2 1513/8/2
f 1512/9/2 1508/9/2 1514/9/2
f 1513/8/2 1512/8/2 1514/8/2
f 1514/9/2 1508/9/2 1516/9/2
f 1515/8/2 1516/8/2 1517/8/2
f 1516/9/2 1508/9/2 1518/9/2
f 1517/8/2 1516/8/2 1518/8/2
f 1518/9/2 1508/9/2 1520/9/2
f 1519/8/2 1520/8/2 1521/8/2
f 1520/9/2 1508/9/2 1522/9/2
f 1521/8/2 1520/8/2 1522/8/2
f 1522/9/2 1508/9/2 1523/9/2
f 1524/8/2 1525/8/2 1527/8/2
f 1525/9/2 1526/9/2 1528/9/2
f 1527/8/2 1525/8/2 1528/8/2
f 1528/9/2 1526/9/2 1529/9/2
f 1530/8/2 1531/8/2 1533/8/2
f 1531/9/2 1532/9/2 1534/9/2
f 1533/8/2 1531/8/2 1534/8/2
f 1534/9/2 1532/9/2 1535/9/2
f 1536/8/2 1537/8/2 1539/8/2
f 1537/9/2 1538/9/2 1540/9/2
f 1539/8/2 1537/8/2 1540/8/2
f 1540/9/2 1538/9/2 1541/9/2
f 1542/8/2 1543/8/2 1545/8/2
f 1543/9/2 1544/9/2 1546/9/2
f 1545/8/2 1543/8/2 1546/8/2
f 1546/9/2 1544/9/2 1547/9/2
f 1548/9/2 1549/9/2 1550/9/2
f 1550/9/2 1549/9/2 1551/9/2
f 1552/8/2 1553/8/2 1554/8/2
f 1554/8/2 1553/8/2 1555/8/2
f 1556/8/2 1557/8/2 1558/8/2
f 1558/8/2 1557/8/2 1559/8/2
f 1560/8/2 1561/8/2 1562/8/2
f 1562/8/2 1561/8/2 1563/8/2
f 1564/8/2 1565/8/2 1566/8/2
f 1566/8/2 1565/8/2 1567/8/2
f 1568/7/2 1569/7/2 1570/7/2
f 1570/7/2 1569/7/2 1571/7/2
f 1572/7/2 1573/7/2 1574/7/2
f 1574/7/2 1573/7/2 1575/7/2
f 1576/7/2 1577/7/2 1578/7/2
f 1578/7/2 1577/7/2 1579/7/2
f 1580/7/2 1581/7/2 1582/7/2
f 1582/7/2 1581/7/2 1583/7/2
f 1584/7/2 1585/7/2 1586/7/2
f 1586/7/2 1585/7/2 1587/7/2
f 1588/7/2 1589/7/2 1590/7/2
f 1590/7/2 1589/7/2 1591/7/2
f 1592/7/2 1593/7/2 1594/7/2
f 1594/7/2 1593/7/2 1595/7/2
f 1596/7/2 1597/7/2 1598/7/2
f 1598/7/2 1597/7/2 1599/7/2
f 1600/7/2 1601/7/2 1602/7/2
f 1602/7/2 1601/7/2 1603/7/2
f 1604/7/2 1605/7/2 1606/7/2
f 1606/7/2 1605/7/2 1607/7/2
f 1608/2/2 1609/2/2 1611/2/2
f 1609/2/2 1610/2/2 1611/2/2
f 1611/2/2 1610/2/2 1612/2/2
f 1613/2/2 1614/2/2 1615/2/2
f 1615/2/2 1614/2/2 1616/2/2
f 1617/2/2 1618/2/2 1619/2/2
f 1619/2/2 1618/2/2 1620/2/2
f 1621/2/2 1622/2/2 1624/2/2
f 1622/2/2 1623/2/2 1624/2/2
f 1624/2/2 1623/2/2 1625/2/2
f 1626/2/2 1627/2/2 1628/2/2
f 1628/2/2 1627/2/2 1629/2/2
f 1630/2/2 1631/2/2 1632/2/2
f 1632/2/2 1631/2/2 1633/2/2
f 1634/2/2 1635/2/2 1636/2/2
f 1636/2/2 1635/2/2 1637/2/2
f 1638/2/2 1639/2/2 1640/2/2
f 1640/2/2 1639/2/2 1641/2/2
f 1642/2/2 1643/2/2 1644/2/2
f 1644/2/2 1643/2/2 1645/2/2
f 1646/2/2 1647/2/2 1648/2/2
f 1648/2/2 1647/2/2 1649/2/2
f 1650/2/2 1651/2/2 1652/2/2
f 1652/2/2 1651/2/2 1653/2/2
f 1654/2/2 1655/2/2 1656/2/2
f 1656/2/2 1655/2/2 1657/2/2
f 1658/2/2 1659/2/2 1660/2/2
f 1660/2/2 1659/2/2 1661/2/2
f 1662/2/2 1663/2/2 1664/2/2
f 1664/2/2 1663/2/2 1665/2/2
f 1666/2/2 1667/2/2 1668/2/2
f 1668/2/2 1667/2/2 1669/2/2
f 1670/2/2 1671/2/2 1672/2/2
f 1672/2/2 1671/2/2 1673/2/2
f 1674/2/2 1675/2/2 1676/2/2
f 1676/2/2 1675/2/2 1677/2/2
f 1678/2/2 1679/2/2 1680/2/2
f 1680/2/2 1679/2/2 1681/2/2
f 1682/2/2 1683/2/2 1684/2/2
f 1684/2/2 1683/2/2 1685/2/2
f 1686/2/2 1687/2/2 1688/2/2
f 1688/2/2 1687/2/2 1689/2/2
f 1690/2/2 1691/2/2 1692/2/2
f 1692/2/2 1691/2/2 1693/2/2
f 1694/2/2 1695/2/2 1696/2/2
f 1696/2/2 1695/2/2 1697/2/2
f 1698/2/2 1699/2/2 1700/2/2
f 1700/2/2 1699/2/2 1701/2/2
f 1702/2/2 1703/2/2 1704/2/2
f 1704/2/2 1703/2/2 1705/2/2
f 1706/2/2 1707/2/2 1709/2/2
f 1707/2/2 1708/2/2 1709/2/2
f 1709/2/2 1708/2/2 1710/2/2
f 1711/2/2 1712/2/2 1713/2/2
f 1713/2/2 1712/2/2 1714/2/2
f 1715/2/2 1716/2/2 1717/2/2
f 1717/2/2 1716/2/2 1718/2/2
f 1718/2/2 1716/2/2 1719/2/2
f 1718/3/2 1719/3/2 1721/3/2
f 1719/2/2 1716/2/2 1722/2/2
f 1721/3/2 1719/3/2 1722/3/2
f 1720/2/2 1721/2/2 1723/2/2
f 1721/2/2 1722/2/2 1723/2/2
f 1723/2/2 1722/2/2 1724/2/2
f 1722/2/2 1716/2/2 1725/2/2
f 1724/2/2 1722/2/2 1725/2/2
f 1724/3/2 1725/3/2 1727/3/2
f 1725/2/2 1716/2/2 1728/2/2
f 1727/3/2 1725/3/2 1728/3/2
f 1726/2/2 1727/2/2 1729/2/2
f 1727/2/2 1728/2/2 1729/2/2
f 1729/2/2 1728/2/2 1730/2/2
f 1728/2/2 1716/2/2 1731/2/2
f 1730/2/2 1728/2/2 1731/2/2
f 1730/3/2 1731/3/2 1733/3/2
f 1731/2/2 1716/2/2 1734/2/2
f 1733/3/2 1731/3/2 1734/3/2
f 1732/2/2 1733/2/2 1735/2/2
f 1733/2/2 1734/2/2 1735/2/2
f 1735/2/2 1734/2/2 1736/2/2
f 1734/2/2 1716/2/2 1737/2/2
f 1736/2/2 1734/2/2 1737/2/2
f 1736/3/2 1737/3/2 1739/3/2
f 1737/2/2 1716/2/2 1740/2/2
f 1739/3/2 1737/3/2 1740/3/2
f 1738/2/2 1739/2/2 1741/2/2
f 1739/2/2 1740/2/2 1741/2/2
f 1741/2/2 1740/2/2 1742/2/2
f 1740/2/2 1716/2/2 1743/2/2
f 1742/2/2 1740/2/2 1743/2/2
f 1742/3/2 1743/3/2 1745/3/2
f 1743/2/2 1716/2/2 1746/2/2
f 1745/3/2 1743/3/2 1746/3/2
f 1744/2/2 1745/2/2 1747/2/2
f 1745/2/2 1746/2/2 1747/2/2
f 1747/2/2 1746/2/2 1748/2/2
f 1746/2/2 1716/2/2 1749/2/2
f 1748/2/2 1746/2/2 1749/2/2
f 1748/3/2 1749/3/2 1751/3/2
f 1749/2/2 1716/2/2 1752/2/2
f 1751/3/2 1749/3/2 1752/3/2
f 1750/2/2 1751/2/2 1753/2/2
f 1751/2/2 1752/2/2 1753/2/2
f 1753/2/2 1752/2/2 1754/2/2
f 1752/2/2 1716/2/2 1755/2/2
f 1754/2/2 1752/2/2 1755/2/2
f 1754/3/2 1755/3/2 1757/3/2
f 1755/2/2 1716/2/2 1758/2/2
f 1757/3/2 1755/3/2 1758/3/2
f 1756/2/2 1757/2/2 1759/2/2
f 1757/2/2 1758/2/2 1759/2/2
f 1759/2/2 1758/2/2 1760/2/2
f 1758/2/2 1716/2/2 1761/2/2
f 1760/2/2 1758/2/2 1761/2/2
f 1760/3/2 1761/3/2 1763/3/2
f 1761/2/2 1716/2/2 1764/2/2
f 1763/3/2 1761/3/2 1764/3/2
f 1762/2/2 1763/2/2 1765/2/2
f 1763/2/2 1764/2/2 1765/2/2
f 1765/2/2 1764/2/2 1766/2/2
f 1764/2/2 1716/2/2 1767/2/2
f 1766/2/2 1764/2/2 1767/2/2
f 1766/3/2 1767/3/2 1769/3/2
f 1767/2/2 1716/2/2 1770/2/2
f 1769/3/2 1767/3/2 1770/3/2
f 1768/2/2 1769/2/2 1771/2/2
f 1769/2/2 1770/2/2 1771/2/2
f 1771/2/2 1770/2/2 1772/2/2
f 1770/2/2 1716/2/2 1773/2/2
f 1772/2/2 1770/2/2 1773/2/2
f 1772/3/2 1773/3/2 1775/3/2
f 1773/2/2 1716/2/2 1776/2/2
f 1775/3/2 1773/3/2 1776/3/2
f 1774/2/2 1775/2/2 1777/2/2
f 1775/2/2 1776/2/2 1777/2/2
f 1777/2/2 1776/2/2 1778/2/2
f 1776/2/2 1716/2/2 1779/2/2
f 1778/2/2 1776/2/2 1779/2/2
f 1778/3/2 1779/3/2 1781/3/2
f 1779/2/2 1716/2/2 1782/2/2
f 1781/3/2 1779/3/2 1782/3/2
f 1780/2/2 1781/2/2 1783/2/2
f 1781/2/2 1782/2/2 1783/2/2
f 1783/2/2 1782/2/2 1784/2/2
f 1782/2/2 1716/2/2 1785/2/2
f 1784/2/2 1782/2/2 1785/2/2
f 1784/3/2 1785/3/2 1787/3/2
f 1785/2/2 1716/2/2 1788/2/2
f 1787/3/2 1785/3/2 1788/3/2
f 1786/2/2 1787/2/2 1789/2/2
f 1787/2/2 1788/2/2 1789/2/2
f 1788/2/2 1716/2/2 1790/2/2
f 1789/2/2 1788/2/2 1790/2/2
f 1791/4/2 1792/4/2 1793/4/2
f 1793/4/2 1792/4/2 1794/4/2
f 1795/2/2 1796/2/2 1797/2/2
f 1797/2/2 1796/2/2 1798/2/2
f 1799/6/2 1800/6/2 1801/6/2
f 1801/6/2 1800/6/2 1802/6/2
f 1803/2/2 1804/2/2 1806/2/2
f 1804/2/2 1805/2/2 1806/2/2
f 1806/2/2 1805/2/2 1807/2/2
f 1808/2/2 1809/2/2 1810/2/2
f 1810/2/2 1809/2/2 1811/2/2
f 1812/6/2 1813/6/2 1814/6/2
f 1814/6/2 1813/6/2 1815/6/2
f 1816/6/2 1817/6/2 1818/6/2
f 1818/6/2 1817/6/2 1819/6/2
f 1820/4/2 1821/4/2 1823/4/2
f 1823/4/2 1821/4/2 1824/4/2
f 1822/2/2 1823/2/2 1825/2/2
f 1823/2/2 1824/2/2 1825/2/2
f 1825/2/2 1824/2/2 1826/2/2
f 1826/2/2 1824/2/2 1827/2/2
f 1827/2/2 1824/2/2 1828/2/2
f 1826/3/2 1827/3/2 1830/3/2
f 1827/5/2 1828/5/2 1831/5/2
f 1830/3/2 1827/3/2 1831/3/2
f 1828/2/2 1824/2/2 1832/2/2
f 1831/5/2 1828/5/2 1832/5/2
f 1830/2/2 1831/2/2 1833/2/2
f 1829/2/2 1830/2/2 1833/2/2
f 1831/2/2 1832/2/2 1833/2/2
f 1832/2/2 1824/2/2 1834/2/2
f 1833/2/2 1832/2/2 1834/2/2
f 1835/2/2 1836/2/2 1837/2/2
f 1837/2/2 1836/2/2 1838/2/2
f 1839/2/2 1840/2/2 1841/2/2
f 1841/2/2 1840/2/2 1842/2/2
f 1842/2/2 1840/2/2 1843/2/2
f 1842/3/2 1843/3/2 1844/3/2
f 1843/2/2 1840/2/2 1845/2/2
f 1844/3/2 1843/3/2 1845/3/2
f 1845/2/2 1840/2/2 1846/2/2
f 1847/1/2 1848/1/2 1849/1/2
f 1849/1/2 1848/1/2 1850/1/2
f 1854/2/3 1852/2/3 1851/2/3
f 1858/2/3 1854/2/3 1853/2/3
f 1859/2/3 1856/2/3 1855/2/3
f 1860/2/3 1856/2/3 1859/2/3
f 1861/2/3 1858/2/3 1857/2/3
f 1862/2/3 1854/2/3 1858/2/3
f 1862/2/3 1858/2/3 1861/2/3
f 1866/2/3 1854/2/3 1862/2/3
f 1867/2/3 1864/2/3 1863/2/3
f 1868/2/3 1866/2/3 1865/2/3
f 1869/2/3 1867/2/3 1863/2/3
f 1869/2/3 1868/2/3 1867/2/3
f 1870/2/3 1866/2/3 1868/2/3
f 1870/2/3 1868/2/3 1869/2/3
f 1871/2/3 1869/2/3 1863/2/3
f 1872/2/3 1869/2/3 1871/2/3
f 1873/2/3 1866/2/3 1870/2/3
f 1874/2/3 1854/2/3 1866/2/3
f 1874/2/3 1866/2/3 1873/2/3
f 1878/2/3 1854/2/3 1874/2/3
f 1879/2/3 1876/2/3 1875/2/3
f 1880/2/3 1878/2/3 1877/2/3
f 1881/2/3 1879/2/3 1875/2/3
f 1881/2/3 1880/2/3 1879/2/3
f 1882/2/3 1878/2/3 1880/2/3
f 1882/2/3 1880/2/3 1881/2/3
f 1883/2/3 1881/2/3 1875/2/3
f 1884/2/3 1881/2/3 1883/2/3
f 1885/2/3 1878/2/3 1882/2/3
f 1886/2/3 1854/2/3 1878/2/3
f 1886/2/3 1878/2/3 1885/2/3
f 1890/2/3 1854/2/3 1886/2/3
f 1891/2/3 1888/2/3 1887/2/3
f 1892/2/3 1890/2/3 1889/2/3
f 1893/2/3 1891/2/3 1887/2/3
f 1893/2/3 1892/2/3 1891/2/3
f 1894/2/3 1890/2/3 1892/2/3
f 1894/2/3 1892/2/3 1893/2/3
f 1895/2/3 1893/2/3 1887/2/3
f 1896/2/3 1893/2/3 1895/2/3
f 1897/2/3 1890/2/3 1894/2/3
f 1898/2/3 1854/2/3 1890/2/3
f 1898/2/3 1890/2/3 1897/2/3
f 1902/2/3 1854/2/3 1898/2/3
f 1903/2/3 1900/2/3 1899/2/3
f 1904/2/3 1900/2/3 1903/2/3
f 1905/2/3 1902/2/3 1901/2/3
f 1906/2/3 1854/2/3 1902/2/3
f 1906/2/3 1902/2/3 1905/2/3
f 1907/2/3 1854/2/3 1906/2/3
f 1908/2/3 1852/2/3 1854/2/3
f 1908/2/3 1854/2/3 1907/2/3
f 1909/2/3 1852/2/3 1908/2/3
f 1910/2/3 1852/2/3 1909/2/3
f 1914/2/3 1912/2/3 1911/2/3
f 1918/2/3 1914/2/3 1913/2/3
f 1919/2/3 1916/2/3 1915/2/3
f 1920/2/3 1916/2/3 1919/2/3
f 1921/2/3 1918/2/3 1917/2/3
f 1922/2/3 1914/2/3 1918/2/3
f 1922/2/3 1918/2/3 1921/2/3
f 1926/2/3 1914/2/3 1922/2/3
f 1927/2/3 1924/2/3 1923/2/3
f 1928/2/3 1926/2/3 1925/2/3
f 1929/2/3 1927/2/3 1923/2/3
f 1929/2/3 1928/2/3 1927/2/3
f 1930/2/3 1926/2/3 1928/2/3
f 1930/2/3 1928/2/3 1929/2/3
f 1931/2/3 1929/2/3 1923/2/3
f 1932/2/3 1929/2/3 1931/2/3
f 1933/2/3 1926/2/3 1930/2/3
f 1934/2/3 1914/2/3 1926/2/3
f 1934/2/3 1926/2/3 1933/2/3
f 1938/2/3 1914/2/3 1934/2/3
f 1939/2/3 1936/2/3 1935/2/3
f 1940/2/3 1938/2/3 1937/2/3
f 1941/2/3 1939/2/3 1935/2/3
f 1941/2/3 1940/2/3 1939/2/3
f 1942/2/3 1938/2/3 1940/2/3
f 1942/2/3 1940/2/3 1941/2/3
f 1943/2/3 1941/2/3 1935/2/3
f 1944/2/3 1941/2/3 1943/2/3
f 1945/2/3 1938/2/3 1942/2/3
f 1946/2/3 1914/2/3 1938/2/3
f 1946/2/3 1938/2/3 1945/2/3
f 1950/2/3 1914/2/3 1946/2/3
f 1951/2/3 1948/2/3 1947/2/3
f 1952/2/3 1950/2/3 1949/2/3
f 1953/2/3 1951/2/3 1947/2/3
f 1953/2/3 1952/2/3 1951/2/3
f 1954/2/3 1950/2/3 1952/2/3
f 1954/2/3 1952/2/3 1953/2/3
f 1955/2/3 1953/2/3 1947/2/3
f 1956/2/3 1953/2/3 1955/2/3
f 1957/2/3 1950/2/3 1954/2/3
f 1958/2/3 1914/2/3 1950/2/3
f 1958/2/3 1950/2/3 1957/2/3
f 1962/2/3 1914/2/3 1958/2/3
f 1963/2/3 1960/2/3 1959/2/3
f 1964/2/3 1960/2/3 1963/2/3
f 1965/2/3 1962/2/3 1961/2/3
f 1966/2/3 1914/2/3 1962/2/3
f 1966/2/3 1962/2/3 1965/2/3
f 1967/2/3 1914/2/3 1966/2/3
f 1968/2/3 1912/2/3 1914/2/3
f 1968/2/3 1914/2/3 1967/2/3
f 1969/2/3 1912/2/3 1968/2/3
f 1970/2/3 1912/2/3 1969/2/3
f 1974/2/3 1972/2/3 1971/2/3
f 1978/2/3 1974/2/3 1973/2/3
f 1979/2/3 1976/2/3 1975/2/3
f 1980/2/3 1976/2/3 1979/2/3
f 1981/2/3 1978/2/3 1977/2/3
f 1982/2/3 1974/2/3 1978/2/3
f 1982/2/3 1978/2/3 1981/2/3
f 1986/2/3 1974/2/3 1982/2/3
f 1987/2/3 1984/2/3 1983/2/3
f 1988/2/3 1986/2/3 1985/2/3
f 1989/2/3 1987/2/3 1983/2/3
f 1989/2/3 1988/2/3 1987/2/3
f 1990/2/3 1986/2/3 1988/2/3
f 1990/2/3 1988/2/3 1989/2/3
f 1991/2/3 1989/2/3 1983/2/3
f 1992/2/3 1989/2/3 1991/2/3
f 1993/2/3 1986/2/3 1990/2/3
f 1994/2/3 1974/2/3 1986/2/3
f 1994/2/3 1986/2/3 1993/2/3
f 1998/2/3 1974/2/3 1994/2/3
f 1999/2/3 1996/2/3 1995/2/3
f 2000/2/3 1998/2/3 1997/2/3
f 2001/2/3 1999/2/3 1995/2/3
f 2001/2/3 2000/2/3 1999/2/3
f 2002/2/3 1998/2/3 2000/2/3
f 2002/2/3 2000/2/3 2001/2/3
f 2003/2/3 2001/2/3 1995/2/3
f 2004/2/3 2001/2/3 2003/2/3
f 2005/2/3 1998/2/3 2002/2/3
f 2006/2/3 1974/2/3 1998/2/3
f 2006/2/3 1998/2/3 2005/2/3
f 2010/2/3 1974/2/3 2006/2/3
f 2011/2/3 2008/2/3 2007/2/3
f 2012/2/3 2010/2/3 2009/2/3
f 2013/2/3 2011/2/3 2007/2/3
f 2013/2/3 2012/2/3 2011/2/3
f 2014/2/3 2010/2/3 2012/2/3
f 2014/2/3 2012/2/3 2013/2/3
f 2015/2/3 2013/2/3 2007/2/3
f 2016/2/3 2013/2/3 2015/2/3
f 2017/2/3 2010/2/3 2014/2/3
f 2018/2/3 1974/2/3 2010/2/3
f 2018/2/3 2010/2/3 2017/2/3
f 2022/2/3 1974/2/3 2018/2/3
f 2023/2/3 2020/2/3 2019/2/3
f 2024/2/3 2020/2/3 2023/2/3
f 2025/2/3 2022/2/3 2021/2/3
f 2026/2/3 1974/2/3 2022/2/3
f 2026/2/3 2022/2/3 2025/2/3
f 2027/2/3 1974/2/3 2026/2/3
f 2028/2/3 1972/2/3 1974/2/3
f 2028/2/3 1974/2/3 2027/2/3
f 2029/2/3 1972/2/3 2028/2/3
f 2030/2/3 1972/2/3 2029/2/3
f 2034/4/3 2032/4/3 2031/4/3
f 2035/4/3 2032/4/3 2034/4/3
f 2037/6/3 2034/6/3 2033/6/3
f 2039/6/3 2037/6/3 2036/6/3
f 2040/4/3 2035/4/3 2034/4/3
f 2042/6/3 2039/6/3 2038/6/3
f 2068/4/3 2042/4/3 2041/4/3
f 2069/4/3 2040/4/3 2034/4/3
f 2070/4/3 2069/4/3 2034/4/3
f 2071/2/3 2044/2/3 2043/2/3
f 2072/2/3 2046/2/3 2045/2/3
f 2073/2/3 2046/2/3 2072/2/3
f 2074/2/3 2048/2/3 2047/2/3
f 2075/2/3 2048/2/3 2074/2/3
f 2076/2/3 2050/2/3 2049/2/3
f 2077/2/3 2050/2/3 2076/2/3
f 2078/2/3 2052/2/3 2051/2/3
f 2079/2/3 2052/2/3 2078/2/3
f 2080/2/3 2054/2/3 2053/2/3
f 2081/2/3 2054/2/3 2080/2/3
f 2082/2/3 2056/2/3 2055/2/3
f 2083/2/3 2056/2/3 2082/2/3
f 2084/2/3 2058/2/3 2057/2/3
f 2085/2/3 2058/2/3 2084/2/3
f 2086/2/3 2060/2/3 2059/2/3
f 2087/2/3 2060/2/3 2086/2/3
f 2088/2/3 2062/2/3 2061/2/3
f 2089/2/3 2062/2/3 2088/2/3
f 2090/2/3 2064/2/3 2063/2/3
f 2091/2/3 2064/2/3 2090/2/3
f 2092/2/3 2066/2/3 2065/2/3
f 2093/2/3 2066/2/3 2092/2/3
f 2094/2/3 2068/2/3 2067/2/3
f 2095/2/3 2071/2/3 2043/2/3
f 2095/2/3 2072/2/3 2071/2/3
f 2096/2/3 2072/2/3 2095/2/3
f 2097/2/3 2075/2/3 2074/2/3
f 2097/2/3 2074/2/3 2073/2/3
f 2097/2/3 2076/2/3 2075/2/3
f 2098/2/3 2076/2/3 2097/2/3
f 2099/2/3 2076/2/3 2098/2/3
f 2100/2/3 2076/2/3 2099/2/3
f 2101/2/3 2079/2/3 2078/2/3
f 2101/2/3 2078/2/3 2077/2/3
f 2101/2/3 2080/2/3 2079/2/3
f 2102/2/3 2080/2/3 2101/2/3
f 2103/2/3 2080/2/3 2102/2/3
f 2104/2/3 2080/2/3 2103/2/3
f 2105/2/3 2083/2/3 2082/2/3
f 2105/2/3 2082/2/3 2081/2/3
f 2105/2/3 2084/2/3 2083/2/3
f 2106/2/3 2084/2/3 2105/2/3
f 2107/2/3 2084/2/3 2106/2/3
f 2108/2/3 2084/2/3 2107/2/3
f 2109/2/3 2087/2/3 2086/2/3
f 2109/2/3 2088/2/3 2087/2/3
f 2109/2/3 2086/2/3 2085/2/3
f 2110/2/3 2088/2/3 2109/2/3
f 2111/2/3 2088/2/3 2110/2/3
f 2112/2/3 2088/2/3 2111/2/3
f 2113/2/3 2091/2/3 2090/2/3
f 2113/2/3 2092/2/3 2091/2/3
f 2113/2/3 2090/2/3 2089/2/3
f 2114/2/3 2092/2/3 2113/2/3
f 2115/2/3 2092/2/3 2114/2/3
f 2116/2/3 2092/2/3 2115/2/3
f 2117/2/3 2094/2/3 2093/2/3
f 2118/2/3 2068/2/3 2094/2/3
f 2118/2/3 2094/2/3 2117/2/3
f 2119/4/3 2070/4/3 2034/4/3
f 2120/4/3 2119/4/3 2034/4/3
f 2121/2/3 2095/2/3 2043/2/3
f 2122/2/3 2095/2/3 2121/2/3
f 2123/2/3 2097/2/3 2096/2/3
f 2124/2/3 2097/2/3 2123/2/3
f 2125/2/3 2099/2/3 2098/2/3
f 2126/2/3 2099/2/3 2125/2/3
f 2127/2/3 2101/2/3 2100/2/3
f 2128/2/3 2101/2/3 2127/2/3
f 2129/2/3 2103/2/3 2102/2/3
f 2130/2/3 2103/2/3 2129/2/3
f 2131/2/3 2105/2/3 2104/2/3
f 2132/2/3 2105/2/3 2131/2/3
f 2133/2/3 2107/2/3 2106/2/3
f 2134/2/3 2107/2/3 2133/2/3
f 2135/2/3 2109/2/3 2108/2/3
f 2136/2/3 2109/2/3 2135/2/3
f 2137/2/3 2111/2/3 2110/2/3
f 2138/2/3 2111/2/3 2137/2/3
f 2139/2/3 2113/2/3 2112/2/3
f 2140/2/3 2113/2/3 2139/2/3
f 2141/2/3 2115/2/3 2114/2/3
f 2142/2/3 2115/2/3 2141/2/3
f 2143/2/3 2117/2/3 2116/2/3
f 2144/2/3 2117/2/3 2143/2/3
f 2145/2/3 2068/2/3 2118/2/3
f 2146/4/3 2042/4/3 2068/4/3
f 2146/2/3 2068/2/3 2145/2/3
f 2147/4/3 2042/4/3 2146/4/3
f 2148/6/3 2039/6/3 2042/6/3
f 2148/4/3 2042/4/3 2147/4/3
f 2149/6/3 2039/6/3 2148/6/3
f 2150/6/3 2037/6/3 2039/6/3
f 2150/6/3 2039/6/3 2149/6/3
f 2151/4/3 2120/4/3 2034/4/3
f 2152/6/3 2037/6/3 2150/6/3
f 2153/6/3 2034/6/3 2037/6/3
f 2153/6/3 2037/6/3 2152/6/3
f 2154/6/3 2034/6/3 2153/6/3
f 2155/4/3 2151/4/3 2034/4/3
f 2155/6/3 2034/6/3 2154/6/3
f 2156/4/3 2151/4/3 2155/4/3
f 2157/4/3 2156/4/3 2155/4/3
f 2158/4/3 2156/4/3 2157/4/3
f 2162/4/3 2160/4/3 2159/4/3
f 2163/4/3 2160/4/3 2162/4/3
f 2165/6/3 2162/6/3 2161/6/3
f 2167/6/3 2165/6/3 2164/6/3
f 2168/4/3 2163/4/3 2162/4/3
f 2170/6/3 2167/6/3 2166/6/3
f 2196/4/3 2170/4/3 2169/4/3
f 2197/4/3 2168/4/3 2162/4/3
f 2198/4/3 2197/4/3 2162/4/3
f 2199/2/3 2172/2/3 2171/2/3
f 2200/2/3 2174/2/3 2173/2/3
f 2201/2/3 2174/2/3 2200/2/3
f 2202/2/3 2176/2/3 2175/2/3
f 2203/2/3 2176/2/3 2202/2/3
f 2204/2/3 2178/2/3 2177/2/3
f 2205/2/3 2178/2/3 2204/2/3
f 2206/2/3 2180/2/3 2179/2/3
f 2207/2/3 2180/2/3 2206/2/3
f 2208/2/3 2182/2/3 2181/2/3
f 2209/2/3 2182/2/3 2208/2/3
f 2210/2/3 2184/2/3 2183/2/3
f 2211/2/3 2184/2/3 2210/2/3
f 2212/2/3 2186/2/3 2185/2/3
f 2213/2/3 2186/2/3 2212/2/3
f 2214/2/3 2188/2/3 2187/2/3
f 2215/2/3 2188/2/3 2214/2/3
f 2216/2/3 2190/2/3 2189/2/3
f 2217/2/3 2190/2/3 2216/2/3
f 2218/2/3 2192/2/3 2191/2/3
f 2219/2/3 2192/2/3 2218/2/3
f 2220/2/3 2194/2/3 2193/2/3
f 2221/2/3 2194/2/3 2220/2/3
f 2222/2/3 2196/2/3 2195/2/3
f 2223/2/3 2199/2/3 2171/2/3
f 2223/2/3 2200/2/3 2199/2/3
f 2224/2/3 2200/2/3 2223/2/3
f 2225/2/3 2203/2/3 2202/2/3
f 2225/2/3 2202/2/3 2201/2/3
f 2225/2/3 2204/2/3 2203/2/3
f 2226/2/3 2204/2/3 2225/2/3
f 2227/2/3 2204/2/3 2226/2/3
f 2228/2/3 2204/2/3 2227/2/3
f 2229/2/3 2207/2/3 2206/2/3
f 2229/2/3 2206/2/3 2205/2/3
f 2229/2/3 2208/2/3 2207/2/3
f 2230/2/3 2208/2/3 2229/2/3
f 2231/2/3 2208/2/3 2230/2/3
f 2232/2/3 2208/2/3 2231/2/3
f 2233/2/3 2211/2/3 2210/2/3
f 2233/2/3 2210/2/3 2209/2/3
f 2233/2/3 2212/2/3 2211/2/3
f 2234/2/3 2212/2/3 2233/2/3
f 2235/2/3 2212/2/3 2234/2/3
f 2236/2/3 2212/2/3 2235/2/3
f 2237/2/3 2215/2/3 2214/2/3
f 2237/2/3 2216/2/3 2215/2/3
f 2237/2/3 2214/2/3 2213/2/3
f 2238/2/3 2216/2/3 2237/2/3
f 2239/2/3 2216/2/3 2238/2/3
f 2240/2/3 2216/2/3 2239/2/3
f 2241/2/3 2219/2/3 2218/2/3
f 2241/2/3 2220/2/3 2219/2/3
f 2241/2/3 2218/2/3 2217/2/3
f 2242/2/3 2220/2/3 2241/2/3
f 2243/2/3 2220/2/3 2242/2/3
f 2244/2/3 2220/2/3 2243/2/3
f 2245/2/3 2222/2/3 2221/2/3
f 2246/2/3 2196/2/3 2222/2/3
f 2246/2/3 2222/2/3 2245/2/3
f 2247/4/3 2198/4/3 2162/4/3
f 2248/4/3 2247/4/3 2162/4/3
f 2249/2/3 2223/2/3 2171/2/3
f 2250/2/3 2223/2/3 2249/2/3
f 2251/2/3 2225/2/3 2224/2/3
f 2252/2/3 2225/2/3 2251/2/3
f 2253/2/3 2227/2/3 2226/2/3
f 2254/2/3 2227/2/3 2253/2/3
f 2255/2/3 2229/2/3 2228/2/3
f 2256/2/3 2229/2/3 2255/2/3
f 2257/2/3 2231/2/3 2230/2/3
f 2258/2/3 2231/2/3 2257/2/3
f 2259/2/3 2233/2/3 2232/2/3
f 2260/2/3 2233/2/3 2259/2/3
f 2261/2/3 2235/2/3 2234/2/3
f 2262/2/3 2235/2/3 2261/2/3
f 2263/2/3 2237/2/3 2236/2/3
f 2264/2/3 2237/2/3 2263/2/3
f 2265/2/3 2239/2/3 2238/2/3
f 2266/2/3 2239/2/3 2265/2/3
f 2267/2/3 2241/2/3 2240/2/3
f 2268/2/3 2241/2/3 2267/2/3
f 2269/2/3 2243/2/3 2242/2/3
f 2270/2/3 2243/2/3 2269/2/3
f 2271/2/3 2245/2/3 2244/2/3
f 2272/2/3 2245/2/3 2271/2/3
f 2273/2/3 2196/2/3 2246/2/3
f 2274/4/3 2170/4/3 2196/4/3
f 2274/2/3 2196/2/3 2273/2/3
f 2275/4/3 2170/4/3 2274/4/3
f 2276/6/3 2167/6/3 2170/6/3
f 2276/4/3 2170/4/3 2275/4/3
f 2277/6/3 2167/6/3 2276/6/3
f 2278/6/3 2165/6/3 2167/6/3
f 2278/6/3 2167/6/3 2277/6/3
f 2279/4/3 2248/4/3 2162/4/3
f 2280/6/3 2165/6/3 2278/6/3
f 2281/6/3 2162/6/3 2165/6/3
f 2281/6/3 2165/6/3 2280/6/3
f 2282/6/3 2162/6/3 2281/6/3
f 2283/4/3 2279/4/3 2162/4/3
f 2283/6/3 2162/6/3 2282/6/3
f 2284/4/3 2279/4/3 2283/4/3
f 2285/4/3 2284/4/3 2283/4/3
f 2286/4/3 2284/4/3 2285/4/3
f 2290/4/3 2288/4/3 2287/4/3
f 2291/4/3 2288/4/3 2290/4/3
f 2293/6/3 2290/6/3 2289/6/3
f 2295/6/3 2293/6/3 2292/6/3
f 2296/4/3 2291/4/3 2290/4/3
f 2298/6/3 2295/6/3 2294/6/3
f 2324/4/3 2298/4/3 2297/4/3
f 2325/4/3 2296/4/3 2290/4/3
f 2326/4/3 2325/4/3 2290/4/3
f 2327/2/3 2300/2/3 2299/2/3
f 2328/2/3 2302/2/3 2301/2/3
f 2329/2/3 2302/2/3 2328/2/3
f 2330/2/3 2304/2/3 2303/2/3
f 2331/2/3 2304/2/3 2330/2/3
f 2332/2/3 2306/2/3 2305/2/3
f 2333/2/3 2306/2/3 2332/2/3
f 2334/2/3 2308/2/3 2307/2/3
f 2335/2/3 2308/2/3 2334/2/3
f 2336/2/3 2310/2/3 2309/2/3
f 2337/2/3 2310/2/3 2336/2/3
f 2338/2/3 2312/2/3 2311/2/3
f 2339/2/3 2312/2/3 2338/2/3
f 2340/2/3 2314/2/3 2313/2/3
f 2341/2/3 2314/2/3 2340/2/3
f 2342/2/3 2316/2/3 2315/2/3
f 2343/2/3 2316/2/3 2342/2/3
f 2344/2/3 2318/2/3 2317/2/3
f 2345/2/3 2318/2/3 2344/2/3
f 2346/2/3 2320/2/3 2319/2/3
f 2347/2/3 2320/2/3 2346/2/3
f 2348/2/3 2322/2/3 2321/2/3
f 2349/2/3 2322/2/3 2348/2/3
f 2350/2/3 2324/2/3 2323/2/3
f 2351/2/3 2327/2/3 2299/2/3
f 2351/2/3 2328/2/3 2327/2/3
f 2352/2/3 2328/2/3 2351/2/3
f 2353/2/3 2331/2/3 2330/2/3
f 2353/2/3 2330/2/3 2329/2/3
f 2353/2/3 2332/2/3 2331/2/3
f 2354/2/3 2332/2/3 2353/2/3
f 2355/2/3 2332/2/3 2354/2/3
f 2356/2/3 2332/2/3 2355/2/3
f 2357/2/3 2335/2/3 2334/2/3
f 2357/2/3 2334/2/3 2333/2/3
f 2357/2/3 2336/2/3 2335/2/3
f 2358/2/3 2336/2/3 2357/2/3
f 2359/2/3 2336/2/3 2358/2/3
f 2360/2/3 2336/2/3 2359/2/3
f 2361/2/3 2339/2/3 2338/2/3
f 2361/2/3 2338/2/3 2337/2/3
f 2361/2/3 2340/2/3 2339/2/3
f 2362/2/3 2340/2/3 2361/2/3
f 2363/2/3 2340/2/3 2362/2/3
f 2364/2/3 2340/2/3 2363/2/3
f 2365/2/3 2343/2/3 2342/2/3
f 2365/2/3 2344/2/3 2343/2/3
f 2365/2/3 2342/2/3 2341/2/3
f 2366/2/3 2344/2/3 2365/2/3
f 2367/2/3 2344/2/3 2366/2/3
f 2368/2/3 2344/2/3 2367/2/3
f 2369/2/3 2347/2/3 2346/2/3
f 2369/2/3 2348/2/3 2347/2/3
f 2369/2/3 2346/2/3 2345/2/3
f 2370/2/3 2348/2/3 2369/2/3
f 2371/2/3 2348/2/3 2370/2/3
f 2372/2/3 2348/2/3 2371/2/3
f 2373/2/3 2350/2/3 2349/2/3
f 2374/2/3 2324/2/3 2350/2/3
f 2374/2/3 2350/2/3 2373/2/3
f 2375/4/3 2326/4/3 2290/4/3
f 2376/4/3 2375/4/3 2290/4/3
f 2377/2/3 2351/2/3 2299/2/3
f 2378/2/3 2351/2/3 2377/2/3
f 2379/2/3 2353/2/3 2352/2/3
f 2380/2/3 2353/2/3 2379/2/3
f 2381/2/3 2355/2/3 2354/2/3
f 2382/2/3 2355/2/3 2381/2/3
f 2383/2/3 2357/2/3 2356/2/3
f 2384/2/3 2357/2/3 2383/2/3
f 2385/2/3 2359/2/3 2358/2/3
f 2386/2/3 2359/2/3 2385/2/3
f 2387/2/3 2361/2/3 2360/2/3
f 2388/2/3 2361/2/3 2387/2/3
f 2389/2/3 2363/2/3 2362/2/3
f 2390/2/3 2363/2/3 2389/2/3
f 2391/2/3 2365/2/3 2364/2/3
f 2392/2/3 2365/2/3 2391/2/3
f 2393/2/3 2367/2/3 2366/2/3
f 2394/2/3 2367/2/3 2393/2/3
f 2395/2/3 2369/2/3 2368/2/3
f 2396/2/3 2369/2/3 2395/2/3
f 2397/2/3 2371/2/3 2370/2/3
f 2398/2/3 2371/2/3 2397/2/3
f 2399/2/3 2373/2/3 2372/2/3
f 2400/2/3 2373/2/3 2399/2/3
f 2401/2/3 2324/2/3 2374/2/3
f 2402/4/3 2298/4/3 2324/4/3
f 2402/2/3 2324/2/3 2401/2/3
f 2403/4/3 2298/4/3 2402/4/3
f 2404/6/3 2295/6/3 2298/6/3
f 2404/4/3 2298/4/3 2403/4/3
f 2405/6/3 2295/6/3 2404/6/3
f 2406/6/3 2293/6/3 2295/6/3
f 2406/6/3 2295/6/3 2405/6/3
f 2407/4/3 2376/4/3 2290/4/3
f 2408/6/3 2293/6/3 2406/6/3
f 2409/6/3 2290/6/3 2293/6/3
f 2409/6/3 2293/6/3 2408/6/3
f 2410/6/3 2290/6/3 2409/6/3
f 2411/4/3 2407/4/3 2290/4/3
f 2411/6/3 2290/6/3 2410/6/3
f 2412/4/3 2407/4/3 2411/4/3
f 2413/4/3 2412/4/3 2411/4/3
f 2414/4/3 2412/4/3 2413/4/3
f 2420/3/3 2418/3/3 2417/3/3
f 2421/3/3 2418/3/3 2420/3/3
f 2423/3/3 2420/3/3 2419/3/3
f 2423/3/3 2422/3/3 2421/3/3
f 2423/3/3 2421/3/3 2420/3/3
f 2424/3/3 2422/3/3 2423/3/3
f 2425/3/3 2422/3/3 2424/3/3
f 2426/3/3 2422/3/3 2425/3/3
f 2427/3/3 2425/3/3 2424/3/3
f 2428/3/3 2425/3/3 2427/3/3
f 2456/3/3 2454/3/3 2453/3/3
f 2457/3/3 2454/3/3 2456/3/3
f 2459/3/3 2457/3/3 2456/3/3
f 2459/3/3 2458/3/3 2457/3/3
f 2459/3/3 2456/3/3 2455/3/3
f 2460/3/3 2458/3/3 2459/3/3
f 2461/3/3 2458/3/3 2460/3/3
f 2462/3/3 2458/3/3 2461/3/3
f 2463/3/3 2430/3/3 2429/3/3
f 2464/3/3 2430/3/3 2463/3/3
f 2465/3/3 2432/3/3 2431/3/3
f 2466/3/3 2432/3/3 2465/3/3
f 2467/3/3 2434/3/3 2433/3/3
f 2468/3/3 2434/3/3 2467/3/3
f 2469/3/3 2436/3/3 2435/3/3
f 2470/3/3 2436/3/3 2469/3/3
f 2471/3/3 2438/3/3 2437/3/3
f 2472/3/3 2438/3/3 2471/3/3
f 2473/3/3 2440/3/3 2439/3/3
f 2474/3/3 2440/3/3 2473/3/3
f 2475/3/3 2442/3/3 2441/3/3
f 2476/3/3 2442/3/3 2475/3/3
f 2477/3/3 2444/3/3 2443/3/3
f 2478/3/3 2444/3/3 2477/3/3
f 2479/3/3 2446/3/3 2445/3/3
f 2480/3/3 2446/3/3 2479/3/3
f 2481/3/3 2448/3/3 2447/3/3
f 2482/3/3 2448/3/3 2481/3/3
f 2483/3/3 2450/3/3 2449/3/3
f 2484/3/3 2450/3/3 2483/3/3
f 2485/3/3 2452/3/3 2451/3/3
f 2486/3/3 2452/3/3 2485/3/3
f 2487/3/3 2461/3/3 2460/3/3
f 2488/3/3 2461/3/3 2487/3/3
f 2490/3/3 2465/3/3 2464/3/3
f 2491/3/3 2465/3/3 2490/3/3
f 2494/3/3 2469/3/3 2468/3/3
f 2495/3/3 2469/3/3 2494/3/3
f 2498/3/3 2473/3/3 2472/3/3
f 2499/3/3 2473/3/3 2498/3/3
f 2502/3/3 2477/3/3 2476/3/3
f 2503/3/3 2477/3/3 2502/3/3
f 2506/3/3 2481/3/3 2480/3/3
f 2507/3/3 2481/3/3 2506/3/3
f 2510/3/3 2485/3/3 2484/3/3
f 2511/3/3 2485/3/3 2510/3/3
f 2516/3/3 2514/3/3 2513/3/3
f 2517/3/3 2514/3/3 2516/3/3
f 2519/3/3 2517/3/3 2516/3/3
f 2519/3/3 2518/3/3 2517/3/3
f 2519/3/3 2516/3/3 2515/3/3
f 2520/3/3 2518/3/3 2519/3/3
f 2521/3/3 2518/3/3 2520/3/3
f 2522/3/3 2518/3/3 2521/3/3
f 2523/3/3 2490/3/3 2489/3/3
f 2524/3/3 2490/3/3 2523/3/3
f 2525/3/3 2492/3/3 2491/3/3
f 2526/3/3 2492/3/3 2525/3/3
f 2527/3/3 2494/3/3 2493/3/3
f 2528/3/3 2494/3/3 2527/3/3
f 2529/3/3 2496/3/3 2495/3/3
f 2530/3/3 2496/3/3 2529/3/3
f 2531/3/3 2498/3/3 2497/3/3
f 2532/3/3 2498/3/3 2531/3/3
f 2533/3/3 2500/3/3 2499/3/3
f 2534/3/3 2500/3/3 2533/3/3
f 2535/3/3 2502/3/3 2501/3/3
f 2536/3/3 2502/3/3 2535/3/3
f 2537/3/3 2504/3/3 2503/3/3
f 2538/3/3 2504/3/3 2537/3/3
f 2539/3/3 2506/3/3 2505/3/3
f 2540/3/3 2506/3/3 2539/3/3
f 2541/3/3 2508/3/3 2507/3/3
f 2542/3/3 2508/3/3 2541/3/3
f 2543/3/3 2510/3/3 2509/3/3
f 2544/3/3 2510/3/3 2543/3/3
f 2545/3/3 2512/3/3 2511/3/3
f 2546/3/3 2512/3/3 2545/3/3
f 2547/3/3 2521/3/3 2520/3/3
f 2548/3/3 2521/3/3 2547/3/3
f 2552/3/3 2550/3/3 2549/3/3
f 2553/3/3 2550/3/3 2552/3/3
f 2555/3/3 2553/3/3 2552/3/3
f 2555/3/3 2554/3/3 2553/3/3
f 2555/3/3 2552/3/3 2551/3/3
f 2556/3/3 2554/3/3 2555/3/3
f 2557/3/3 2554/3/3 2556/3/3
f 2558/3/3 2554/3/3 2557/3/3
f 2559/3/3 2557/3/3 2556/3/3
f 2560/3/3 2557/3/3 2559/3/3
f 2561/3/3 2416/3/3 2415/3/3
f 2562/3/3 2416/3/3 2561/3/3
f 2568/3/3 2566/3/3 2565/3/3
f 2569/3/3 2566/3/3 2568/3/3
f 2571/3/3 2568/3/3 2567/3/3
f 2571/3/3 2570/3/3 2569/3/3
f 2571/3/3 2569/3/3 2568/3/3
f 2572/3/3 2570/3/3 2571/3/3
f 2573/3/3 2570/3/3 2572/3/3
f 2574/3/3 2570/3/3 2573/3/3
f 2575/3/3 2573/3/3 2572/3/3
f 2576/3/3 2573/3/3 2575/3/3
f 2604/3/3 2602/3/3 2601/3/3
f 2605/3/3 2602/3/3 2604/3/3
f 2607/3/3 2605/3/3 2604/3/3
f 2607/3/3 2606/3/3 2605/3/3
f 2607/3/3 2604/3/3 2603/3/3
f 2608/3/3 2606/3/3 2607/3/3
f 2609/3/3 2606/3/3 2608/3/3
f 2610/3/3 2606/3/3 2609/3/3
f 2611/3/3 2578/3/3 2577/3/3
f 2612/3/3 2578/3/3 2611/3/3
f 2613/3/3 2580/3/3 2579/3/3
f 2614/3/3 2580/3/3 2613/3/3
f 2615/3/3 2582/3/3 2581/3/3
f 2616/3/3 2582/3/3 2615/3/3
f 2617/3/3 2584/3/3 2583/3/3
f 2618/3/3 2584/3/3 2617/3/3
f 2619/3/3 2586/3/3 2585/3/3
f 2620/3/3 2586/3/3 2619/3/3
f 2621/3/3 2588/3/3 2587/3/3
f 2622/3/3 2588/3/3 2621/3/3
f 2623/3/3 2590/3/3 2589/3/3
f 2624/3/3 2590/3/3 2623/3/3
f 2625/3/3 2592/3/3 2591/3/3
f 2626/3/3 2592/3/3 2625/3/3
f 2627/3/3 2594/3/3 2593/3/3
f 2628/3/3 2594/3/3 2627/3/3
f 2629/3/3 2596/3/3 2595/3/3
f 2630/3/3 2596/3/3 2629/3/3
f 2631/3/3 2598/3/3 2597/3/3
f 2632/3/3 2598/3/3 2631/3/3
f 2633/3/3 2600/3/3 2599/3/3
f 2634/3/3 2600/3/3 2633/3/3
f 2635/3/3 2609/3/3 2608/3/3
f 2636/3/3 2609/3/3 2635/3/3
f 2638/3/3 2613/3/3 2612/3/3
f 2639/3/3 2613/3/3 2638/3/3
f 2642/3/3 2617/3/3 2616/3/3
f 2643/3/3 2617/3/3 2642/3/3
f 2646/3/3 2621/3/3 2620/3/3
f 2647/3/3 2621/3/3 2646/3/3
f 2650/3/3 2625/3/3 2624/3/3
f 2651/3/3 2625/3/3 2650/3/3
f 2654/3/3 2629/3/3 2628/3/3
f 2655/3/3 2629/3/3 2654/3/3
f 2658/3/3 2633/3/3 2632/3/3
f 2659/3/3 2633/3/3 2658/3/3
f 2664/3/3 2662/3/3 2661/3/3
f 2665/3/3 2662/3/3 2664/3/3
f 2667/3/3 2665/3/3 2664/3/3
f 2667/3/3 2666/3/3 2665/3/3
f 2667/3/3 2664/3/3 2663/3/3
f 2668/3/3 2666/3/3 2667/3/3
f 2669/3/3 2666/3/3 2668/3/3
f 2670/3/3 2666/3/3 2669/3/3
f 2671/3/3 2638/3/3 2637/3/3
f 2672/3/3 2638/3/3 2671/3/3
f 2673/3/3 2640/3/3 2639/3/3
f 2674/3/3 2640/3/3 2673/3/3
f 2675/3/3 2642/3/3 2641/3/3
f 2676/3/3 2642/3/3 2675/3/3
f 2677/3/3 2644/3/3 2643/3/3
f 2678/3/3 2644/3/3 2677/3/3
f 2679/3/3 2646/3/3 2645/3/3
f 2680/3/3 2646/3/3 2679/3/3
f 2681/3/3 2648/3/3 2647/3/3
f 2682/3/3 2648/3/3 2681/3/3
f 2683/3/3 2650/3/3 2649/3/3
f 2684/3/3 2650/3/3 2683/3/3
f 2685/3/3 2652/3/3 2651/3/3
f 2686/3/3 2652/3/3 2685/3/3
f 2687/3/3 2654/3/3 2653/3/3
f 2688/3/3 2654/3/3 2687/3/3
f 2689/3/3 2656/3/3 2655/3/3
f 2690/3/3 2656/3/3 2689/3/3
f 2691/3/3 2658/3/3 2657/3/3
f 2692/3/3 2658/3/3 2691/3/3
f 2693/3/3 2660/3/3 2659/3/3
f 2694/3/3 2660/3/3 2693/3/3
f 2695/3/3 2669/3/3 2668/3/3
f 2696/3/3 2669/3/3 2695/3/3
f 2700/3/3 2698/3/3 2697/3/3
f 2701/3/3 2698/3/3 2700/3/3
f 2703/3/3 2701/3/3 2700/3/3
f 2703/3/3 2702/3/3 2701/3/3
f 2703/3/3 2700/3/3 2699/3/3
f 2704/3/3 2702/3/3 2703/3/3
f 2705/3/3 2702/3/3 2704/3/3
f 2706/3/3 2702/3/3 2705/3/3
f 2707/3/3 2705/3/3 2704/3/3
f 2708/3/3 2705/3/3 2707/3/3
f 2709/3/3 2564/3/3 2563/3/3
f 2710/3/3 2564/3/3 2709/3/3
f 2716/3/3 2714/3/3 2713/3/3
f 2717/3/3 2714/3/3 2716/3/3
f 2719/3/3 2716/3/3 2715/3/3
f 2719/3/3 2718/3/3 2717/3/3
f 2719/3/3 2717/3/3 2716/3/3
f 2720/3/3 2718/3/3 2719/3/3
f 2721/3/3 2718/3/3 2720/3/3
f 2722/3/3 2718/3/3 2721/3/3
f 2723/3/3 2721/3/3 2720/3/3
f 2724/3/3 2721/3/3 2723/3/3
f 2752/3/3 2750/3/3 2749/3/3
f 2753/3/3 2750/3/3 2752/3/3
f 2755/3/3 2753/3/3 2752/3/3
f 2755/3/3 2754/3/3 2753/3/3
f 2755/3/3 2752/3/3 2751/3/3
f 2756/3/3 2754/3/3 2755/3/3
f 2757/3/3 2754/3/3 2756/3/3
f 2758/3/3 2754/3/3 2757/3/3
f 2759/3/3 2726/3/3 2725/3/3
f 2760/3/3 2726/3/3 2759/3/3
f 2761/3/3 2728/3/3 2727/3/3
f 2762/3/3 2728/3/3 2761/3/3
f 2763/3/3 2730/3/3 2729/3/3
f 2764/3/3 2730/3/3 2763/3/3
f 2765/3/3 2732/3/3 2731/3/3
f 2766/3/3 2732/3/3 2765/3/3
f 2767/3/3 2734/3/3 2733/3/3
f 2768/3/3 2734/3/3 2767/3/3
f 2769/3/3 2736/3/3 2735/3/3
f 2770/3/3 2736/3/3 2769/3/3
f 2771/3/3 2738/3/3 2737/3/3
f 2772/3/3 2738/3/3 2771/3/3
f 2773/3/3 2740/3/3 2739/3/3
f 2774/3/3 2740/3/3 2773/3/3
f 2775/3/3 2742/3/3 2741/3/3
f 2776/3/3 2742/3/3 2775/3/3
f 2777/3/3 2744/3/3 2743/3/3
f 2778/3/3 2744/3/3 2777/3/3
f 2779/3/3 2746/3/3 2745/3/3
f 2780/3/3 2746/3/3 2779/3/3
f 2781/3/3 2748/3/3 2747/3/3
f 2782/3/3 2748/3/3 2781/3/3
f 2783/3/3 2757/3/3 2756/3/3
f 2784/3/3 2757/3/3 2783/3/3
f 2786/3/3 2761/3/3 2760/3/3
f 2787/3/3 2761/3/3 2786/3/3
f 2790/3/3 2765/3/3 2764/3/3
f 2791/3/3 2765/3/3 2790/3/3
f 2794/3/3 2769/3/3 2768/3/3
f 2795/3/3 2769/3/3 2794/3/3
f 2798/3/3 2773/3/3 2772/3/3
f 2799/3/3 2773/3/3 2798/3/3
f 2802/3/3 2777/3/3 2776/3/3
f 2803/3/3 2777/3/3 2802/3/3
f 2806/3/3 2781/3/3 2780/3/3
f 2807/3/3 2781/3/3 2806/3/3
f 2812/3/3 2810/3/3 2809/3/3
f 2813/3/3 2810/3/3 2812/3/3
f 2815/3/3 2813/3/3 2812/3/3
f 2815/3/3 2814/3/3 2813/3/3
f 2815/3/3 2812/3/3 2811/3/3
f 2816/3/3 2814/3/3 2815/3/3
f 2817/3/3 2814/3/3 2816/3/3
f 2818/3/3 2814/3/3 2817/3/3
f 2819/3/3 2786/3/3 2785/3/3
f 2820/3/3 2786/3/3 2819/3/3
f 2821/3/3 2788/3/3 2787/3/3
f 2822/3/3 2788/3/3 2821/3/3
f 2823/3/3 2790/3/3 2789/3/3
f 2824/3/3 2790/3/3 2823/3/3
f 2825/3/3 2792/3/3 2791/3/3
f 2826/3/3 2792/3/3 2825/3/3
f 2827/3/3 2794/3/3 2793/3/3
f 2828/3/3 2794/3/3 2827/3/3
f 2829/3/3 2796/3/3 2795/3/3
f 2830/3/3 2796/3/3 2829/3/3
f 2831/3/3 2798/3/3 2797/3/3
f 2832/3/3 2798/3/3 2831/3/3
f 2833/3/3 2800/3/3 2799/3/3
f 2834/3/3 2800/3/3 2833/3/3
f 2835/3/3 2802/3/3 2801/3/3
f 2836/3/3 2802/3/3 2835/3/3
f 2837/3/3 2804/3/3 2803/3/3
f 2838/3/3 2804/3/3 2837/3/3
f 2839/3/3 2806/3/3 2805/3/3
f 2840/3/3 2806/3/3 2839/3/3
f 2841/3/3 2808/3/3 2807/3/3
f 2842/3/3 2808/3/3 2841/3/3
f 2843/3/3 2817/3/3 2816/3/3
f 2844/3/3 2817/3/3 2843/3/3
f 2848/3/3 2846/3/3 2845/3/3
f 2849/3/3 2846/3/3 2848/3/3
f 2851/3/3 2849/3/3 2848/3/3
f 2851/3/3 2850/3/3 2849/3/3
f 2851/3/3 2848/3/3 2847/3/3
f 2852/3/3 2850/3/3 2851/3/3
f 2853/3/3 2850/3/3 2852/3/3
f 2854/3/3 2850/3/3 2853/3/3
f 2855/3/3 2853/3/3 2852/3/3
f 2856/3/3 2853/3/3 2855/3/3
f 2857/3/3 2712/3/3 2711/3/3
f 2858/3/3 2712/3/3 2857/3/3
f 2862/7/3 2860/7/3 2859/7/3
f 2863/7/3 2860/7/3 2862/7/3
f 2866/7/3 2862/7/3 2861/7/3
f 2867/8/3 2863/8/3 2862/8/3
f 2867/7/3 2862/7/3 2866/7/3
f 2868/8/3 2863/8/3 2867/8/3
f 2869/8/3 2863/8/3 2868/8/3
f 2870/8/3 2863/8/3 2869/8/3
f 2871/8/3 2863/8/3 2870/8/3
f 2872/8/3 2863/8/3 2871/8/3
f 2873/8/3 2863/8/3 2872/8/3
f 2874/7/3 2864/7/3 2863/7/3
f 2874/8/3 2863/8/3 2873/8/3
f 2875/7/3 2864/7/3 2874/7/3
f 2878/7/3 2866/7/3 2865/7/3
f 2879/8/3 2867/8/3 2866/8/3
f 2879/7/3 2866/7/3 2878/7/3
f 2880/8/3 2867/8/3 2879/8/3
f 2881/8/3 2875/8/3 2874/8/3
f 2882/7/3 2876/7/3 2875/7/3
f 2882/8/3 2875/8/3 2881/8/3
f 2883/7/3 2876/7/3 2882/7/3
f 2885/8/3 2883/8/3 2882/8/3
f 2886/7/3 2884/7/3 2883/7/3
f 2886/8/3 2883/8/3 2885/8/3
f 2887/7/3 2884/7/3 2886/7/3
f 2889/8/3 2887/8/3 2886/8/3
f 2890/7/3 2888/7/3 2887/7/3
f 2890/8/3 2887/8/3 2889/8/3
f 2891/7/3 2888/7/3 2890/7/3
f 2893/8/3 2879/8/3 2878/8/3
f 2894/8/3 2869/8/3 2868/8/3
f 2895/8/3 2869/8/3 2894/8/3
f 2896/8/3 2871/8/3 2870/8/3
f 2897/8/3 2871/8/3 2896/8/3
f 2898/8/3 2873/8/3 2872/8/3
f 2899/8/3 2873/8/3 2898/8/3
f 2900/8/3 2891/8/3 2890/8/3
f 2901/7/3 2892/7/3 2891/7/3
f 2901/8/3 2891/8/3 2900/8/3
f 2902/7/3 2892/7/3 2901/7/3
f 2904/8/3 2897/8/3 2896/8/3
f 2904/8/3 2895/8/3 2894/8/3
f 2904/8/3 2902/8/3 2901/8/3
f 2904/8/3 2901/8/3 2900/8/3
f 2904/8/3 2893/8/3 2878/8/3
f 2904/8/3 2898/8/3 2897/8/3
f 2904/8/3 2900/8/3 2899/8/3
f 2904/8/3 2896/8/3 2895/8/3
f 2904/8/3 2899/8/3 2898/8/3
f 2904/8/3 2894/8/3 2893/8/3
f 2905/8/3 2902/8/3 2904/8/3
f 2906/8/3 2902/8/3 2905/8/3
f 2907/8/3 2902/8/3 2906/8/3
f 2908/8/3 2902/8/3 2907/8/3
f 2909/8/3 2902/8/3 2908/8/3
f 2910/8/3 2902/8/3 2909/8/3
f 2911/8/3 2902/8/3 2910/8/3
f 2912/8/3 2902/8/3 2911/8/3
f 2913/7/3 2903/7/3 2902/7/3
f 2913/8/3 2902/8/3 2912/8/3
f 2914/7/3 2903/7/3 2913/7/3
f 2916/8/3 2912/8/3 2911/8/3
f 2917/7/3 2913/7/3 2912/7/3
f 2917/8/3 2912/8/3 2916/8/3
f 2918/7/3 2913/7/3 2917/7/3
f 2920/8/3 2916/8/3 2915/8/3
f 2921/7/3 2917/7/3 2916/7/3
f 2921/8/3 2916/8/3 2920/8/3
f 2922/7/3 2917/7/3 2921/7/3
f 2923/7/3 2878/7/3 2877/7/3
f 2924/8/3 2904/8/3 2878/8/3
f 2924/7/3 2878/7/3 2923/7/3
f 2925/8/3 2904/8/3 2924/8/3
f 2928/8/3 2920/8/3 2919/8/3
f 2929/7/3 2921/7/3 2920/7/3
f 2929/8/3 2920/8/3 2928/8/3
f 2930/7/3 2921/7/3 2929/7/3
f 2931/7/3 2925/7/3 2924/7/3
f 2932/8/3 2926/8/3 2925/8/3
f 2932/7/3 2925/7/3 2931/7/3
f 2933/8/3 2926/8/3 2932/8/3
f 2934/8/3 2906/8/3 2905/8/3
f 2935/8/3 2906/8/3 2934/8/3
f 2936/8/3 2908/8/3 2907/8/3
f 2937/8/3 2908/8/3 2936/8/3
f 2938/8/3 2910/8/3 2909/8/3
f 2939/8/3 2910/8/3 2938/8/3
f 2940/8/3 2928/8/3 2927/8/3
f 2941/7/3 2929/7/3 2928/7/3
f 2941/8/3 2928/8/3 2940/8/3
f 2942/7/3 2929/7/3 2941/7/3
f 2943/7/3 2933/7/3 2932/7/3
f 2944/8/3 2937/8/3 2936/8/3
f 2944/7/3 2933/7/3 2943/7/3
f 2944/8/3 2935/8/3 2934/8/3
f 2944/8/3 2939/8/3 2938/8/3
f 2944/8/3 2938/8/3 2937/8/3
f 2944/8/3 2940/8/3 2939/8/3
f 2944/8/3 2936/8/3 2935/8/3
f 2944/8/3 2934/8/3 2933/8/3
f 2945/7/3 2941/7/3 2940/7/3
f 2945/8/3 2940/8/3 2944/8/3
f 2946/7/3 2941/7/3 2945/7/3
f 2947/7/3 2945/7/3 2944/7/3
f 2948/7/3 2945/7/3 2947/7/3
f 2952/7/3 2950/7/3 2949/7/3
f 2953/7/3 2950/7/3 2952/7/3
f 2956/7/3 2952/7/3 2951/7/3
f 2957/8/3 2953/8/3 2952/8/3
f 2957/7/3 2952/7/3 2956/7/3
f 2958/8/3 2953/8/3 2957/8/3
f 2959/8/3 2953/8/3 2958/8/3
f 2960/8/3 2953/8/3 2959/8/3
f 2961/8/3 2953/8/3 2960/8/3
f 2962/8/3 2953/8/3 2961/8/3
f 2963/8/3 2953/8/3 2962/8/3
f 2964/7/3 2954/7/3 2953/7/3
f 2964/8/3 2953/8/3 2963/8/3
f 2965/7/3 2954/7/3 2964/7/3
f 2968/7/3 2956/7/3 2955/7/3
f 2969/8/3 2957/8/3 2956/8/3
f 2969/7/3 2956/7/3 2968/7/3
f 2970/8/3 2957/8/3 2969/8/3
f 2971/8/3 2965/8/3 2964/8/3
f 2972/7/3 2966/7/3 2965/7/3
f 2972/8/3 2965/8/3 2971/8/3
f 2973/7/3 2966/7/3 2972/7/3
f 2975/8/3 2973/8/3 2972/8/3
f 2976/7/3 2974/7/3 2973/7/3
f 2976/8/3 2973/8/3 2975/8/3
f 2977/7/3 2974/7/3 2976/7/3
f 2979/8/3 2977/8/3 2976/8/3
f 2980/7/3 2978/7/3 2977/7/3
f 2980/8/3 2977/8/3 2979/8/3
f 2981/7/3 2978/7/3 2980/7/3
f 2983/8/3 2969/8/3 2968/8/3
f 2984/8/3 2959/8/3 2958/8/3
f 2985/8/3 2959/8/3 2984/8/3
f 2986/8/3 2961/8/3 2960/8/3
f 2987/8/3 2961/8/3 2986/8/3
f 2988/8/3 2963/8/3 2962/8/3
f 2989/8/3 2963/8/3 2988/8/3
f 2990/8/3 2981/8/3 2980/8/3
f 2991/7/3 2982/7/3 2981/7/3
f 2991/8/3 2981/8/3 2990/8/3
f 2992/7/3 2982/7/3 2991/7/3
f 2994/8/3 2989/8/3 2988/8/3
f 2994/8/3 2992/8/3 2991/8/3
f 2994/8/3 2991/8/3 2990/8/3
f 2994/8/3 2990/8/3 2989/8/3
f 2994/8/3 2988/8/3 2987/8/3
f 2994/8/3 2985/8/3 2984/8/3
f 2994/8/3 2986/8/3 2985/8/3
f 2994/8/3 2987/8/3 2986/8/3
f 2994/8/3 2984/8/3 2983/8/3
f 2994/8/3 2983/8/3 2968/8/3
f 2995/8/3 2992/8/3 2994/8/3
f 2996/8/3 2992/8/3 2995/8/3
f 2997/8/3 2992/8/3 2996/8/3
f 2998/8/3 2992/8/3 2997/8/3
f 2999/8/3 2992/8/3 2998/8/3
f 3000/8/3 2992/8/3 2999/8/3
f 3001/8/3 2992/8/3 3000/8/3
f 3002/8/3 2992/8/3 3001/8/3
f 3003/7/3 2993/7/3 2992/7/3
f 3003/8/3 2992/8/3 3002/8/3
f 3004/7/3 2993/7/3 3003/7/3
f 3006/8/3 3002/8/3 3001/8/3
f 3007/7/3 3003/7/3 3002/7/3
f 3007/8/3 3002/8/3 3006/8/3
f 3008/7/3 3003/7/3 3007/7/3
f 3010/8/3 3006/8/3 3005/8/3
f 3011/7/3 3007/7/3 3006/7/3
f 3011/8/3 3006/8/3 3010/8/3
f 3012/7/3 3007/7/3 3011/7/3
f 3013/7/3 2968/7/3 2967/7/3
f 3014/8/3 2994/8/3 2968/8/3
f 3014/7/3 2968/7/3 3013/7/3
f 3015/8/3 2994/8/3 3014/8/3
f 3018/8/3 3010/8/3 3009/8/3
f 3019/7/3 3011/7/3 3010/7/3
f 3019/8/3 3010/8/3 3018/8/3
f 3020/7/3 3011/7/3 3019/7/3
f 3021/7/3 3015/7/3 3014/7/3
f 3022/8/3 3016/8/3 3015/8/3
f 3022/7/3 3015/7/3 3021/7/3
f 3023/8/3 3016/8/3 3022/8/3
f 3024/8/3 2996/8/3 2995/8/3
f 3025/8/3 2996/8/3 3024/8/3
f 3026/8/3 2998/8/3 2997/8/3
f 3027/8/3 2998/8/3 3026/8/3
f 3028/8/3 3000/8/3 2999/8/3
f 3029/8/3 3000/8/3 3028/8/3
f 3030/8/3 3018/8/3 3017/8/3
f 3031/7/3 3019/7/3 3018/7/3
f 3031/8/3 3018/8/3 3030/8/3
f 3032/7/3 3019/7/3 3031/7/3
f 3033/7/3 3023/7/3 3022/7/3
f 3034/8/3 3027/8/3 3026/8/3
f 3034/7/3 3023/7/3 3033/7/3
f 3034/8/3 3025/8/3 3024/8/3
f 3034/8/3 3029/8/3 3028/8/3
f 3034/8/3 3028/8/3 3027/8/3
f 3034/8/3 3030/8/3 3029/8/3
f 3034/8/3 3026/8/3 3025/8/3
f 3034/8/3 3024/8/3 3023/8/3
f 3035/7/3 3031/7/3 3030/7/3
f 3035/8/3 3030/8/3 3034/8/3
f 3036/7/3 3031/7/3 3035/7/3
f 3037/7/3 3035/7/3 3034/7/3
f 3038/7/3 3035/7/3 3037/7/3
f 3041/1/3 3040/1/3 3039/1/3
f 3042/1/3 3040/1/3 3041/1/3
f 3043/1/3 3041/1/3 3039/1/3
f 3044/1/3 3041/1/3 3043/1/3
f 3045/1/3 3043/1/3 3039/1/3
f 3046/1/3 3043/1/3 3045/1/3
f 3047/1/3 3043/1/3 3046/1/3
f 3048/1/3 3045/1/3 3039/1/3
f 3049/1/3 3045/1/3 3048/1/3
f 3050/1/3 3048/1/3 3039/1/3
f 3051/1/3 3048/1/3 3050/1/3
f 3052/1/3 3050/1/3 3039/1/3
f 3053/1/3 3050/1/3 3052/1/3
f 3054/1/3 3052/1/3 3039/1/3
f 3055/1/3 3052/1/3 3054/1/3
f 3056/1/3 3054/1/3 3039/1/3
f 3057/1/3 3054/1/3 3056/1/3
f 3060/1/3 3059/1/3 3058/1/3
f 3062/1/3 3061/1/3 3060/1/3
f 3064/1/3 3063/1/3 3062/1/3
f 3066/1/3 3065/1/3 3064/1/3
f 3068/1/3 3067/1/3 3066/1/3
f 3071/1/3 3068/1/3 3066/1/3
f 3071/1/3 3070/1/3 3069/1/3
f 3071/1/3 3069/1/3 3068/1/3
f 3071/1/3 3060/1/3 3058/1/3
f 3071/1/3 3066/1/3 3064/1/3
f 3071/1/3 3062/1/3 3060/1/3
f 3071/1/3 3064/1/3 3062/1/3
f 3072/1/3 3070/1/3 3071/1/3
f 3073/1/3 3070/1/3 3072/1/3
f 3075/1/3 3071/1/3 3058/1/3
f 3076/1/3 3071/1/3 3075/1/3
f 3077/1/3 3073/1/3 3072/1/3
f 3077/1/3 3074/1/3 3073/1/3
f 3078/1/3 3074/1/3 3077/1/3
f 3079/1/3 3074/1/3 3078/1/3
f 3080/1/3 3040/1/3 3042/1/3
f 3081/1/3 3075/1/3 3058/1/3
f 3082/1/3 3075/1/3 3081/1/3
f 3083/1/3 3079/1/3 3078/1/3
f 3083/1/3 3080/1/3 3079/1/3
f 3084/1/3 3080/1/3 3083/1/3
f 3085/1/3 3081/1/3 3058/1/3
f 3086/1/3 3081/1/3 3085/1/3
f 3087/1/3 3080/1/3 3084/1/3
f 3088/1/3 3080/1/3 3087/1/3
f 3089/1/3 3080/1/3 3088/1/3
f 3090/1/3 3080/1/3 3089/1/3
f 3091/1/3 3080/1/3 3090/1/3
f 3092/1/3 3080/1/3 3091/1/3
f 3093/1/3 3080/1/3 3092/1/3
f 3094/1/3 3080/1/3 3093/1/3
f 3096/1/3 3080/1/3 3094/1/3
f 3098/1/3 3096/1/3 3095/1/3
f 3100/1/3 3098/1/3 3097/1/3
f 3101/1/3 3085/1/3 3058/1/3
f 3104/1/3 3100/1/3 3099/1/3
f 3105/1/3 3102/1/3 3101/1/3
f 3108/1/3 3104/1/3 3103/1/3
f 3109/1/3 3106/1/3 3105/1/3
f 3112/1/3 3108/1/3 3107/1/3
f 3113/1/3 3080/1/3 3096/1/3
f 3113/1/3 3096/1/3 3098/1/3
f 3113/1/3 3108/1/3 3112/1/3
f 3113/1/3 3098/1/3 3100/1/3
f 3113/1/3 3100/1/3 3104/1/3
f 3113/1/3 3104/1/3 3108/1/3
f 3114/1/3 3040/1/3 3080/1/3
f 3114/1/3 3080/1/3 3113/1/3
f 3115/1/3 3110/1/3 3109/1/3
f 3116/1/3 3113/1/3 3112/1/3
f 3116/1/3 3112/1/3 3111/1/3
f 3117/1/3 3113/1/3 3116/1/3
f 3118/1/3 3113/1/3 3117/1/3
f 3119/1/3 3116/1/3 3115/1/3
f 3119/1/3 3117/1/3 3116/1/3
f 3120/1/3 3117/1/3 3119/1/3
f 3121/1/3 3117/1/3 3120/1/3
f 3122/1/3 3119/1/3 3115/1/3
f 3123/1/3 3119/1/3 3122/1/3
f 3124/1/3 3122/1/3 3115/1/3
f 3125/1/3 3122/1/3 3124/1/3
f 3126/1/3 3124/1/3 3115/1/3
f 3127/1/3 3124/1/3 3126/1/3
f 3128/1/3 3126/1/3 3115/1/3
f 3129/1/3 3126/1/3 3128/1/3
f 3130/1/3 3115/1/3 3109/1/3
f 3130/1/3 3105/1/3 3101/1/3
f 3130/1/3 3128/1/3 3115/1/3
f 3130/1/3 3109/1/3 3105/1/3
f 3130/1/3 3101/1/3 3058/1/3
f 3131/1/3 3128/1/3 3130/1/3
f 3134/1/3 3133/1/3 3132/1/3
f 3136/1/3 3135/1/3 3134/1/3
f 3138/1/3 3137/1/3 3136/1/3
f 3140/1/3 3139/1/3 3138/1/3
f 3142/1/3 3141/1/3 3140/1/3
f 3145/1/3 3136/1/3 3134/1/3
f 3145/1/3 3144/1/3 3143/1/3
f 3145/1/3 3143/1/3 3142/1/3
f 3145/1/3 3134/1/3 3132/1/3
f 3145/1/3 3138/1/3 3136/1/3
f 3145/1/3 3140/1/3 3138/1/3
f 3145/1/3 3142/1/3 3140/1/3
f 3146/1/3 3144/1/3 3145/1/3
f 3147/1/3 3144/1/3 3146/1/3
f 3149/1/3 3145/1/3 3132/1/3
f 3150/1/3 3145/1/3 3149/1/3
f 3151/1/3 3147/1/3 3146/1/3
f 3151/1/3 3148/1/3 3147/1/3
f 3152/1/3 3148/1/3 3151/1/3
f 3153/1/3 3148/1/3 3152/1/3
f 3154/1/3 3040/1/3 3114/1/3
f 3155/1/3 3149/1/3 3132/1/3
f 3156/1/3 3149/1/3 3155/1/3
f 3157/1/3 3153/1/3 3152/1/3
f 3157/1/3 3154/1/3 3153/1/3
f 3158/1/3 3154/1/3 3157/1/3
f 3159/1/3 3155/1/3 3132/1/3
f 3160/1/3 3155/1/3 3159/1/3
f 3161/1/3 3154/1/3 3158/1/3
f 3162/1/3 3154/1/3 3161/1/3
f 3163/1/3 3154/1/3 3162/1/3
f 3164/1/3 3154/1/3 3163/1/3
f 3165/1/3 3154/1/3 3164/1/3
f 3166/1/3 3154/1/3 3165/1/3
f 3167/1/3 3154/1/3 3166/1/3
f 3168/1/3 3154/1/3 3167/1/3
f 3170/1/3 3154/1/3 3168/1/3
f 3172/1/3 3170/1/3 3169/1/3
f 3174/1/3 3172/1/3 3171/1/3
f 3175/1/3 3159/1/3 3132/1/3
f 3178/1/3 3174/1/3 3173/1/3
f 3179/1/3 3176/1/3 3175/1/3
f 3182/1/3 3178/1/3 3177/1/3
f 3183/1/3 3180/1/3 3179/1/3
f 3186/1/3 3182/1/3 3181/1/3
f 3187/1/3 3154/1/3 3170/1/3
f 3187/1/3 3170/1/3 3172/1/3
f 3187/1/3 3182/1/3 3186/1/3
f 3187/1/3 3172/1/3 3174/1/3
f 3187/1/3 3174/1/3 3178/1/3
f 3187/1/3 3178/1/3 3182/1/3
f 3188/1/3 3040/1/3 3154/1/3
f 3188/1/3 3154/1/3 3187/1/3
f 3189/1/3 3184/1/3 3183/1/3
f 3190/1/3 3187/1/3 3186/1/3
f 3190/1/3 3186/1/3 3185/1/3
f 3191/1/3 3187/1/3 3190/1/3
f 3192/1/3 3187/1/3 3191/1/3
f 3193/1/3 3190/1/3 3189/1/3
f 3193/1/3 3191/1/3 3190/1/3
f 3194/1/3 3191/1/3 3193/1/3
f 3195/1/3 3191/1/3 3194/1/3
f 3196/1/3 3193/1/3 3189/1/3
f 3197/1/3 3193/1/3 3196/1/3
f 3198/1/3 3196/1/3 3189/1/3
f 3199/1/3 3196/1/3 3198/1/3
f 3200/1/3 3198/1/3 3189/1/3
f 3201/1/3 3198/1/3 3200/1/3
f 3202/1/3 3200/1/3 3189/1/3
f 3203/1/3 3200/1/3 3202/1/3
f 3204/1/3 3189/1/3 3183/1/3
f 3204/1/3 3179/1/3 3175/1/3
f 3204/1/3 3202/1/3 3189/1/3
f 3204/1/3 3183/1/3 3179/1/3
f 3204/1/3 3175/1/3 3132/1/3
f 3205/1/3 3202/1/3 3204/1/3
f 3208/1/3 3207/1/3 3206/1/3
f 3210/1/3 3209/1/3 3208/1/3
f 3212/1/3 3211/1/3 3210/1/3
f 3214/1/3 3213/1/3 3212/1/3
f 3216/1/3 3215/1/3 3214/1/3
f 3219/1/3 3217/1/3 3216/1/3
f 3219/1/3 3218/1/3 3217/1/3
f 3221/1/3 3220/1/3 3219/1/3
f 3222/1/3 3040/1/3 3188/1/3
f 3223/1/3 3210/1/3 3208/1/3
f 3223/1/3 3222/1/3 3221/1/3
f 3223/1/3 3221/1/3 3219/1/3
f 3223/1/3 3212/1/3 3210/1/3
f 3223/1/3 3214/1/3 3212/1/3
f 3223/1/3 3219/1/3 3216/1/3
f 3223/1/3 3208/1/3 3206/1/3
f 3223/1/3 3216/1/3 3214/1/3
f 3224/1/3 3040/1/3 3222/1/3
f 3224/1/3 3222/1/3 3223/1/3
f 3225/8/4 3226/8/4 3232/8/4
f 3232/8/4 3226/8/4 3233/8/4
f 3227/8/4 3228/8/4 3234/8/4
f 3234/8/4 3228/8/4 3235/8/4
f 3229/8/4 3230/8/4 3236/8/4
f 3236/8/4 3230/8/4 3237/8/4
f 3234/8/4 3235/8/4 3240/8/4
f 3238/8/4 3239/8/4 3240/8/4
f 3237/8/4 3238/8/4 3240/8/4
f 3236/8/4 3237/8/4 3240/8/4
f 3235/8/4 3236/8/4 3240/8/4
f 3232/8/4 3233/8/4 3240/8/4
f 3233/8/4 3234/8/4 3240/8/4
f 3231/8/4 3232/8/4 3240/8/4
f 3240/8/4 3239/8/4 3241/8/4
f 3241/8/4 3239/8/4 3242/8/4
f 3242/8/4 3239/8/4 3243/8/4
f 3243/8/4 3239/8/4 3244/8/4
f 3244/8/4 3239/8/4 3245/8/4
f 3245/8/4 3239/8/4 3246/8/4
f 3246/8/4 3239/8/4 3247/8/4
f 3247/8/4 3239/8/4 3248/8/4
f 3241/8/4 3242/8/4 3249/8/4
f 3249/8/4 3242/8/4 3250/8/4
f 3243/8/4 3244/8/4 3251/8/4
f 3251/8/4 3244/8/4 3252/8/4
f 3245/8/4 3246/8/4 3253/8/4
f 3253/8/4 3246/8/4 3254/8/4
f 3255/8/4 3256/8/4 3262/8/4
f 3262/8/4 3256/8/4 3263/8/4
f 3257/8/4 3258/8/4 3264/8/4
f 3264/8/4 3258/8/4 3265/8/4
f 3259/8/4 3260/8/4 3266/8/4
f 3266/8/4 3260/8/4 3267/8/4
f 3266/8/4 3267/8/4 3270/8/4
f 3268/8/4 3269/8/4 3270/8/4
f 3267/8/4 3268/8/4 3270/8/4
f 3265/8/4 3266/8/4 3270/8/4
f 3264/8/4 3265/8/4 3270/8/4
f 3263/8/4 3264/8/4 3270/8/4
f 3262/8/4 3263/8/4 3270/8/4
f 3261/8/4 3262/8/4 3270/8/4
f 3270/8/4 3269/8/4 3271/8/4
f 3271/8/4 3269/8/4 3272/8/4
f 3272/8/4 3269/8/4 3273/8/4
f 3273/8/4 3269/8/4 3274/8/4
f 3274/8/4 3269/8/4 3275/8/4
f 3275/8/4 3269/8/4 3276/8/4
f 3276/8/4 3269/8/4 3277/8/4
f 3277/8/4 3269/8/4 3278/8/4
f 3271/8/4 3272/8/4 3279/8/4
f 3279/8/4 3272/8/4 3280/8/4
f 3273/8/4 3274/8/4 3281/8/4
f 3281/8/4 3274/8/4 3282/8/4
f 3275/8/4 3276/8/4 3283/8/4
f 3283/8/4 3276/8/4 3284/8/4
f 3285/1/4 3286/1/4 3287/1/4
f 3287/1/4 3286/1/4 3288/1/4
f 3285/1/4 3287/1/4 3289/1/4
f 3287/9/4 3288/9/4 3290/9/4
f 3289/1/4 3287/1/4 3290/1/4
f 3285/1/4 3289/1/4 3291/1/4
f 3289/9/4 3290/9/4 3292/9/4
f 3291/1/4 3289/1/4 3292/1/4
f 3285/1/4 3291/1/4 3293/1/4
f 3291/9/4 3292/9/4 3294/9/4
f 3293/1/4 3291/1/4 3294/1/4
f 3285/1/4 3293/1/4 3295/1/4
f 3293/9/4 3294/9/4 3296/9/4
f 3295/1/4 3293/1/4 3296/1/4
f 3285/1/4 3295/1/4 3297/1/4
f 3295/9/4 3296/9/4 3298/9/4
f 3297/1/4 3295/1/4 3298/1/4
f 3285/1/4 3297/1/4 3299/1/4
f 3297/9/4 3298/9/4 3300/9/4
f 3299/1/4 3297/1/4 3300/1/4
f 3285/1/4 3299/1/4 3301/1/4
f 3299/9/4 3300/9/4 3302/9/4
f 3301/1/4 3299/1/4 3302/1/4
f 3301/9/4 3302/9/4 3303/9/4
f 3302/9/4 3300/9/4 3304/9/4
f 3303/9/4 3302/9/4 3304/9/4
f 3303/1/4 3304/1/4 3305/1/4
f 3304/9/4 3300/9/4 3305/9/4
f 3300/9/4 3298/9/4 3306/9/4
f 3305/9/4 3300/9/4 3306/9/4
f 3305/1/4 3306/1/4 3307/1/4
f 3306/9/4 3298/9/4 3307/9/4
f 3298/9/4 3296/9/4 3308/9/4
f 3307/9/4 3298/9/4 3308/9/4
f 3307/1/4 3308/1/4 3309/1/4
f 3308/9/4 3296/9/4 3309/9/4
f 3296/9/4 3294/9/4 3310/9/4
f 3309/9/4 3296/9/4 3310/9/4
f 3309/1/4 3310/1/4 3311/1/4
f 3310/9/4 3294/9/4 3311/9/4
f 3294/9/4 3292/9/4 3312/9/4
f 3311/9/4 3294/9/4 3312/9/4
f 3311/1/4 3312/1/4 3313/1/4
f 3312/9/4 3292/9/4 3313/9/4
f 3292/9/4 3290/9/4 3314/9/4
f 3313/9/4 3292/9/4 3314/9/4
f 3311/1/4 3313/1/4 3315/1/4
f 3309/1/4 3311/1/4 3315/1/4
f 3313/1/4 3314/1/4 3315/1/4
f 3307/1/4 3309/1/4 3315/1/4
f 3305/1/4 3307/1/4 3315/1/4
f 3303/1/4 3305/1/4 3315/1/4
f 3315/1/4 3314/1/4 3316/1/4
f 3314/9/4 3290/9/4 3317/9/4
f 3316/1/4 3314/1/4 3317/1/4
f 3290/9/4 3288/9/4 3318/9/4
f 3317/9/4 3290/9/4 3318/9/4
f 3303/1/4 3315/1/4 3319/1/4
f 3315/9/4 3316/9/4 3320/9/4
f 3319/1/4 3315/1/4 3320/1/4
f 3316/1/4 3317/1/4 3321/1/4
f 3320/9/4 3316/9/4 3321/9/4
f 3317/1/4 3318/1/4 3321/1/4
f 3321/1/4 3318/1/4 3322/1/4
f 3318/9/4 3288/9/4 3323/9/4
f 3322/1/4 3318/1/4 3323/1/4
f 3288/1/4 3286/1/4 3324/1/4
f 3323/9/4 3288/9/4 3324/9/4
f 3303/1/4 3319/1/4 3325/1/4
f 3319/9/4 3320/9/4 3326/9/4
f 3325/1/4 3319/1/4 3326/1/4
f 3321/9/4 3322/9/4 3326/9/4
f 3320/9/4 3321/9/4 3326/9/4
f 3326/9/4 3322/9/4 3327/9/4
f 3327/9/4 3322/9/4 3328/9/4
f 3322/1/4 3323/1/4 3329/1/4
f 3328/9/4 3322/9/4 3329/9/4
f 3323/1/4 3324/1/4 3329/1/4
f 3329/1/4 3324/1/4 3330/1/4
f 3303/1/4 3325/1/4 3331/1/4
f 3326/9/4 3327/9/4 3332/9/4
f 3331/1/4 3325/1/4 3332/1/4
f 3325/9/4 3326/9/4 3332/9/4
f 3332/9/4 3327/9/4 3333/9/4
f 3333/9/4 3327/9/4 3334/9/4
f 3329/9/4 3330/9/4 3335/9/4
f 3328/9/4 3329/9/4 3335/9/4
f 3335/9/4 3330/9/4 3336/9/4
f 3330/1/4 3324/1/4 3337/1/4
f 3336/9/4 3330/9/4 3337/9/4
f 3337/1/4 3324/1/4 3338/1/4
f 3337/9/4 3338/9/4 3339/9/4
f 3336/9/4 3337/9/4 3339/9/4
f 3339/9/4 3338/9/4 3340/9/4
f 3338/1/4 3324/1/4 3341/1/4
f 3340/9/4 3338/9/4 3341/9/4
f 3341/1/4 3324/1/4 3342/1/4
f 3340/9/4 3341/9/4 3343/9/4
f 3341/9/4 3342/9/4 3343/9/4
f 3343/9/4 3342/9/4 3344/9/4
f 3342/1/4 3324/1/4 3345/1/4
f 3344/9/4 3342/9/4 3345/9/4
f 3345/1/4 3324/1/4 3346/1/4
f 3344/9/4 3345/9/4 3347/9/4
f 3345/9/4 3346/9/4 3347/9/4
f 3347/9/4 3346/9/4 3348/9/4
f 3346/1/4 3324/1/4 3349/1/4
f 3348/9/4 3346/9/4 3349/9/4
f 3349/1/4 3324/1/4 3350/1/4
f 3348/9/4 3349/9/4 3352/9/4
f 3349/9/4 3350/9/4 3352/9/4
f 3352/9/4 3350/9/4 3353/9/4
f 3350/1/4 3324/1/4 3354/1/4
f 3353/9/4 3350/9/4 3354/9/4
f 3352/9/4 3353/9/4 3356/9/4
f 3351/9/4 3352/9/4 3356/9/4
f 3356/9/4 3353/9/4 3357/9/4
f 3353/1/4 3354/1/4 3358/1/4
f 3357/9/4 3353/9/4 3358/9/4
f 3356/9/4 3357/9/4 3360/9/4
f 3355/9/4 3356/9/4 3360/9/4
f 3360/9/4 3357/9/4 3361/9/4
f 3357/1/4 3358/1/4 3362/1/4
f 3361/9/4 3357/9/4 3362/9/4
f 3303/1/4 3331/1/4 3363/1/4
f 3332/9/4 3333/9/4 3363/9/4
f 3331/9/4 3332/9/4 3363/9/4
f 3363/9/4 3333/9/4 3364/9/4
f 3364/9/4 3333/9/4 3365/9/4
f 3359/9/4 3360/9/4 3368/9/4
f 3360/9/4 3361/9/4 3368/9/4
f 3368/9/4 3361/9/4 3369/9/4
f 3361/1/4 3362/1/4 3370/1/4
f 3369/9/4 3361/9/4 3370/9/4
f 3365/9/4 3366/9/4 3371/9/4
f 3364/9/4 3365/9/4 3371/9/4
f 3363/1/4 3364/1/4 3371/1/4
f 3371/9/4 3366/9/4 3372/9/4
f 3372/9/4 3366/9/4 3373/9/4
f 3368/9/4 3369/9/4 3374/9/4
f 3367/9/4 3368/9/4 3374/9/4
f 3374/9/4 3369/9/4 3375/9/4
f 3369/1/4 3370/1/4 3376/1/4
f 3375/9/4 3369/9/4 3376/9/4
f 3372/9/4 3373/9/4 3377/9/4
f 3374/9/4 3375/9/4 3377/9/4
f 3371/1/4 3372/1/4 3377/1/4
f 3373/9/4 3374/9/4 3377/9/4
f 3377/9/4 3375/9/4 3378/9/4
f 3378/9/4 3375/9/4 3379/9/4
f 3375/1/4 3376/1/4 3380/1/4
f 3379/9/4 3375/9/4 3380/9/4
f 3354/1/4 3324/1/4 3381/1/4
f 3380/1/4 3376/1/4 3381/1/4
f 3362/1/4 3358/1/4 3381/1/4
f 3376/1/4 3370/1/4 3381/1/4
f 3370/1/4 3362/1/4 3381/1/4
f 3358/1/4 3354/1/4 3381/1/4
f 3324/1/4 3286/1/4 3382/1/4
f 3381/1/4 3324/1/4 3382/1/4
f 3377/1/4 3378/1/4 3383/1/4
f 3378/9/4 3379/9/4 3383/9/4
f 3379/1/4 3380/1/4 3384/1/4
f 3383/9/4 3379/9/4 3384/9/4
f 3380/1/4 3381/1/4 3384/1/4
f 3384/1/4 3381/1/4 3385/1/4
f 3381/9/4 3382/9/4 3386/9/4
f 3385/1/4 3381/1/4 3386/1/4
f 3384/1/4 3385/1/4 3387/1/4
f 3383/1/4 3384/1/4 3387/1/4
f 3385/9/4 3386/9/4 3388/9/4
f 3387/1/4 3385/1/4 3388/1/4
f 3383/1/4 3387/1/4 3389/1/4
f 3387/9/4 3388/9/4 3390/9/4
f 3389/1/4 3387/1/4 3390/1/4
f 3383/1/4 3389/1/4 3391/1/4
f 3389/9/4 3390/9/4 3392/9/4
f 3391/1/4 3389/1/4 3392/1/4
f 3383/1/4 3391/1/4 3393/1/4
f 3391/9/4 3392/9/4 3394/9/4
f 3393/1/4 3391/1/4 3394/1/4
f 3383/1/4 3393/1/4 3395/1/4
f 3393/9/4 3394/9/4 3396/9/4
f 3395/1/4 3393/1/4 3396/1/4
f 3377/1/4 3383/1/4 3397/1/4
f 3371/1/4 3377/1/4 3397/1/4
f 3363/1/4 3371/1/4 3397/1/4
f 3383/1/4 3395/1/4 3397/1/4
f 3303/1/4 3363/1/4 3397/1/4
f 3395/9/4 3396/9/4 3398/9/4
f 3397/1/4 3395/1/4 3398/1/4
f 3397/9/4 3398/9/4 3399/9/4
f 3398/9/4 3396/9/4 3400/9/4
f 3399/9/4 3398/9/4 3400/9/4
f 3399/1/4 3400/1/4 3401/1/4
f 3400/9/4 3396/9/4 3401/9/4
f 3396/9/4 3394/9/4 3402/9/4
f 3401/9/4 3396/9/4 3402/9/4
f 3401/1/4 3402/1/4 3403/1/4
f 3402/9/4 3394/9/4 3403/9/4
f 3394/9/4 3392/9/4 3404/9/4
f 3403/9/4 3394/9/4 3404/9/4
f 3403/1/4 3404/1/4 3405/1/4
f 3404/9/4 3392/9/4 3405/9/4
f 3392/9/4 3390/9/4 3406/9/4
f 3405/9/4 3392/9/4 3406/9/4
f 3405/1/4 3406/1/4 3407/1/4
f 3406/9/4 3390/9/4 3407/9/4
f 3390/9/4 3388/9/4 3408/9/4
f 3407/9/4 3390/9/4 3408/9/4
f 3407/1/4 3408/1/4 3409/1/4
f 3408/9/4 3388/9/4 3409/9/4
f 3388/9/4 3386/9/4 3410/9/4
f 3409/9/4 3388/9/4 3410/9/4
f 3399/1/4 3401/1/4 3411/1/4
f 3401/1/4 3403/1/4 3411/1/4
f 3409/1/4 3410/1/4 3411/1/4
f 3403/1/4 3405/1/4 3411/1/4
f 3405/1/4 3407/1/4 3411/1/4
f 3407/1/4 3409/1/4 3411/1/4
f 3411/1/4 3410/1/4 3412/1/4
f 3410/9/4 3386/9/4 3413/9/4
f 3412/1/4 3410/1/4 3413/1/4
f 3386/9/4 3382/9/4 3414/9/4
f 3413/9/4 3386/9/4 3414/9/4
f 3399/1/4 3411/1/4 3415/1/4
f 3411/9/4 3412/9/4 3416/9/4
f 3415/1/4 3411/1/4 3416/1/4
f 3412/1/4 3413/1/4 3417/1/4
f 3416/9/4 3412/9/4 3417/9/4
f 3413/1/4 3414/1/4 3417/1/4
f 3417/1/4 3414/1/4 3418/1/4
f 3414/9/4 3382/9/4 3419/9/4
f 3418/1/4 3414/1/4 3419/1/4
f 3382/1/4 3286/1/4 3420/1/4
f 3419/9/4 3382/9/4 3420/9/4
f 3399/1/4 3415/1/4 3421/1/4
f 3415/9/4 3416/9/4 3422/9/4
f 3421/1/4 3415/1/4 3422/1/4
f 3417/9/4 3418/9/4 3422/9/4
f 3416/9/4 3417/9/4 3422/9/4
f 3422/9/4 3418/9/4 3423/9/4
f 3423/9/4 3418/9/4 3424/9/4
f 3418/1/4 3419/1/4 3425/1/4
f 3424/9/4 3418/9/4 3425/9/4
f 3419/1/4 3420/1/4 3425/1/4
f 3425/1/4 3420/1/4 3426/1/4
f 3399/1/4 3421/1/4 3427/1/4
f 3422/9/4 3423/9/4 3428/9/4
f 3427/1/4 3421/1/4 3428/1/4
f 3421/9/4 3422/9/4 3428/9/4
f 3428/9/4 3423/9/4 3429/9/4
f 3429/9/4 3423/9/4 3430/9/4
f 3425/9/4 3426/9/4 3431/9/4
f 3424/9/4 3425/9/4 3431/9/4
f 3431/9/4 3426/9/4 3432/9/4
f 3426/1/4 3420/1/4 3433/1/4
f 3432/9/4 3426/9/4 3433/9/4
f 3433/1/4 3420/1/4 3434/1/4
f 3433/9/4 3434/9/4 3435/9/4
f 3432/9/4 3433/9/4 3435/9/4
f 3435/9/4 3434/9/4 3436/9/4
f 3434/1/4 3420/1/4 3437/1/4
f 3436/9/4 3434/9/4 3437/9/4
f 3437/1/4 3420/1/4 3438/1/4
f 3436/9/4 3437/9/4 3439/9/4
f 3437/9/4 3438/9/4 3439/9/4
f 3439/9/4 3438/9/4 3440/9/4
f 3438/1/4 3420/1/4 3441/1/4
f 3440/9/4 3438/9/4 3441/9/4
f 3441/1/4 3420/1/4 3442/1/4
f 3440/9/4 3441/9/4 3443/9/4
f 3441/9/4 3442/9/4 3443/9/4
f 3443/9/4 3442/9/4 3444/9/4
f 3442/1/4 3420/1/4 3445/1/4
f 3444/9/4 3442/9/4 3445/9/4
f 3445/1/4 3420/1/4 3446/1/4
f 3444/9/4 3445/9/4 3448/9/4
f 3445/9/4 3446/9/4 3448/9/4
f 3448/9/4 3446/9/4 3449/9/4
f 3446/1/4 3420/1/4 3450/1/4
f 3449/9/4 3446/9/4 3450/9/4
f 3448/9/4 3449/9/4 3452/9/4
f 3447/9/4 3448/9/4 3452/9/4
f 3452/9/4 3449/9/4 3453/9/4
f 3449/1/4 3450/1/4 3454/1/4
f 3453/9/4 3449/9/4 3454/9/4
f 3452/9/4 3453/9/4 3456/9/4
f 3451/9/4 3452/9/4 3456/9/4
f 3456/9/4 3453/9/4 3457/9/4
f 3453/1/4 3454/1/4 3458/1/4
f 3457/9/4 3453/9/4 3458/9/4
f 3399/1/4 3427/1/4 3459/1/4
f 3428/9/4 3429/9/4 3459/9/4
f 3427/9/4 3428/9/4 3459/9/4
f 3459/9/4 3429/9/4 3460/9/4
f 3460/9/4 3429/9/4 3461/9/4
f 3455/9/4 3456/9/4 3464/9/4
f 3456/9/4 3457/9/4 3464/9/4
f 3464/9/4 3457/9/4 3465/9/4
f 3457/1/4 3458/1/4 3466/1/4
f 3465/9/4 3457/9/4 3466/9/4
f 3461/9/4 3462/9/4 3467/9/4
f 3460/9/4 3461/9/4 3467/9/4
f 3459/1/4 3460/1/4 3467/1/4
f 3467/9/4 3462/9/4 3468/9/4
f 3468/9/4 3462/9/4 3469/9/4
f 3464/9/4 3465/9/4 3470/9/4
f 3463/9/4 3464/9/4 3470/9/4
f 3470/9/4 3465/9/4 3471/9/4
f 3465/1/4 3466/1/4 3472/1/4
f 3471/9/4 3465/9/4 3472/9/4
f 3468/9/4 3469/9/4 3473/9/4
f 3470/9/4 3471/9/4 3473/9/4
f 3467/1/4 3468/1/4 3473/1/4
f 3469/9/4 3470/9/4 3473/9/4
f 3473/9/4 3471/9/4 3474/9/4
f 3474/9/4 3471/9/4 3475/9/4
f 3471/1/4 3472/1/4 3476/1/4
f 3475/9/4 3471/9/4 3476/9/4
f 3450/1/4 3420/1/4 3477/1/4
f 3476/1/4 3472/1/4 3477/1/4
f 3458/1/4 3454/1/4 3477/1/4
f 3472/1/4 3466/1/4 3477/1/4
f 3466/1/4 3458/1/4 3477/1/4
f 3454/1/4 3450/1/4 3477/1/4
f 3420/1/4 3286/1/4 3478/1/4
f 3477/1/4 3420/1/4 3478/1/4
f 3473/1/4 3474/1/4 3479/1/4
f 3474/9/4 3475/9/4 3479/9/4
f 3476/1/4 3477/1/4 3480/1/4
f 3479/9/4 3475/9/4 3480/9/4
f 3475/1/4 3476/1/4 3480/1/4
f 3480/1/4 3477/1/4 3481/1/4
f 3477/9/4 3478/9/4 3482/9/4
f 3481/1/4 3477/1/4 3482/1/4
f 3480/1/4 3481/1/4 3483/1/4
f 3479/1/4 3480/1/4 3483/1/4
f 3481/9/4 3482/9/4 3484/9/4
f 3483/1/4 3481/1/4 3484/1/4
f 3479/1/4 3483/1/4 3485/1/4
f 3483/9/4 3484/9/4 3486/9/4
f 3485/1/4 3483/1/4 3486/1/4
f 3479/1/4 3485/1/4 3487/1/4
f 3485/9/4 3486/9/4 3488/9/4
f 3487/1/4 3485/1/4 3488/1/4
f 3479/1/4 3487/1/4 3489/1/4
f 3487/9/4 3488/9/4 3490/9/4
f 3489/1/4 3487/1/4 3490/1/4
f 3479/1/4 3489/1/4 3491/1/4
f 3489/9/4 3490/9/4 3492/9/4
f 3491/1/4 3489/1/4 3492/1/4
f 3473/1/4 3479/1/4 3493/1/4
f 3467/1/4 3473/1/4 3493/1/4
f 3459/1/4 3467/1/4 3493/1/4
f 3479/1/4 3491/1/4 3493/1/4
f 3399/1/4 3459/1/4 3493/1/4
f 3491/9/4 3492/9/4 3494/9/4
f 3493/1/4 3491/1/4 3494/1/4
f 3493/9/4 3494/9/4 3495/9/4
f 3494/9/4 3492/9/4 3496/9/4
f 3495/9/4 3494/9/4 3496/9/4
f 3495/1/4 3496/1/4 3497/1/4
f 3496/9/4 3492/9/4 3497/9/4
f 3492/9/4 3490/9/4 3498/9/4
f 3497/9/4 3492/9/4 3498/9/4
f 3497/1/4 3498/1/4 3499/1/4
f 3498/9/4 3490/9/4 3499/9/4
f 3490/9/4 3488/9/4 3500/9/4
f 3499/9/4 3490/9/4 3500/9/4
f 3499/1/4 3500/1/4 3501/1/4
f 3500/9/4 3488/9/4 3501/9/4
f 3488/9/4 3486/9/4 3502/9/4
f 3501/9/4 3488/9/4 3502/9/4
f 3501/1/4 3502/1/4 3503/1/4
f 3502/9/4 3486/9/4 3503/9/4
f 3486/9/4 3484/9/4 3504/9/4
f 3503/9/4 3486/9/4 3504/9/4
f 3503/1/4 3504/1/4 3505/1/4
f 3504/9/4 3484/9/4 3505/9/4
f 3484/9/4 3482/9/4 3506/9/4
f 3505/9/4 3484/9/4 3506/9/4
f 3505/1/4 3506/1/4 3507/1/4
f 3506/9/4 3482/9/4 3507/9/4
f 3482/9/4 3478/9/4 3508/9/4
f 3507/9/4 3482/9/4 3508/9/4
f 3507/1/4 3508/1/4 3509/1/4
f 3508/9/4 3478/9/4 3509/9/4
f 3478/1/4 3286/1/4 3510/1/4
f 3509/9/4 3478/9/4 3510/9/4
f 3495/1/4 3497/1/4 3511/1/4
f 3507/1/4 3509/1/4 3511/1/4
f 3509/1/4 3510/1/4 3511/1/4
f 3497/1/4 3499/1/4 3511/1/4
f 3501/1/4 3503/1/4 3511/1/4
f 3503/1/4 3505/1/4 3511/1/4
f 3499/1/4 3501/1/4 3511/1/4
f 3505/1/4 3507/1/4 3511/1/4
f 3510/1/4 3286/1/4 3512/1/4
f 3511/1/4 3510/1/4 3512/1/4
f 3520/2/5 3514/2/5 3513/2/5
f 3521/2/5 3514/2/5 3520/2/5
f 3522/2/5 3516/2/5 3515/2/5
f 3523/2/5 3516/2/5 3522/2/5
f 3524/2/5 3518/2/5 3517/2/5
f 3525/2/5 3518/2/5 3524/2/5
f 3527/1/5 3520/1/5 3519/1/5
f 3528/9/5 3521/9/5 3520/9/5
f 3528/1/5 3520/1/5 3527/1/5
f 3529/1/5 3522/1/5 3521/1/5
f 3529/9/5 3521/9/5 3528/9/5
f 3530/9/5 3523/9/5 3522/9/5
f 3530/1/5 3522/1/5 3529/1/5
f 3531/1/5 3524/1/5 3523/1/5
f 3531/9/5 3523/9/5 3530/9/5
f 3532/9/5 3525/9/5 3524/9/5
f 3532/1/5 3524/1/5 3531/1/5
f 3533/1/5 3526/1/5 3525/1/5
f 3533/9/5 3525/9/5 3532/9/5
f 3534/1/5 3526/1/5 3533/1/5
f 3547/2/5 3536/2/5 3535/2/5
f 3548/2/5 3536/2/5 3547/2/5
f 3549/2/5 3538/2/5 3537/2/5
f 3550/2/5 3538/2/5 3549/2/5
f 3551/2/5 3540/2/5 3539/2/5
f 3552/2/5 3540/2/5 3551/2/5
f 3553/2/5 3542/2/5 3541/2/5
f 3554/2/5 3542/2/5 3553/2/5
f 3555/2/5 3544/2/5 3543/2/5
f 3556/2/5 3544/2/5 3555/2/5
f 3557/2/5 3546/2/5 3545/2/5
f 3558/2/5 3546/2/5 3557/2/5
f 3565/2/5 3560/2/5 3559/2/5
f 3566/2/5 3560/2/5 3565/2/5
f 3567/2/5 3562/2/5 3561/2/5
f 3568/2/5 3562/2/5 3567/2/5
f 3569/2/5 3564/2/5 3563/2/5
f 3570/2/5 3564/2/5 3569/2/5
f 3583/2/5 3572/2/5 3571/2/5
f 3584/2/5 3572/2/5 3583/2/5
f 3585/2/5 3574/2/5 3573/2/5
f 3586/2/5 3574/2/5 3585/2/5
f 3587/2/5 3576/2/5 3575/2/5
f 3588/2/5 3576/2/5 3587/2/5
f 3589/2/5 3578/2/5 3577/2/5
f 3590/2/5 3578/2/5 3589/2/5
f 3591/2/5 3580/2/5 3579/2/5
f 3592/2/5 3580/2/5 3591/2/5
f 3593/2/5 3582/2/5 3581/2/5
f 3594/2/5 3582/2/5 3593/2/5
f 3607/2/5 3596/2/5 3595/2/5
f 3608/2/5 3596/2/5 3607/2/5
f 3609/2/5 3598/2/5 3597/2/5
f 3610/2/5 3598/2/5 3609/2/5
f 3611/2/5 3600/2/5 3599/2/5
f 3612/2/5 3600/2/5 3611/2/5
f 3613/2/5 3602/2/5 3601/2/5
f 3614/2/5 3602/2/5 3613/2/5
f 3615/2/5 3604/2/5 3603/2/5
f 3616/2/5 3604/2/5 3615/2/5
f 3617/2/5 3606/2/5 3605/2/5
f 3618/2/5 3606/2/5 3617/2/5
f 3623/7/5 3620/7/5 3619/7/5
f 3624/7/5 3620/7/5 3623/7/5
f 3625/7/5 3622/7/5 3621/7/5
f 3626/7/5 3622/7/5 3625/7/5
f 3635/7/5 3628/7/5 3627/7/5
f 3636/7/5 3628/7/5 3635/7/5
f 3637/7/5 3630/7/5 3629/7/5
f 3638/7/5 3630/7/5 3637/7/5
f 3639/7/5 3632/7/5 3631/7/5
f 3640/7/5 3632/7/5 3639/7/5
f 3641/7/5 3634/7/5 3633/7/5
f 3642/7/5 3634/7/5 3641/7/5
f 3649/2/5 3644/2/5 3643/2/5
f 3650/2/5 3644/2/5 3649/2/5
f 3651/2/5 3646/2/5 3645/2/5
f 3652/2/5 3646/2/5 3651/2/5
f 3653/2/5 3648/2/5 3647/2/5
f 3654/2/5 3648/2/5 3653/2/5
f 3663/7/5 3656/7/5 3655/7/5
f 3664/7/5 3656/7/5 3663/7/5
f 3665/7/5 3658/7/5 3657/7/5
f 3666/7/5 3658/7/5 3665/7/5
f 3667/7/5 3660/7/5 3659/7/5
f 3668/7/5 3660/7/5 3667/7/5
f 3669/7/5 3662/7/5 3661/7/5
f 3670/7/5 3662/7/5 3669/7/5
f 3683/2/5 3672/2/5 3671/2/5
f 3684/2/5 3672/2/5 3683/2/5
f 3685/2/5 3674/2/5 3673/2/5
f 3686/2/5 3674/2/5 3685/2/5
f 3687/2/5 3676/2/5 3675/2/5
f 3688/2/5 3676/2/5 3687/2/5
f 3689/2/5 3678/2/5 3677/2/5
f 3690/2/5 3678/2/5 3689/2/5
f 3691/2/5 3680/2/5 3679/2/5
f 3692/2/5 3680/2/5 3691/2/5
f 3693/2/5 3682/2/5 3681/2/5
f 3694/2/5 3682/2/5 3693/2/5
f 3703/7/5 3696/7/5 3695/7/5
f 3704/7/5 3696/7/5 3703/7/5
f 3705/7/5 3698/7/5 3697/7/5
f 3706/7/5 3698/7/5 3705/7/5
f 3707/7/5 3700/7/5 3699/7/5
f 3708/7/5 3700/7/5 3707/7/5
f 3709/7/5 3702/7/5 3701/7/5
f 3710/7/5 3702/7/5 3709/7/5
f 3723/2/5 3712/2/5 3711/2/5
f 3724/2/5 3712/2/5 3723/2/5
f 3725/2/5 3714/2/5 3713/2/5
f 3726/2/5 3714/2/5 3725/2/5
f 3727/2/5 3716/2/5 3715/2/5
f 3728/2/5 3716/2/5 3727/2/5
f 3729/2/5 3718/2/5 3717/2/5
f 3730/2/5 3718/2/5 3729/2/5
f 3731/2/5 3720/2/5 3719/2/5
f 3732/2/5 3720/2/5 3731/2/5
f 3733/2/5 3722/2/5 3721/2/5
f 3734/2/5 3722/2/5 3733/2/5
f 3743/8/5 3736/8/5 3735/8/5
f 3744/8/5 3736/8/5 3743/8/5
f 3745/8/5 3738/8/5 3737/8/5
f 3746/8/5 3738/8/5 3745/8/5
f 3747/8/5 3740/8/5 3739/8/5
f 3748/8/5 3740/8/5 3747/8/5
f 3749/8/5 3742/8/5 3741/8/5
f 3750/8/5 3742/8/5 3749/8/5
f 3757/2/5 3752/2/5 3751/2/5
f 3758/2/5 3752/2/5 3757/2/5
f 3759/2/5 3754/2/5 3753/2/5
f 3760/2/5 3754/2/5 3759/2/5
f 3761/2/5 3756/2/5 3755/2/5
f 3762/2/5 3756/2/5 3761/2/5
f 3771/8/5 3764/8/5 3763/8/5
f 3772/8/5 3764/8/5 3771/8/5
f 3773/8/5 3766/8/5 3765/8/5
f 3774/8/5 3766/8/5 3773/8/5
f 3775/8/5 3768/8/5 3767/8/5
f 3776/8/5 3768/8/5 3775/8/5
f 3777/8/5 3770/8/5 3769/8/5
f 3778/8/5 3770/8/5 3777/8/5
f 3791/2/5 3780/2/5 3779/2/5
f 3792/2/5 3780/2/5 3791/2/5
f 3793/2/5 3782/2/5 3781/2/5
f 3794/2/5 3782/2/5 3793/2/5
f 3795/2/5 3784/2/5 3783/2/5
f 3796/2/5 3784/2/5 3795/2/5
f 3797/2/5 3786/2/5 3785/2/5
f 3798/2/5 3786/2/5 3797/2/5
f 3799/2/5 3788/2/5 3787/2/5
f 3800/2/5 3788/2/5 3799/2/5
f 3801/2/5 3790/2/5 3789/2/5
f 3802/2/5 3790/2/5 3801/2/5
f 3815/2/5 3804/2/5 3803/2/5
f 3816/2/5 3804/2/5 3815/2/5
f 3817/2/5 3806/2/5 3805/2/5
f 3818/2/5 3806/2/5 3817/2/5
f 3819/2/5 3808/2/5 3807/2/5
f 3820/2/5 3808/2/5 3819/2/5
f 3821/2/5 3810/2/5 3809/2/5
f 3822/2/5 3810/2/5 3821/2/5
f 3823/2/5 3812/2/5 3811/2/5
f 3824/2/5 3812/2/5 3823/2/5
f 3825/2/5 3814/2/5 3813/2/5
f 3826/2/5 3814/2/5 3825/2/5
f 3833/2/5 3828/2/5 3827/2/5
f 3834/2/5 3828/2/5 3833/2/5
f 3835/2/5 3830/2/5 3829/2/5
f 3836/2/5 3830/2/5 3835/2/5
f 3837/2/5 3832/2/5 3831/2/5
f 3838/2/5 3832/2/5 3837/2/5
f 3847/8/5 3840/8/5 3839/8/5
f 3848/8/5 3840/8/5 3847/8/5
f 3849/8/5 3842/8/5 3841/8/5
f 3850/8/5 3842/8/5 3849/8/5
f 3851/8/5 3844/8/5 3843/8/5
f 3852/8/5 3844/8/5 3851/8/5
f 3853/8/5 3846/8/5 3845/8/5
f 3854/8/5 3846/8/5 3853/8/5
f 3867/2/5 3856/2/5 3855/2/5
f 3868/2/5 3856/2/5 3867/2/5
f 3869/2/5 3858/2/5 3857/2/5
f 3870/2/5 3858/2/5 3869/2/5
f 3871/2/5 3860/2/5 3859/2/5
f 3872/2/5 3860/2/5 3871/2/5
f 3873/2/5 3862/2/5 3861/2/5
f 3874/2/5 3862/2/5 3873/2/5
f 3875/2/5 3864/2/5 3863/2/5
f 3876/2/5 3864/2/5 3875/2/5
f 3877/2/5 3866/2/5 3865/2/5
f 3878/2/5 3866/2/5 3877/2/5
f 3887/8/5 3880/8/5 3879/8/5
f 3888/8/5 3880/8/5 3887/8/5
f 3889/8/5 3882/8/5 3881/8/5
f 3890/8/5 3882/8/5 3889/8/5
f 3891/8/5 3884/8/5 3883/8/5
f 3892/8/5 3884/8/5 3891/8/5
f 3893/8/5 3886/8/5 3885/8/5
f 3894/8/5 3886/8/5 3893/8/5
f 3895/9/5 3888/9/5 3887/9/5
f 3896/9/5 3888/9/5 3895/9/5
f 3897/9/5 3890/9/5 3889/9/5
f 3898/9/5 3890/9/5 3897/9/5
f 3899/9/5 3892/9/5 3891/9/5
f 3900/9/5 3892/9/5 3899/9/5
f 3901/9/5 3894/9/5 3893/9/5
f 3902/9/5 3894/9/5 3901/9/5
f 3915/2/5 3904/2/5 3903/2/5
f 3916/2/5 3904/2/5 3915/2/5
f 3917/2/5 3906/2/5 3905/2/5
f 3918/2/5 3906/2/5 3917/2/5
f 3919/2/5 3908/2/5 3907/2/5
f 3920/2/5 3908/2/5 3919/2/5
f 3921/2/5 3910/2/5 3909/2/5
f 3922/2/5 3910/2/5 3921/2/5
f 3923/2/5 3912/2/5 3911/2/5
f 3924/2/5 3912/2/5 3923/2/5
f 3925/2/5 3914/2/5 3913/2/5
f 3926/2/5 3914/2/5 3925/2/5
f 3935/8/5 3928/8/5 3927/8/5
f 3936/8/5 3928/8/5 3935/8/5
f 3937/8/5 3930/8/5 3929/8/5
f 3938/8/5 3930/8/5 3937/8/5
f 3939/8/5 3932/8/5 3931/8/5
f 3940/8/5 3932/8/5 3939/8/5
f 3941/8/5 3934/8/5 3933/8/5
f 3942/8/5 3934/8/5 3941/8/5
f 3943/9/5 3936/9/5 3935/9/5
f 3944/9/5 3936/9/5 3943/9/5
f 3945/9/5 3938/9/5 3937/9/5
f 3946/9/5 3938/9/5 3945/9/5
f 3947/9/5 3940/9/5 3939/9/5
f 3948/9/5 3940/9/5 3947/9/5
f 3949/9/5 3942/9/5 3941/9/5
f 3950/9/5 3942/9/5 3949/9/5
f 3959/8/5 3952/8/5 3951/8/5
f 3960/8/5 3952/8/5 3959/8/5
f 3961/8/5 3954/8/5 3953/8/5
f 3962/8/5 3954/8/5 3961/8/5
f 3963/8/5 3956/8/5 3955/8/5
f 3964/8/5 3956/8/5 3963/8/5
f 3965/8/5 3958/8/5 3957/8/5
f 3966/8/5 3958/8/5 3965/8/5
f 3967/9/5 3960/9/5 3959/9/5
f 3968/9/5 3960/9/5 3967/9/5
f 3969/9/5 3962/9/5 3961/9/5
f 3970/9/5 3962/9/5 3969/9/5
f 3971/9/5 3964/9/5 3963/9/5
f 3972/9/5 3964/9/5 3971/9/5
f 3973/9/5 3966/9/5 3965/9/5
f 3974/9/5 3966/9/5 3973/9/5
f 3981/2/5 3976/2/5 3975/2/5
f 3982/2/5 3976/2/5 3981/2/5
f 3983/2/5 3978/2/5 3977/2/5
f 3984/2/5 3978/2/5 3983/2/5
f 3985/2/5 3980/2/5 3979/2/5
f 3986/2/5 3980/2/5 3985/2/5
f 3995/8/5 3988/8/5 3987/8/5
f 3996/8/5 3988/8/5 3995/8/5
f 3997/8/5 3990/8/5 3989/8/5
f 3998/8/5 3990/8/5 3997/8/5
f 3999/8/5 3992/8/5 3991/8/5
f 4000/8/5 3992/8/5 3999/8/5
f 4001/8/5 3994/8/5 3993/8/5
f 4002/8/5 3994/8/5 4001/8/5
f 4003/9/5 3996/9/5 3995/9/5
f 4004/9/5 3996/9/5 4003/9/5
f 4005/9/5 3998/9/5 3997/9/5
f 4006/9/5 3998/9/5 4005/9/5
f 4007/9/5 4000/9/5 3999/9/5
f 4008/9/5 4000/9/5 4007/9/5
f 4009/9/5 4002/9/5 4001/9/5
f 4010/9/5 4002/9/5 4009/9/5
f 4023/2/5 4012/2/5 4011/2/5
f 4024/2/5 4012/2/5 4023/2/5
f 4025/2/5 4014/2/5 4013/2/5
f 4026/2/5 4014/2/5 4025/2/5
f 4027/2/5 4016/2/5 4015/2/5
f 4028/2/5 4016/2/5 4027/2/5
f 4029/2/5 4018/2/5 4017/2/5
f 4030/2/5 4018/2/5 4029/2/5
f 4031/2/5 4020/2/5 4019/2/5
f 4032/2/5 4020/2/5 4031/2/5
f 4033/2/5 4022/2/5 4021/2/5
f 4034/2/5 4022/2/5 4033/2/5
f 4039/9/5 4036/9/5 4035/9/5
f 4040/9/5 4036/9/5 4039/9/5
f 4041/9/5 4038/9/5 4037/9/5
f 4042/9/5 4038/9/5 4041/9/5
f 4055/2/5 4044/2/5 4043/2/5
f 4056/2/5 4044/2/5 4055/2/5
f 4057/2/5 4046/2/5 4045/2/5
f 4058/2/5 4046/2/5 4057/2/5
f 4059/2/5 4048/2/5 4047/2/5
f 4060/2/5 4048/2/5 4059/2/5
f 4061/2/5 4050/2/5 4049/2/5
f 4062/2/5 4050/2/5 4061/2/5
f 4063/2/5 4052/2/5 4051/2/5
f 4064/2/5 4052/2/5 4063/2/5
f 4065/2/5 4054/2/5 4053/2/5
f 4066/2/5 4054/2/5 4065/2/5
f 4073/2/5 4068/2/5 4067/2/5
f 4074/2/5 4068/2/5 4073/2/5
f 4075/2/5 4070/2/5 4069/2/5
f 4076/2/5 4070/2/5 4075/2/5
f 4077/2/5 4072/2/5 4071/2/5
f 4078/2/5 4072/2/5 4077/2/5
f 4091/2/5 4080/2/5 4079/2/5
f 4092/2/5 4080/2/5 4091/2/5
f 4093/2/5 4082/2/5 4081/2/5
f 4094/2/5 4082/2/5 4093/2/5
f 4095/2/5 4084/2/5 4083/2/5
f 4096/2/5 4084/2/5 4095/2/5
f 4097/2/5 4086/2/5 4085/2/5
f 4098/2/5 4086/2/5 4097/2/5
f 4099/2/5 4088/2/5 4087/2/5
f 4100/2/5 4088/2/5 4099/2/5
f 4101/2/5 4090/2/5 4089/2/5
f 4102/2/5 4090/2/5 4101/2/5
f 4115/4/5 4104/4/5 4103/4/5
f 4116/4/5 4104/4/5 4115/4/5
f 4117/4/5 4106/4/5 4105/4/5
f 4118/4/5 4106/4/5 4117/4/5
f 4119/4/5 4108/4/5 4107/4/5
f 4120/4/5 4108/4/5 4119/4/5
f 4121/4/5 4110/4/5 4109/4/5
f 4122/4/5 4110/4/5 4121/4/5
f 4123/4/5 4112/4/5 4111/4/5
f 4124/4/5 4112/4/5 4123/4/5
f 4125/4/5 4114/4/5 4113/4/5
f 4126/4/5 4114/4/5 4125/4/5
f 4139/6/5 4128/6/5 4127/6/5
f 4140/6/5 4128/6/5 4139/6/5
f 4141/6/5 4130/6/5 4129/6/5
f 4142/6/5 4130/6/5 4141/6/5
f 4143/6/5 4132/6/5 4131/6/5
f 4144/6/5 4132/6/5 4143/6/5
f 4145/6/5 4134/6/5 4133/6/5
f 4146/6/5 4134/6/5 4145/6/5
f 4147/6/5 4136/6/5 4135/6/5
f 4148/6/5 4136/6/5 4147/6/5
f 4149/6/5 4138/6/5 4137/6/5
f 4150/6/5 4138/6/5 4149/6/5
f 4163/6/5 4152/6/5 4151/6/5
f 4164/6/5 4152/6/5 4163/6/5
f 4165/6/5 4154/6/5 4153/6/5
f 4166/6/5 4154/6/5 4165/6/5
f 4167/6/5 4156/6/5 4155/6/5
f 4168/6/5 4156/6/5 4167/6/5
f 4169/6/5 4158/6/5 4157/6/5
f 4170/6/5 4158/6/5 4169/6/5
f 4171/6/5 4160/6/5 4159/6/5
f 4172/6/5 4160/6/5 4171/6/5
f 4173/6/5 4162/6/5 4161/6/5
f 4174/6/5 4162/6/5 4173/6/5
f 4187/6/5 4176/6/5 4175/6/5
f 4188/6/5 4176/6/5 4187/6/5
f 4189/6/5 4178/6/5 4177/6/5
f 4190/6/5 4178/6/5 4189/6/5
f 4191/6/5 4180/6/5 4179/6/5
f 4192/6/5 4180/6/5 4191/6/5
f 4193/6/5 4182/6/5 4181/6/5
f 4194/6/5 4182/6/5 4193/6/5
f 4195/6/5 4184/6/5 4183/6/5
f 4196/6/5 4184/6/5 4195/6/5
f 4197/6/5 4186/6/5 4185/6/5
f 4198/6/5 4186/6/5 4197/6/5
f 4211/4/5 4200/4/5 4199/4/5
f 4212/4/5 4200/4/5 4211/4/5
f 4213/4/5 4202/4/5 4201/4/5
f 4214/4/5 4202/4/5 4213/4/5
f 4215/4/5 4204/4/5 4203/4/5
f 4216/4/5 4204/4/5 4215/4/5
f 4217/4/5 4206/4/5 4205/4/5
f 4218/4/5 4206/4/5 4217/4/5
f 4219/4/5 4208/4/5 4207/4/5
f 4220/4/5 4208/4/5 4219/4/5
f 4221/4/5 4210/4/5 4209/4/5
f 4222/4/5 4210/4/5 4221/4/5
f 4253/2/5 4224/2/5 4223/2/5
f 4254/2/5 4224/2/5 4253/2/5
f 4255/2/5 4226/2/5 4225/2/5
f 4256/2/5 4226/2/5 4255/2/5
f 4257/2/5 4228/2/5 4227/2/5
f 4258/2/5 4228/2/5 4257/2/5
f 4259/2/5 4230/2/5 4229/2/5
f 4260/2/5 4230/2/5 4259/2/5
f 4261/2/5 4232/2/5 4231/2/5
f 4262/2/5 4232/2/5 4261/2/5
f 4263/2/5 4234/2/5 4233/2/5
f 4264/2/5 4234/2/5 4263/2/5
f 4265/2/5 4236/2/5 4235/2/5
f 4266/2/5 4236/2/5 4265/2/5
f 4267/2/5 4238/2/5 4237/2/5
f 4268/2/5 4238/2/5 4267/2/5
f 4269/2/5 4240/2/5 4239/2/5
f 4270/2/5 4240/2/5 4269/2/5
f 4271/2/5 4242/2/5 4241/2/5
f 4272/2/5 4242/2/5 4271/2/5
f 4273/2/5 4244/2/5 4243/2/5
f 4274/2/5 4244/2/5 4273/2/5
f 4275/2/5 4246/2/5 4245/2/5
f 4276/2/5 4246/2/5 4275/2/5
f 4277/2/5 4248/2/5 4247/2/5
f 4278/2/5 4248/2/5 4277/2/5
f 4279/2/5 4250/2/5 4249/2/5
f 4280/2/5 4250/2/5 4279/2/5
f 4281/2/5 4252/2/5 4251/2/5
f 4282/2/5 4252/2/5 4281/2/5
f 4331/2/5 4284/2/5 4283/2/5
f 4332/2/5 4284/2/5 4331/2/5
f 4333/2/5 4286/2/5 4285/2/5
f 4334/2/5 4286/2/5 4333/2/5
f 4335/2/5 4288/2/5 4287/2/5
f 4336/2/5 4288/2/5 4335/2/5
f 4337/2/5 4290/2/5 4289/2/5
f 4338/2/5 4290/2/5 4337/2/5
f 4339/2/5 4292/2/5 4291/2/5
f 4340/2/5 4292/2/5 4339/2/5
f 4341/2/5 4294/2/5 4293/2/5
f 4342/2/5 4294/2/5 4341/2/5
f 4343/2/5 4296/2/5 4295/2/5
f 4344/2/5 4296/2/5 4343/2/5
f 4345/2/5 4298/2/5 4297/2/5
f 4346/2/5 4298/2/5 4345/2/5
f 4347/2/5 4300/2/5 4299/2/5
f 4348/2/5 4300/2/5 4347/2/5
f 4349/2/5 4302/2/5 4301/2/5
f 4350/2/5 4302/2/5 4349/2/5
f 4351/2/5 4304/2/5 4303/2/5
f 4352/2/5 4304/2/5 4351/2/5
f 4353/2/5 4306/2/5 4305/2/5
f 4354/2/5 4306/2/5 4353/2/5
f 4355/2/5 4308/2/5 4307/2/5
f 4356/2/5 4308/2/5 4355/2/5
f 4357/2/5 4310/2/5 4309/2/5
f 4358/2/5 4310/2/5 4357/2/5
f 4359/2/5 4312/2/5 4311/2/5
f 4360/2/5 4312/2/5 4359/2/5
f 4361/2/5 4314/2/5 4313/2/5
f 4362/2/5 4314/2/5 4361/2/5
f 4363/2/5 4316/2/5 4315/2/5
f 4364/2/5 4316/2/5 4363/2/5
f 4365/2/5 4318/2/5 4317/2/5
f 4366/2/5 4318/2/5 4365/2/5
f 4367/2/5 4320/2/5 4319/2/5
f 4368/2/5 4320/2/5 4367/2/5
f 4369/2/5 4322/2/5 4321/2/5
f 4370/2/5 4322/2/5 4369/2/5
f 4371/2/5 4324/2/5 4323/2/5
f 4372/2/5 4324/2/5 4371/2/5
f 4373/2/5 4326/2/5 4325/2/5
f 4374/2/5 4326/2/5 4373/2/5
f 4375/2/5 4328/2/5 4327/2/5
f 4376/2/5 4328/2/5 4375/2/5
f 4377/2/5 4330/2/5 4329/2/5
f 4378/2/5 4330/2/5 4377/2/5
f 4415/2/5 4382/2/5 4381/2/5
f 4416/2/5 4382/2/5 4415/2/5
f 4417/2/5 4384/2/5 4383/2/5
f 4418/2/5 4384/2/5 4417/2/5
f 4419/2/5 4386/2/5 4385/2/5
f 4420/2/5 4386/2/5 4419/2/5
f 4421/2/5 4388/2/5 4387/2/5
f 4422/2/5 4388/2/5 4421/2/5
f 4423/2/5 4394/2/5 4393/2/5
f 4424/2/5 4394/2/5 4423/2/5
f 4425/2/5 4396/2/5 4395/2/5
f 4426/2/5 4396/2/5 4425/2/5
f 4427/2/5 4398/2/5 4397/2/5
f 4428/2/5 4398/2/5 4427/2/5
f 4429/2/5 4400/2/5 4399/2/5
f 4430/2/5 4400/2/5 4429/2/5
f 4431/2/5 4406/2/5 4405/2/5
f 4432/2/5 4406/2/5 4431/2/5
f 4433/2/5 4408/2/5 4407/2/5
f 4434/2/5 4408/2/5 4433/2/5
f 4435/2/5 4410/2/5 4409/2/5
f 4436/2/5 4410/2/5 4435/2/5
f 4437/2/5 4412/2/5 4411/2/5
f 4438/2/5 4412/2/5 4437/2/5
f 4439/2/5 4380/2/5 4379/2/5
f 4440/2/5 4380/2/5 4439/2/5
f 4441/2/5 4390/2/5 4389/2/5
f 4442/2/5 4390/2/5 4441/2/5
f 4443/2/5 4392/2/5 4391/2/5
f 4444/2/5 4392/2/5 4443/2/5
f 4445/2/5 4402/2/5 4401/2/5
f 4446/2/5 4402/2/5 4445/2/5
f 4447/2/5 4404/2/5 4403/2/5
f 4448/2/5 4404/2/5 4447/2/5
f 4449/2/5 4414/2/5 4413/2/5
f 4450/2/5 4414/2/5 4449/2/5
f 4463/2/5 4452/2/5 4451/2/5
f 4464/2/5 4452/2/5 4463/2/5
f 4465/2/5 4454/2/5 4453/2/5
f 4466/2/5 4454/2/5 4465/2/5
f 4467/2/5 4456/2/5 4455/2/5
f 4468/2/5 4456/2/5 4467/2/5
f 4469/2/5 4458/2/5 4457/2/5
f 4470/2/5 4458/2/5 4469/2/5
f 4471/2/5 4460/2/5 4459/2/5
f 4472/2/5 4460/2/5 4471/2/5
f 4473/2/5 4462/2/5 4461/2/5
f 4474/2/5 4462/2/5 4473/2/5
f 4475/2/6 4476/2/6 4487/2/6
f 4487/2/6 4476/2/6 4488/2/6
f 4477/2/6 4478/2/6 4489/2/6
f 4489/2/6 4478/2/6 4490/2/6
f 4479/2/6 4480/2/6 4491/2/6
f 4491/2/6 4480/2/6 4492/2/6
f 4481/2/6 4482/2/6 4493/2/6
f 4493/2/6 4482/2/6 4494/2/6
f 4483/2/6 4484/2/6 4495/2/6
f 4495/2/6 4484/2/6 4496/2/6
f 4485/2/6 4486/2/6 4497/2/6
f 4497/2/6 4486/2/6 4498/2/6
f 4499/2/6 4500/2/6 4505/2/6
f 4505/2/6 4500/2/6 4506/2/6
f 4501/2/6 4502/2/6 4507/2/6
f 4507/2/6 4502/2/6 4508/2/6
f 4503/2/6 4504/2/6 4509/2/6
f 4509/2/6 4504/2/6 4510/2/6
f 4511/2/6 4512/2/6 4523/2/6
f 4523/2/6 4512/2/6 4524/2/6
f 4513/2/6 4514/2/6 4525/2/6
f 4525/2/6 4514/2/6 4526/2/6
f 4515/2/6 4516/2/6 4527/2/6
f 4527/2/6 4516/2/6 4528/2/6
f 4517/2/6 4518/2/6 4529/2/6
f 4529/2/6 4518/2/6 4530/2/6
f 4519/2/6 4520/2/6 4531/2/6
f 4531/2/6 4520/2/6 4532/2/6
f 4521/2/6 4522/2/6 4533/2/6
f 4533/2/6 4522/2/6 4534/2/6
f 4535/2/6 4536/2/6 4547/2/6
f 4547/2/6 4536/2/6 4548/2/6
f 4537/2/6 4538/2/6 4549/2/6
f 4549/2/6 4538/2/6 4550/2/6
f 4539/2/6 4540/2/6 4551/2/6
f 4551/2/6 4540/2/6 4552/2/6
f 4541/2/6 4542/2/6 4553/2/6
f 4553/2/6 4542/2/6 4554/2/6
f 4543/2/6 4544/2/6 4555/2/6
f 4555/2/6 4544/2/6 4556/2/6
f 4545/2/6 4546/2/6 4557/2/6
f 4557/2/6 4546/2/6 4558/2/6
f 4559/2/6 4560/2/6 4565/2/6
f 4565/2/6 4560/2/6 4566/2/6
f 4561/2/6 4562/2/6 4567/2/6
f 4567/2/6 4562/2/6 4568/2/6
f 4563/2/6 4564/2/6 4569/2/6
f 4569/2/6 4564/2/6 4570/2/6
f 4571/2/6 4572/2/6 4583/2/6
f 4583/2/6 4572/2/6 4584/2/6
f 4573/2/6 4574/2/6 4585/2/6
f 4585/2/6 4574/2/6 4586/2/6
f 4575/2/6 4576/2/6 4587/2/6
f 4587/2/6 4576/2/6 4588/2/6
f 4577/2/6 4578/2/6 4589/2/6
f 4589/2/6 4578/2/6 4590/2/6
f 4579/2/6 4580/2/6 4591/2/6
f 4591/2/6 4580/2/6 4592/2/6
f 4581/2/6 4582/2/6 4593/2/6
f 4593/2/6 4582/2/6 4594/2/6
f 4595/8/6 4596/8/6 4603/8/6
f 4603/8/6 4596/8/6 4604/8/6
f 4597/8/6 4598/8/6 4605/8/6
f 4605/8/6 4598/8/6 4606/8/6
f 4599/8/6 4600/8/6 4607/8/6
f 4607/8/6 4600/8/6 4608/8/6
f 4601/8/6 4602/8/6 4609/8/6
f 4609/8/6 4602/8/6 4610/8/6
f 4603/9/6 4604/9/6 4611/9/6
f 4605/9/6 4606/9/6 4611/9/6
f 4604/9/6 4605/9/6 4611/9/6
f 4611/9/6 4606/9/6 4612/9/6
f 4607/9/6 4608/9/6 4613/9/6
f 4609/9/6 4610/9/6 4613/9/6
f 4608/9/6 4609/9/6 4613/9/6
f 4613/9/6 4610/9/6 4614/9/6
f 4615/8/6 4616/8/6 4623/8/6
f 4623/8/6 4616/8/6 4624/8/6
f 4617/8/6 4618/8/6 4625/8/6
f 4625/8/6 4618/8/6 4626/8/6
f 4619/8/6 4620/8/6 4627/8/6
f 4627/8/6 4620/8/6 4628/8/6
f 4621/8/6 4622/8/6 4629/8/6
f 4629/8/6 4622/8/6 4630/8/6
f 4623/9/6 4624/9/6 4631/9/6
f 4631/9/6 4624/9/6 4632/9/6
f 4625/9/6 4626/9/6 4633/9/6
f 4633/9/6 4626/9/6 4634/9/6
f 4627/9/6 4628/9/6 4635/9/6
f 4635/9/6 4628/9/6 4636/9/6
f 4629/9/6 4630/9/6 4637/9/6
f 4637/9/6 4630/9/6 4638/9/6
f 4639/2/6 4640/2/6 4651/2/6
f 4651/2/6 4640/2/6 4652/2/6
f 4641/2/6 4642/2/6 4653/2/6
f 4653/2/6 4642/2/6 4654/2/6
f 4643/2/6 4644/2/6 4655/2/6
f 4655/2/6 4644/2/6 4656/2/6
f 4645/2/6 4646/2/6 4657/2/6
f 4657/2/6 4646/2/6 4658/2/6
f 4647/2/6 4648/2/6 4659/2/6
f 4659/2/6 4648/2/6 4660/2/6
f 4649/2/6 4650/2/6 4661/2/6
f 4661/2/6 4650/2/6 4662/2/6
f 4663/2/6 4664/2/6 4669/2/6
f 4669/2/6 4664/2/6 4670/2/6
f 4665/2/6 4666/2/6 4671/2/6
f 4671/2/6 4666/2/6 4672/2/6
f 4667/2/6 4668/2/6 4673/2/6
f 4673/2/6 4668/2/6 4674/2/6
f 4675/8/6 4676/8/6 4683/8/6
f 4683/8/6 4676/8/6 4684/8/6
f 4677/8/6 4678/8/6 4685/8/6
f 4685/8/6 4678/8/6 4686/8/6
f 4679/8/6 4680/8/6 4687/8/6
f 4687/8/6 4680/8/6 4688/8/6
f 4681/8/6 4682/8/6 4689/8/6
f 4689/8/6 4682/8/6 4690/8/6
f 4691/2/6 4692/2/6 4703/2/6
f 4703/2/6 4692/2/6 4704/2/6
f 4693/2/6 4694/2/6 4705/2/6
f 4705/2/6 4694/2/6 4706/2/6
f 4695/2/6 4696/2/6 4707/2/6
f 4707/2/6 4696/2/6 4708/2/6
f 4697/2/6 4698/2/6 4709/2/6
f 4709/2/6 4698/2/6 4710/2/6
f 4699/2/6 4700/2/6 4711/2/6
f 4711/2/6 4700/2/6 4712/2/6
f 4701/2/6 4702/2/6 4713/2/6
f 4713/2/6 4702/2/6 4714/2/6
f 4715/8/6 4716/8/6 4723/8/6
f 4723/8/6 4716/8/6 4724/8/6
f 4717/8/6 4718/8/6 4725/8/6
f 4725/8/6 4718/8/6 4726/8/6
f 4719/8/6 4720/8/6 4727/8/6
f 4727/8/6 4720/8/6 4728/8/6
f 4721/8/6 4722/8/6 4729/8/6
f 4729/8/6 4722/8/6 4730/8/6
f 4731/2/6 4732/2/6 4743/2/6
f 4743/2/6 4732/2/6 4744/2/6
f 4733/2/6 4734/2/6 4745/2/6
f 4745/2/6 4734/2/6 4746/2/6
f 4735/2/6 4736/2/6 4747/2/6
f 4747/2/6 4736/2/6 4748/2/6
f 4737/2/6 4738/2/6 4749/2/6
f 4749/2/6 4738/2/6 4750/2/6
f 4739/2/6 4740/2/6 4751/2/6
f 4751/2/6 4740/2/6 4752/2/6
f 4741/2/6 4742/2/6 4753/2/6
f 4753/2/6 4742/2/6 4754/2/6
f 4755/2/6 4756/2/6 4761/2/6
f 4761/2/6 4756/2/6 4762/2/6
f 4757/2/6 4758/2/6 4763/2/6
f 4763/2/6 4758/2/6 4764/2/6
f 4759/2/6 4760/2/6 4765/2/6
f 4765/2/6 4760/2/6 4766/2/6
f 4767/2/6 4768/2/6 4779/2/6
f 4779/2/6 4768/2/6 4780/2/6
f 4769/2/6 4770/2/6 4781/2/6
f 4781/2/6 4770/2/6 4782/2/6
f 4771/2/6 4772/2/6 4783/2/6
f 4783/2/6 4772/2/6 4784/2/6
f 4773/2/6 4774/2/6 4785/2/6
f 4785/2/6 4774/2/6 4786/2/6
f 4775/2/6 4776/2/6 4787/2/6
f 4787/2/6 4776/2/6 4788/2/6
f 4777/2/6 4778/2/6 4789/2/6
f 4789/2/6 4778/2/6 4790/2/6
f 4791/8/6 4792/8/6 4799/8/6
f 4799/8/6 4792/8/6 4800/8/6
f 4793/8/6 4794/8/6 4801/8/6
f 4801/8/6 4794/8/6 4802/8/6
f 4795/8/6 4796/8/6 4803/8/6
f 4803/8/6 4796/8/6 4804/8/6
f 4797/8/6 4798/8/6 4805/8/6
f 4805/8/6 4798/8/6 4806/8/6
f 4807/2/6 4808/2/6 4819/2/6
f 4819/2/6 4808/2/6 4820/2/6
f 4809/2/6 4810/2/6 4821/2/6
f 4821/2/6 4810/2/6 4822/2/6
f 4811/2/6 4812/2/6 4823/2/6
f 4823/2/6 4812/2/6 4824/2/6
f 4813/2/6 4814/2/6 4825/2/6
f 4825/2/6 4814/2/6 4826/2/6
f 4815/2/6 4816/2/6 4827/2/6
f 4827/2/6 4816/2/6 4828/2/6
f 4817/2/6 4818/2/6 4829/2/6
f 4829/2/6 4818/2/6 4830/2/6
f 4831/7/6 4832/7/6 4839/7/6
f 4839/7/6 4832/7/6 4840/7/6
f 4833/7/6 4834/7/6 4841/7/6
f 4841/7/6 4834/7/6 4842/7/6
f 4835/7/6 4836/7/6 4843/7/6
f 4843/7/6 4836/7/6 4844/7/6
f 4837/7/6 4838/7/6 4845/7/6
f 4845/7/6 4838/7/6 4846/7/6
f 4847/2/6 4848/2/6 4853/2/6
f 4853/2/6 4848/2/6 4854/2/6
f 4849/2/6 4850/2/6 4855/2/6
f 4855/2/6 4850/2/6 4856/2/6
f 4851/2/6 4852/2/6 4857/2/6
f 4857/2/6 4852/2/6 4858/2/6
f 4859/7/6 4860/7/6 4867/7/6
f 4867/7/6 4860/7/6 4868/7/6
f 4861/7/6 4862/7/6 4869/7/6
f 4869/7/6 4862/7/6 4870/7/6
f 4863/7/6 4864/7/6 4871/7/6
f 4871/7/6 4864/7/6 4872/7/6
f 4865/7/6 4866/7/6 4873/7/6
f 4873/7/6 4866/7/6 4874/7/6
f 4875/7/6 4876/7/6 4883/7/6
f 4883/7/6 4876/7/6 4884/7/6
f 4877/7/6 4878/7/6 4885/7/6
f 4885/7/6 4878/7/6 4886/7/6
f 4879/7/6 4880/7/6 4887/7/6
f 4887/7/6 4880/7/6 4888/7/6
f 4881/7/6 4882/7/6 4889/7/6
f 4889/7/6 4882/7/6 4890/7/6
f 4891/2/6 4892/2/6 4903/2/6
f 4903/2/6 4892/2/6 4904/2/6
f 4893/2/6 4894/2/6 4905/2/6
f 4905/2/6 4894/2/6 4906/2/6
f 4895/2/6 4896/2/6 4907/2/6
f 4907/2/6 4896/2/6 4908/2/6
f 4897/2/6 4898/2/6 4909/2/6
f 4909/2/6 4898/2/6 4910/2/6
f 4899/2/6 4900/2/6 4911/2/6
f 4911/2/6 4900/2/6 4912/2/6
f 4901/2/6 4902/2/6 4913/2/6
f 4913/2/6 4902/2/6 4914/2/6
f 4915/7/6 4916/7/6 4923/7/6
f 4923/7/6 4916/7/6 4924/7/6
f 4917/7/6 4918/7/6 4925/7/6
f 4925/7/6 4918/7/6 4926/7/6
f 4919/7/6 4920/7/6 4927/7/6
f 4927/7/6 4920/7/6 4928/7/6
f 4921/7/6 4922/7/6 4929/7/6
f 4929/7/6 4922/7/6 4930/7/6
f 4931/7/6 4932/7/6 4939/7/6
f 4939/7/6 4932/7/6 4940/7/6
f 4933/7/6 4934/7/6 4941/7/6
f 4941/7/6 4934/7/6 4942/7/6
f 4935/7/6 4936/7/6 4943/7/6
f 4943/7/6 4936/7/6 4944/7/6
f 4937/7/6 4938/7/6 4945/7/6
f 4945/7/6 4938/7/6 4946/7/6
f 4947/2/6 4948/2/6 4959/2/6
f 4959/2/6 4948/2/6 4960/2/6
f 4949/2/6 4950/2/6 4961/2/6
f 4961/2/6 4950/2/6 4962/2/6
f 4951/2/6 4952/2/6 4963/2/6
f 4963/2/6 4952/2/6 4964/2/6
f 4953/2/6 4954/2/6 4965/2/6
f 4965/2/6 4954/2/6 4966/2/6
f 4955/2/6 4956/2/6 4967/2/6
f 4967/2/6 4956/2/6 4968/2/6
f 4957/2/6 4958/2/6 4969/2/6
f 4969/2/6 4958/2/6 4970/2/6
f 4971/7/6 4972/7/6 4979/7/6
f 4979/7/6 4972/7/6 4980/7/6
f 4973/7/6 4974/7/6 4981/7/6
f 4981/7/6 4974/7/6 4982/7/6
f 4975/7/6 4976/7/6 4983/7/6
f 4983/7/6 4976/7/6 4984/7/6
f 4977/7/6 4978/7/6 4985/7/6
f 4985/7/6 4978/7/6 4986/7/6
f 4987/2/6 4988/2/6 4993/2/6
f 4993/2/6 4988/2/6 4994/2/6
f 4989/2/6 4990/2/6 4995/2/6
f 4995/2/6 4990/2/6 4996/2/6
f 4991/2/6 4992/2/6 4997/2/6
f 4997/2/6 4992/2/6 4998/2/6
f 4999/7/6 5000/7/6 5003/7/6
f 5003/7/6 5000/7/6 5004/7/6
f 5001/7/6 5002/7/6 5005/7/6
f 5005/7/6 5002/7/6 5006/7/6
f 5007/2/6 5008/2/6 5019/2/6
f 5019/2/6 5008/2/6 5020/2/6
f 5009/2/6 5010/2/6 5021/2/6
f 5021/2/6 5010/2/6 5022/2/6
f 5011/2/6 5012/2/6 5023/2/6
f 5023/2/6 5012/2/6 5024/2/6
f 5013/2/6 5014/2/6 5025/2/6
f 5025/2/6 5014/2/6 5026/2/6
f 5015/2/6 5016/2/6 5027/2/6
f 5027/2/6 5016/2/6 5028/2/6
f 5017/2/6 5018/2/6 5029/2/6
f 5029/2/6 5018/2/6 5030/2/6
f 5031/4/6 5032/4/6 5055/4/6
f 5055/4/6 5032/4/6 5056/4/6
f 5033/4/6 5034/4/6 5057/4/6
f 5057/4/6 5034/4/6 5058/4/6
f 5035/4/6 5036/4/6 5059/4/6
f 5059/4/6 5036/4/6 5060/4/6
f 5037/4/6 5038/4/6 5061/4/6
f 5061/4/6 5038/4/6 5062/4/6
f 5039/4/6 5040/4/6 5063/4/6
f 5063/4/6 5040/4/6 5064/4/6
f 5041/4/6 5042/4/6 5065/4/6
f 5065/4/6 5042/4/6 5066/4/6
f 5043/4/6 5044/4/6 5067/4/6
f 5067/4/6 5044/4/6 5068/4/6
f 5045/4/6 5046/4/6 5069/4/6
f 5069/4/6 5046/4/6 5070/4/6
f 5047/4/6 5048/4/6 5071/4/6
f 5071/4/6 5048/4/6 5072/4/6
f 5049/4/6 5050/4/6 5073/4/6
f 5073/4/6 5050/4/6 5074/4/6
f 5051/4/6 5052/4/6 5075/4/6
f 5075/4/6 5052/4/6 5076/4/6
f 5053/4/6 5054/4/6 5077/4/6
f 5077/4/6 5054/4/6 5078/4/6
f 5079/2/6 5080/2/6 5127/2/6
f 5127/2/6 5080/2/6 5128/2/6
f 5081/2/6 5082/2/6 5129/2/6
f 5129/2/6 5082/2/6 5130/2/6
f 5083/2/6 5084/2/6 5131/2/6
f 5131/2/6 5084/2/6 5132/2/6
f 5085/2/6 5086/2/6 5133/2/6
f 5133/2/6 5086/2/6 5134/2/6
f 5087/2/6 5088/2/6 5135/2/6
f 5135/2/6 5088/2/6 5136/2/6
f 5089/2/6 5090/2/6 5137/2/6
f 5137/2/6 5090/2/6 5138/2/6
f 5091/2/6 5092/2/6 5139/2/6
f 5139/2/6 5092/2/6 5140/2/6
f 5093/2/6 5094/2/6 5141/2/6
f 5141/2/6 5094/2/6 5142/2/6
f 5095/2/6 5096/2/6 5143/2/6
f 5143/2/6 5096/2/6 5144/2/6
f 5097/2/6 5098/2/6 5145/2/6
f 5145/2/6 5098/2/6 5146/2/6
f 5099/2/6 5100/2/6 5147/2/6
f 5147/2/6 5100/2/6 5148/2/6
f 5101/2/6 5102/2/6 5149/2/6
f 5149/2/6 5102/2/6 5150/2/6
f 5103/2/6 5104/2/6 5151/2/6
f 5151/2/6 5104/2/6 5152/2/6
f 5105/2/6 5106/2/6 5153/2/6
f 5153/2/6 5106/2/6 5154/2/6
f 5107/2/6 5108/2/6 5155/2/6
f 5155/2/6 5108/2/6 5156/2/6
f 5109/2/6 5110/2/6 5157/2/6
f 5157/2/6 5110/2/6 5158/2/6
f 5111/2/6 5112/2/6 5159/2/6
f 5159/2/6 5112/2/6 5160/2/6
f 5113/2/6 5114/2/6 5161/2/6
f 5161/2/6 5114/2/6 5162/2/6
f 5115/2/6 5116/2/6 5163/2/6
f 5163/2/6 5116/2/6 5164/2/6
f 5117/2/6 5118/2/6 5165/2/6
f 5165/2/6 5118/2/6 5166/2/6
f 5119/2/6 5120/2/6 5167/2/6
f 5167/2/6 5120/2/6 5168/2/6
f 5121/2/6 5122/2/6 5169/2/6
f 5169/2/6 5122/2/6 5170/2/6
f 5123/2/6 5124/2/6 5171/2/6
f 5171/2/6 5124/2/6 5172/2/6
f 5125/2/6 5126/2/6 5173/2/6
f 5173/2/6 5126/2/6 5174/2/6
f 5175/2/6 5176/2/6 5181/2/6
f 5181/2/6 5176/2/6 5182/2/6
f 5177/2/6 5178/2/6 5183/2/6
f 5183/2/6 5178/2/6 5184/2/6
f 5179/2/6 5180/2/6 5185/2/6
f 5185/2/6 5180/2/6 5186/2/6
f 5187/3/6 5188/3/6 5193/3/6
f 5193/3/6 5188/3/6 5194/3/6
f 5189/3/6 5190/3/6 5195/3/6
f 5195/3/6 5190/3/6 5196/3/6
f 5191/3/6 5192/3/6 5197/3/6
f 5197/3/6 5192/3/6 5198/3/6
f 5193/2/6 5194/2/6 5199/2/6
f 5199/2/6 5194/2/6 5200/2/6
f 5195/2/6 5196/2/6 5201/2/6
f 5201/2/6 5196/2/6 5202/2/6
f 5197/2/6 5198/2/6 5203/2/6
f 5203/2/6 5198/2/6 5204/2/6
f 5205/1/6 5206/1/6 5207/1/6
f 5207/1/6 5206/1/6 5208/1/6
